# Generated by 3D QR Platform
mtllib qr_plate.mtl

usemtl white
v 35.000000 2.000000 -85.602341
v 35.000000 0.000000 -85.602341
v 35.000000 2.000000 14.397660
v 35.000000 0.000000 14.397659
v -35.000000 0.000000 -85.602341
v -35.000000 2.000000 -85.602341
v -35.000000 0.000000 14.397659
v -35.000000 2.000000 14.397660
v -35.000000 0.000000 -85.602341
v 35.000000 0.000000 -85.602341
v -35.000000 2.000000 -85.602341
v 35.000000 2.000000 -85.602341
v -35.000000 2.000000 14.397660
v 35.000000 2.000000 14.397660
v -35.000000 0.000000 14.397659
v 35.000000 0.000000 14.397659
v -35.000000 2.000000 -85.602341
v 35.000000 2.000000 -85.602341
v -35.000000 2.000000 14.397660
v 35.000000 2.000000 14.397660
v 35.000000 0.000000 -85.602341
v -35.000000 0.000000 -85.602341
v 35.000000 0.000000 14.397659
v -35.000000 0.000000 14.397659
f 1 3 2
f 3 4 2
f 5 7 6
f 7 8 6
f 9 11 10
f 11 12 10
f 13 15 14
f 15 16 14
f 17 19 18
f 19 20 18
f 21 23 22
f 23 24 22

usemtl black
v -23.000000 4.000000 -75.602341
v -23.000000 2.000000 -75.602341
v -23.000000 4.000000 -73.602341
v -23.000000 2.000000 -73.602341
v -25.000000 2.000000 -75.602341
v -25.000000 4.000000 -75.602341
v -25.000000 2.000000 -73.602341
v -25.000000 4.000000 -73.602341
v -25.000000 2.000000 -75.602341
v -23.000000 2.000000 -75.602341
v -25.000000 4.000000 -75.602341
v -23.000000 4.000000 -75.602341
v -25.000000 4.000000 -73.602341
v -23.000000 4.000000 -73.602341
v -25.000000 2.000000 -73.602341
v -23.000000 2.000000 -73.602341
v -25.000000 4.000000 -75.602341
v -23.000000 4.000000 -75.602341
v -25.000000 4.000000 -73.602341
v -23.000000 4.000000 -73.602341
v -23.000000 2.000000 -75.602341
v -25.000000 2.000000 -75.602341
v -23.000000 2.000000 -73.602341
v -25.000000 2.000000 -73.602341
v -21.000000 4.000000 -75.602341
v -21.000000 2.000000 -75.602341
v -21.000000 4.000000 -73.602341
v -21.000000 2.000000 -73.602341
v -23.000000 2.000000 -75.602341
v -23.000000 4.000000 -75.602341
v -23.000000 2.000000 -73.602341
v -23.000000 4.000000 -73.602341
v -23.000000 2.000000 -75.602341
v -21.000000 2.000000 -75.602341
v -23.000000 4.000000 -75.602341
v -21.000000 4.000000 -75.602341
v -23.000000 4.000000 -73.602341
v -21.000000 4.000000 -73.602341
v -23.000000 2.000000 -73.602341
v -21.000000 2.000000 -73.602341
v -23.000000 4.000000 -75.602341
v -21.000000 4.000000 -75.602341
v -23.000000 4.000000 -73.602341
v -21.000000 4.000000 -73.602341
v -21.000000 2.000000 -75.602341
v -23.000000 2.000000 -75.602341
v -21.000000 2.000000 -73.602341
v -23.000000 2.000000 -73.602341
v -19.000000 4.000000 -75.602341
v -19.000000 2.000000 -75.602341
v -19.000000 4.000000 -73.602341
v -19.000000 2.000000 -73.602341
v -21.000000 2.000000 -75.602341
v -21.000000 4.000000 -75.602341
v -21.000000 2.000000 -73.602341
v -21.000000 4.000000 -73.602341
v -21.000000 2.000000 -75.602341
v -19.000000 2.000000 -75.602341
v -21.000000 4.000000 -75.602341
v -19.000000 4.000000 -75.602341
v -21.000000 4.000000 -73.602341
v -19.000000 4.000000 -73.602341
v -21.000000 2.000000 -73.602341
v -19.000000 2.000000 -73.602341
v -21.000000 4.000000 -75.602341
v -19.000000 4.000000 -75.602341
v -21.000000 4.000000 -73.602341
v -19.000000 4.000000 -73.602341
v -19.000000 2.000000 -75.602341
v -21.000000 2.000000 -75.602341
v -19.000000 2.000000 -73.602341
v -21.000000 2.000000 -73.602341
v -17.000000 4.000000 -75.602341
v -17.000000 2.000000 -75.602341
v -17.000000 4.000000 -73.602341
v -17.000000 2.000000 -73.602341
v -19.000000 2.000000 -75.602341
v -19.000000 4.000000 -75.602341
v -19.000000 2.000000 -73.602341
v -19.000000 4.000000 -73.602341
v -19.000000 2.000000 -75.602341
v -17.000000 2.000000 -75.602341
v -19.000000 4.000000 -75.602341
v -17.000000 4.000000 -75.602341
v -19.000000 4.000000 -73.602341
v -17.000000 4.000000 -73.602341
v -19.000000 2.000000 -73.602341
v -17.000000 2.000000 -73.602341
v -19.000000 4.000000 -75.602341
v -17.000000 4.000000 -75.602341
v -19.000000 4.000000 -73.602341
v -17.000000 4.000000 -73.602341
v -17.000000 2.000000 -75.602341
v -19.000000 2.000000 -75.602341
v -17.000000 2.000000 -73.602341
v -19.000000 2.000000 -73.602341
v -15.000000 4.000000 -75.602341
v -15.000000 2.000000 -75.602341
v -15.000000 4.000000 -73.602341
v -15.000000 2.000000 -73.602341
v -17.000000 2.000000 -75.602341
v -17.000000 4.000000 -75.602341
v -17.000000 2.000000 -73.602341
v -17.000000 4.000000 -73.602341
v -17.000000 2.000000 -75.602341
v -15.000000 2.000000 -75.602341
v -17.000000 4.000000 -75.602341
v -15.000000 4.000000 -75.602341
v -17.000000 4.000000 -73.602341
v -15.000000 4.000000 -73.602341
v -17.000000 2.000000 -73.602341
v -15.000000 2.000000 -73.602341
v -17.000000 4.000000 -75.602341
v -15.000000 4.000000 -75.602341
v -17.000000 4.000000 -73.602341
v -15.000000 4.000000 -73.602341
v -15.000000 2.000000 -75.602341
v -17.000000 2.000000 -75.602341
v -15.000000 2.000000 -73.602341
v -17.000000 2.000000 -73.602341
v -13.000000 4.000000 -75.602341
v -13.000000 2.000000 -75.602341
v -13.000000 4.000000 -73.602341
v -13.000000 2.000000 -73.602341
v -15.000000 2.000000 -75.602341
v -15.000000 4.000000 -75.602341
v -15.000000 2.000000 -73.602341
v -15.000000 4.000000 -73.602341
v -15.000000 2.000000 -75.602341
v -13.000000 2.000000 -75.602341
v -15.000000 4.000000 -75.602341
v -13.000000 4.000000 -75.602341
v -15.000000 4.000000 -73.602341
v -13.000000 4.000000 -73.602341
v -15.000000 2.000000 -73.602341
v -13.000000 2.000000 -73.602341
v -15.000000 4.000000 -75.602341
v -13.000000 4.000000 -75.602341
v -15.000000 4.000000 -73.602341
v -13.000000 4.000000 -73.602341
v -13.000000 2.000000 -75.602341
v -15.000000 2.000000 -75.602341
v -13.000000 2.000000 -73.602341
v -15.000000 2.000000 -73.602341
v -11.000000 4.000000 -75.602341
v -11.000000 2.000000 -75.602341
v -11.000000 4.000000 -73.602341
v -11.000000 2.000000 -73.602341
v -13.000000 2.000000 -75.602341
v -13.000000 4.000000 -75.602341
v -13.000000 2.000000 -73.602341
v -13.000000 4.000000 -73.602341
v -13.000000 2.000000 -75.602341
v -11.000000 2.000000 -75.602341
v -13.000000 4.000000 -75.602341
v -11.000000 4.000000 -75.602341
v -13.000000 4.000000 -73.602341
v -11.000000 4.000000 -73.602341
v -13.000000 2.000000 -73.602341
v -11.000000 2.000000 -73.602341
v -13.000000 4.000000 -75.602341
v -11.000000 4.000000 -75.602341
v -13.000000 4.000000 -73.602341
v -11.000000 4.000000 -73.602341
v -11.000000 2.000000 -75.602341
v -13.000000 2.000000 -75.602341
v -11.000000 2.000000 -73.602341
v -13.000000 2.000000 -73.602341
v -7.000000 4.000000 -75.602341
v -7.000000 2.000000 -75.602341
v -7.000000 4.000000 -73.602341
v -7.000000 2.000000 -73.602341
v -9.000000 2.000000 -75.602341
v -9.000000 4.000000 -75.602341
v -9.000000 2.000000 -73.602341
v -9.000000 4.000000 -73.602341
v -9.000000 2.000000 -75.602341
v -7.000000 2.000000 -75.602341
v -9.000000 4.000000 -75.602341
v -7.000000 4.000000 -75.602341
v -9.000000 4.000000 -73.602341
v -7.000000 4.000000 -73.602341
v -9.000000 2.000000 -73.602341
v -7.000000 2.000000 -73.602341
v -9.000000 4.000000 -75.602341
v -7.000000 4.000000 -75.602341
v -9.000000 4.000000 -73.602341
v -7.000000 4.000000 -73.602341
v -7.000000 2.000000 -75.602341
v -9.000000 2.000000 -75.602341
v -7.000000 2.000000 -73.602341
v -9.000000 2.000000 -73.602341
v -3.000000 4.000000 -75.602341
v -3.000000 2.000000 -75.602341
v -3.000000 4.000000 -73.602341
v -3.000000 2.000000 -73.602341
v -5.000000 2.000000 -75.602341
v -5.000000 4.000000 -75.602341
v -5.000000 2.000000 -73.602341
v -5.000000 4.000000 -73.602341
v -5.000000 2.000000 -75.602341
v -3.000000 2.000000 -75.602341
v -5.000000 4.000000 -75.602341
v -3.000000 4.000000 -75.602341
v -5.000000 4.000000 -73.602341
v -3.000000 4.000000 -73.602341
v -5.000000 2.000000 -73.602341
v -3.000000 2.000000 -73.602341
v -5.000000 4.000000 -75.602341
v -3.000000 4.000000 -75.602341
v -5.000000 4.000000 -73.602341
v -3.000000 4.000000 -73.602341
v -3.000000 2.000000 -75.602341
v -5.000000 2.000000 -75.602341
v -3.000000 2.000000 -73.602341
v -5.000000 2.000000 -73.602341
v -1.000000 4.000000 -75.602341
v -1.000000 2.000000 -75.602341
v -1.000000 4.000000 -73.602341
v -1.000000 2.000000 -73.602341
v -3.000000 2.000000 -75.602341
v -3.000000 4.000000 -75.602341
v -3.000000 2.000000 -73.602341
v -3.000000 4.000000 -73.602341
v -3.000000 2.000000 -75.602341
v -1.000000 2.000000 -75.602341
v -3.000000 4.000000 -75.602341
v -1.000000 4.000000 -75.602341
v -3.000000 4.000000 -73.602341
v -1.000000 4.000000 -73.602341
v -3.000000 2.000000 -73.602341
v -1.000000 2.000000 -73.602341
v -3.000000 4.000000 -75.602341
v -1.000000 4.000000 -75.602341
v -3.000000 4.000000 -73.602341
v -1.000000 4.000000 -73.602341
v -1.000000 2.000000 -75.602341
v -3.000000 2.000000 -75.602341
v -1.000000 2.000000 -73.602341
v -3.000000 2.000000 -73.602341
v 3.000000 4.000000 -75.602341
v 3.000000 2.000000 -75.602341
v 3.000000 4.000000 -73.602341
v 3.000000 2.000000 -73.602341
v 1.000000 2.000000 -75.602341
v 1.000000 4.000000 -75.602341
v 1.000000 2.000000 -73.602341
v 1.000000 4.000000 -73.602341
v 1.000000 2.000000 -75.602341
v 3.000000 2.000000 -75.602341
v 1.000000 4.000000 -75.602341
v 3.000000 4.000000 -75.602341
v 1.000000 4.000000 -73.602341
v 3.000000 4.000000 -73.602341
v 1.000000 2.000000 -73.602341
v 3.000000 2.000000 -73.602341
v 1.000000 4.000000 -75.602341
v 3.000000 4.000000 -75.602341
v 1.000000 4.000000 -73.602341
v 3.000000 4.000000 -73.602341
v 3.000000 2.000000 -75.602341
v 1.000000 2.000000 -75.602341
v 3.000000 2.000000 -73.602341
v 1.000000 2.000000 -73.602341
v 5.000000 4.000000 -75.602341
v 5.000000 2.000000 -75.602341
v 5.000000 4.000000 -73.602341
v 5.000000 2.000000 -73.602341
v 3.000000 2.000000 -75.602341
v 3.000000 4.000000 -75.602341
v 3.000000 2.000000 -73.602341
v 3.000000 4.000000 -73.602341
v 3.000000 2.000000 -75.602341
v 5.000000 2.000000 -75.602341
v 3.000000 4.000000 -75.602341
v 5.000000 4.000000 -75.602341
v 3.000000 4.000000 -73.602341
v 5.000000 4.000000 -73.602341
v 3.000000 2.000000 -73.602341
v 5.000000 2.000000 -73.602341
v 3.000000 4.000000 -75.602341
v 5.000000 4.000000 -75.602341
v 3.000000 4.000000 -73.602341
v 5.000000 4.000000 -73.602341
v 5.000000 2.000000 -75.602341
v 3.000000 2.000000 -75.602341
v 5.000000 2.000000 -73.602341
v 3.000000 2.000000 -73.602341
v 7.000000 4.000000 -75.602341
v 7.000000 2.000000 -75.602341
v 7.000000 4.000000 -73.602341
v 7.000000 2.000000 -73.602341
v 5.000000 2.000000 -75.602341
v 5.000000 4.000000 -75.602341
v 5.000000 2.000000 -73.602341
v 5.000000 4.000000 -73.602341
v 5.000000 2.000000 -75.602341
v 7.000000 2.000000 -75.602341
v 5.000000 4.000000 -75.602341
v 7.000000 4.000000 -75.602341
v 5.000000 4.000000 -73.602341
v 7.000000 4.000000 -73.602341
v 5.000000 2.000000 -73.602341
v 7.000000 2.000000 -73.602341
v 5.000000 4.000000 -75.602341
v 7.000000 4.000000 -75.602341
v 5.000000 4.000000 -73.602341
v 7.000000 4.000000 -73.602341
v 7.000000 2.000000 -75.602341
v 5.000000 2.000000 -75.602341
v 7.000000 2.000000 -73.602341
v 5.000000 2.000000 -73.602341
v 9.000000 4.000000 -75.602341
v 9.000000 2.000000 -75.602341
v 9.000000 4.000000 -73.602341
v 9.000000 2.000000 -73.602341
v 7.000000 2.000000 -75.602341
v 7.000000 4.000000 -75.602341
v 7.000000 2.000000 -73.602341
v 7.000000 4.000000 -73.602341
v 7.000000 2.000000 -75.602341
v 9.000000 2.000000 -75.602341
v 7.000000 4.000000 -75.602341
v 9.000000 4.000000 -75.602341
v 7.000000 4.000000 -73.602341
v 9.000000 4.000000 -73.602341
v 7.000000 2.000000 -73.602341
v 9.000000 2.000000 -73.602341
v 7.000000 4.000000 -75.602341
v 9.000000 4.000000 -75.602341
v 7.000000 4.000000 -73.602341
v 9.000000 4.000000 -73.602341
v 9.000000 2.000000 -75.602341
v 7.000000 2.000000 -75.602341
v 9.000000 2.000000 -73.602341
v 7.000000 2.000000 -73.602341
v 13.000000 4.000000 -75.602341
v 13.000000 2.000000 -75.602341
v 13.000000 4.000000 -73.602341
v 13.000000 2.000000 -73.602341
v 11.000000 2.000000 -75.602341
v 11.000000 4.000000 -75.602341
v 11.000000 2.000000 -73.602341
v 11.000000 4.000000 -73.602341
v 11.000000 2.000000 -75.602341
v 13.000000 2.000000 -75.602341
v 11.000000 4.000000 -75.602341
v 13.000000 4.000000 -75.602341
v 11.000000 4.000000 -73.602341
v 13.000000 4.000000 -73.602341
v 11.000000 2.000000 -73.602341
v 13.000000 2.000000 -73.602341
v 11.000000 4.000000 -75.602341
v 13.000000 4.000000 -75.602341
v 11.000000 4.000000 -73.602341
v 13.000000 4.000000 -73.602341
v 13.000000 2.000000 -75.602341
v 11.000000 2.000000 -75.602341
v 13.000000 2.000000 -73.602341
v 11.000000 2.000000 -73.602341
v 15.000000 4.000000 -75.602341
v 15.000000 2.000000 -75.602341
v 15.000000 4.000000 -73.602341
v 15.000000 2.000000 -73.602341
v 13.000000 2.000000 -75.602341
v 13.000000 4.000000 -75.602341
v 13.000000 2.000000 -73.602341
v 13.000000 4.000000 -73.602341
v 13.000000 2.000000 -75.602341
v 15.000000 2.000000 -75.602341
v 13.000000 4.000000 -75.602341
v 15.000000 4.000000 -75.602341
v 13.000000 4.000000 -73.602341
v 15.000000 4.000000 -73.602341
v 13.000000 2.000000 -73.602341
v 15.000000 2.000000 -73.602341
v 13.000000 4.000000 -75.602341
v 15.000000 4.000000 -75.602341
v 13.000000 4.000000 -73.602341
v 15.000000 4.000000 -73.602341
v 15.000000 2.000000 -75.602341
v 13.000000 2.000000 -75.602341
v 15.000000 2.000000 -73.602341
v 13.000000 2.000000 -73.602341
v 17.000000 4.000000 -75.602341
v 17.000000 2.000000 -75.602341
v 17.000000 4.000000 -73.602341
v 17.000000 2.000000 -73.602341
v 15.000000 2.000000 -75.602341
v 15.000000 4.000000 -75.602341
v 15.000000 2.000000 -73.602341
v 15.000000 4.000000 -73.602341
v 15.000000 2.000000 -75.602341
v 17.000000 2.000000 -75.602341
v 15.000000 4.000000 -75.602341
v 17.000000 4.000000 -75.602341
v 15.000000 4.000000 -73.602341
v 17.000000 4.000000 -73.602341
v 15.000000 2.000000 -73.602341
v 17.000000 2.000000 -73.602341
v 15.000000 4.000000 -75.602341
v 17.000000 4.000000 -75.602341
v 15.000000 4.000000 -73.602341
v 17.000000 4.000000 -73.602341
v 17.000000 2.000000 -75.602341
v 15.000000 2.000000 -75.602341
v 17.000000 2.000000 -73.602341
v 15.000000 2.000000 -73.602341
v 19.000000 4.000000 -75.602341
v 19.000000 2.000000 -75.602341
v 19.000000 4.000000 -73.602341
v 19.000000 2.000000 -73.602341
v 17.000000 2.000000 -75.602341
v 17.000000 4.000000 -75.602341
v 17.000000 2.000000 -73.602341
v 17.000000 4.000000 -73.602341
v 17.000000 2.000000 -75.602341
v 19.000000 2.000000 -75.602341
v 17.000000 4.000000 -75.602341
v 19.000000 4.000000 -75.602341
v 17.000000 4.000000 -73.602341
v 19.000000 4.000000 -73.602341
v 17.000000 2.000000 -73.602341
v 19.000000 2.000000 -73.602341
v 17.000000 4.000000 -75.602341
v 19.000000 4.000000 -75.602341
v 17.000000 4.000000 -73.602341
v 19.000000 4.000000 -73.602341
v 19.000000 2.000000 -75.602341
v 17.000000 2.000000 -75.602341
v 19.000000 2.000000 -73.602341
v 17.000000 2.000000 -73.602341
v 21.000000 4.000000 -75.602341
v 21.000000 2.000000 -75.602341
v 21.000000 4.000000 -73.602341
v 21.000000 2.000000 -73.602341
v 19.000000 2.000000 -75.602341
v 19.000000 4.000000 -75.602341
v 19.000000 2.000000 -73.602341
v 19.000000 4.000000 -73.602341
v 19.000000 2.000000 -75.602341
v 21.000000 2.000000 -75.602341
v 19.000000 4.000000 -75.602341
v 21.000000 4.000000 -75.602341
v 19.000000 4.000000 -73.602341
v 21.000000 4.000000 -73.602341
v 19.000000 2.000000 -73.602341
v 21.000000 2.000000 -73.602341
v 19.000000 4.000000 -75.602341
v 21.000000 4.000000 -75.602341
v 19.000000 4.000000 -73.602341
v 21.000000 4.000000 -73.602341
v 21.000000 2.000000 -75.602341
v 19.000000 2.000000 -75.602341
v 21.000000 2.000000 -73.602341
v 19.000000 2.000000 -73.602341
v 23.000000 4.000000 -75.602341
v 23.000000 2.000000 -75.602341
v 23.000000 4.000000 -73.602341
v 23.000000 2.000000 -73.602341
v 21.000000 2.000000 -75.602341
v 21.000000 4.000000 -75.602341
v 21.000000 2.000000 -73.602341
v 21.000000 4.000000 -73.602341
v 21.000000 2.000000 -75.602341
v 23.000000 2.000000 -75.602341
v 21.000000 4.000000 -75.602341
v 23.000000 4.000000 -75.602341
v 21.000000 4.000000 -73.602341
v 23.000000 4.000000 -73.602341
v 21.000000 2.000000 -73.602341
v 23.000000 2.000000 -73.602341
v 21.000000 4.000000 -75.602341
v 23.000000 4.000000 -75.602341
v 21.000000 4.000000 -73.602341
v 23.000000 4.000000 -73.602341
v 23.000000 2.000000 -75.602341
v 21.000000 2.000000 -75.602341
v 23.000000 2.000000 -73.602341
v 21.000000 2.000000 -73.602341
v 25.000000 4.000000 -75.602341
v 25.000000 2.000000 -75.602341
v 25.000000 4.000000 -73.602341
v 25.000000 2.000000 -73.602341
v 23.000000 2.000000 -75.602341
v 23.000000 4.000000 -75.602341
v 23.000000 2.000000 -73.602341
v 23.000000 4.000000 -73.602341
v 23.000000 2.000000 -75.602341
v 25.000000 2.000000 -75.602341
v 23.000000 4.000000 -75.602341
v 25.000000 4.000000 -75.602341
v 23.000000 4.000000 -73.602341
v 25.000000 4.000000 -73.602341
v 23.000000 2.000000 -73.602341
v 25.000000 2.000000 -73.602341
v 23.000000 4.000000 -75.602341
v 25.000000 4.000000 -75.602341
v 23.000000 4.000000 -73.602341
v 25.000000 4.000000 -73.602341
v 25.000000 2.000000 -75.602341
v 23.000000 2.000000 -75.602341
v 25.000000 2.000000 -73.602341
v 23.000000 2.000000 -73.602341
v -23.000000 4.000000 -73.602341
v -23.000000 2.000000 -73.602341
v -23.000000 4.000000 -71.602341
v -23.000000 2.000000 -71.602333
v -25.000000 2.000000 -73.602341
v -25.000000 4.000000 -73.602341
v -25.000000 2.000000 -71.602333
v -25.000000 4.000000 -71.602341
v -25.000000 2.000000 -73.602341
v -23.000000 2.000000 -73.602341
v -25.000000 4.000000 -73.602341
v -23.000000 4.000000 -73.602341
v -25.000000 4.000000 -71.602341
v -23.000000 4.000000 -71.602341
v -25.000000 2.000000 -71.602333
v -23.000000 2.000000 -71.602333
v -25.000000 4.000000 -73.602341
v -23.000000 4.000000 -73.602341
v -25.000000 4.000000 -71.602341
v -23.000000 4.000000 -71.602341
v -23.000000 2.000000 -73.602341
v -25.000000 2.000000 -73.602341
v -23.000000 2.000000 -71.602333
v -25.000000 2.000000 -71.602333
v -11.000000 4.000000 -73.602341
v -11.000000 2.000000 -73.602341
v -11.000000 4.000000 -71.602341
v -11.000000 2.000000 -71.602333
v -13.000000 2.000000 -73.602341
v -13.000000 4.000000 -73.602341
v -13.000000 2.000000 -71.602333
v -13.000000 4.000000 -71.602341
v -13.000000 2.000000 -73.602341
v -11.000000 2.000000 -73.602341
v -13.000000 4.000000 -73.602341
v -11.000000 4.000000 -73.602341
v -13.000000 4.000000 -71.602341
v -11.000000 4.000000 -71.602341
v -13.000000 2.000000 -71.602333
v -11.000000 2.000000 -71.602333
v -13.000000 4.000000 -73.602341
v -11.000000 4.000000 -73.602341
v -13.000000 4.000000 -71.602341
v -11.000000 4.000000 -71.602341
v -11.000000 2.000000 -73.602341
v -13.000000 2.000000 -73.602341
v -11.000000 2.000000 -71.602333
v -13.000000 2.000000 -71.602333
v -5.000000 4.000000 -73.602341
v -5.000000 2.000000 -73.602341
v -5.000000 4.000000 -71.602341
v -5.000000 2.000000 -71.602333
v -7.000000 2.000000 -73.602341
v -7.000000 4.000000 -73.602341
v -7.000000 2.000000 -71.602333
v -7.000000 4.000000 -71.602341
v -7.000000 2.000000 -73.602341
v -5.000000 2.000000 -73.602341
v -7.000000 4.000000 -73.602341
v -5.000000 4.000000 -73.602341
v -7.000000 4.000000 -71.602341
v -5.000000 4.000000 -71.602341
v -7.000000 2.000000 -71.602333
v -5.000000 2.000000 -71.602333
v -7.000000 4.000000 -73.602341
v -5.000000 4.000000 -73.602341
v -7.000000 4.000000 -71.602341
v -5.000000 4.000000 -71.602341
v -5.000000 2.000000 -73.602341
v -7.000000 2.000000 -73.602341
v -5.000000 2.000000 -71.602333
v -7.000000 2.000000 -71.602333
v -3.000000 4.000000 -73.602341
v -3.000000 2.000000 -73.602341
v -3.000000 4.000000 -71.602341
v -3.000000 2.000000 -71.602333
v -5.000000 2.000000 -73.602341
v -5.000000 4.000000 -73.602341
v -5.000000 2.000000 -71.602333
v -5.000000 4.000000 -71.602341
v -5.000000 2.000000 -73.602341
v -3.000000 2.000000 -73.602341
v -5.000000 4.000000 -73.602341
v -3.000000 4.000000 -73.602341
v -5.000000 4.000000 -71.602341
v -3.000000 4.000000 -71.602341
v -5.000000 2.000000 -71.602333
v -3.000000 2.000000 -71.602333
v -5.000000 4.000000 -73.602341
v -3.000000 4.000000 -73.602341
v -5.000000 4.000000 -71.602341
v -3.000000 4.000000 -71.602341
v -3.000000 2.000000 -73.602341
v -5.000000 2.000000 -73.602341
v -3.000000 2.000000 -71.602333
v -5.000000 2.000000 -71.602333
v -1.000000 4.000000 -73.602341
v -1.000000 2.000000 -73.602341
v -1.000000 4.000000 -71.602341
v -1.000000 2.000000 -71.602333
v -3.000000 2.000000 -73.602341
v -3.000000 4.000000 -73.602341
v -3.000000 2.000000 -71.602333
v -3.000000 4.000000 -71.602341
v -3.000000 2.000000 -73.602341
v -1.000000 2.000000 -73.602341
v -3.000000 4.000000 -73.602341
v -1.000000 4.000000 -73.602341
v -3.000000 4.000000 -71.602341
v -1.000000 4.000000 -71.602341
v -3.000000 2.000000 -71.602333
v -1.000000 2.000000 -71.602333
v -3.000000 4.000000 -73.602341
v -1.000000 4.000000 -73.602341
v -3.000000 4.000000 -71.602341
v -1.000000 4.000000 -71.602341
v -1.000000 2.000000 -73.602341
v -3.000000 2.000000 -73.602341
v -1.000000 2.000000 -71.602333
v -3.000000 2.000000 -71.602333
v 1.000000 4.000000 -73.602341
v 1.000000 2.000000 -73.602341
v 1.000000 4.000000 -71.602341
v 1.000000 2.000000 -71.602333
v -1.000000 2.000000 -73.602341
v -1.000000 4.000000 -73.602341
v -1.000000 2.000000 -71.602333
v -1.000000 4.000000 -71.602341
v -1.000000 2.000000 -73.602341
v 1.000000 2.000000 -73.602341
v -1.000000 4.000000 -73.602341
v 1.000000 4.000000 -73.602341
v -1.000000 4.000000 -71.602341
v 1.000000 4.000000 -71.602341
v -1.000000 2.000000 -71.602333
v 1.000000 2.000000 -71.602333
v -1.000000 4.000000 -73.602341
v 1.000000 4.000000 -73.602341
v -1.000000 4.000000 -71.602341
v 1.000000 4.000000 -71.602341
v 1.000000 2.000000 -73.602341
v -1.000000 2.000000 -73.602341
v 1.000000 2.000000 -71.602333
v -1.000000 2.000000 -71.602333
v 3.000000 4.000000 -73.602341
v 3.000000 2.000000 -73.602341
v 3.000000 4.000000 -71.602341
v 3.000000 2.000000 -71.602333
v 1.000000 2.000000 -73.602341
v 1.000000 4.000000 -73.602341
v 1.000000 2.000000 -71.602333
v 1.000000 4.000000 -71.602341
v 1.000000 2.000000 -73.602341
v 3.000000 2.000000 -73.602341
v 1.000000 4.000000 -73.602341
v 3.000000 4.000000 -73.602341
v 1.000000 4.000000 -71.602341
v 3.000000 4.000000 -71.602341
v 1.000000 2.000000 -71.602333
v 3.000000 2.000000 -71.602333
v 1.000000 4.000000 -73.602341
v 3.000000 4.000000 -73.602341
v 1.000000 4.000000 -71.602341
v 3.000000 4.000000 -71.602341
v 3.000000 2.000000 -73.602341
v 1.000000 2.000000 -73.602341
v 3.000000 2.000000 -71.602333
v 1.000000 2.000000 -71.602333
v 13.000000 4.000000 -73.602341
v 13.000000 2.000000 -73.602341
v 13.000000 4.000000 -71.602341
v 13.000000 2.000000 -71.602333
v 11.000000 2.000000 -73.602341
v 11.000000 4.000000 -73.602341
v 11.000000 2.000000 -71.602333
v 11.000000 4.000000 -71.602341
v 11.000000 2.000000 -73.602341
v 13.000000 2.000000 -73.602341
v 11.000000 4.000000 -73.602341
v 13.000000 4.000000 -73.602341
v 11.000000 4.000000 -71.602341
v 13.000000 4.000000 -71.602341
v 11.000000 2.000000 -71.602333
v 13.000000 2.000000 -71.602333
v 11.000000 4.000000 -73.602341
v 13.000000 4.000000 -73.602341
v 11.000000 4.000000 -71.602341
v 13.000000 4.000000 -71.602341
v 13.000000 2.000000 -73.602341
v 11.000000 2.000000 -73.602341
v 13.000000 2.000000 -71.602333
v 11.000000 2.000000 -71.602333
v 25.000000 4.000000 -73.602341
v 25.000000 2.000000 -73.602341
v 25.000000 4.000000 -71.602341
v 25.000000 2.000000 -71.602333
v 23.000000 2.000000 -73.602341
v 23.000000 4.000000 -73.602341
v 23.000000 2.000000 -71.602333
v 23.000000 4.000000 -71.602341
v 23.000000 2.000000 -73.602341
v 25.000000 2.000000 -73.602341
v 23.000000 4.000000 -73.602341
v 25.000000 4.000000 -73.602341
v 23.000000 4.000000 -71.602341
v 25.000000 4.000000 -71.602341
v 23.000000 2.000000 -71.602333
v 25.000000 2.000000 -71.602333
v 23.000000 4.000000 -73.602341
v 25.000000 4.000000 -73.602341
v 23.000000 4.000000 -71.602341
v 25.000000 4.000000 -71.602341
v 25.000000 2.000000 -73.602341
v 23.000000 2.000000 -73.602341
v 25.000000 2.000000 -71.602333
v 23.000000 2.000000 -71.602333
v -23.000000 4.000000 -71.602341
v -23.000000 2.000000 -71.602333
v -23.000000 4.000000 -69.602341
v -23.000000 2.000000 -69.602341
v -25.000000 2.000000 -71.602333
v -25.000000 4.000000 -71.602341
v -25.000000 2.000000 -69.602341
v -25.000000 4.000000 -69.602341
v -25.000000 2.000000 -71.602333
v -23.000000 2.000000 -71.602333
v -25.000000 4.000000 -71.602341
v -23.000000 4.000000 -71.602341
v -25.000000 4.000000 -69.602341
v -23.000000 4.000000 -69.602341
v -25.000000 2.000000 -69.602341
v -23.000000 2.000000 -69.602341
v -25.000000 4.000000 -71.602341
v -23.000000 4.000000 -71.602341
v -25.000000 4.000000 -69.602341
v -23.000000 4.000000 -69.602341
v -23.000000 2.000000 -71.602333
v -25.000000 2.000000 -71.602333
v -23.000000 2.000000 -69.602341
v -25.000000 2.000000 -69.602341
v -19.000000 4.000000 -71.602341
v -19.000000 2.000000 -71.602333
v -19.000000 4.000000 -69.602341
v -19.000000 2.000000 -69.602341
v -21.000000 2.000000 -71.602333
v -21.000000 4.000000 -71.602341
v -21.000000 2.000000 -69.602341
v -21.000000 4.000000 -69.602341
v -21.000000 2.000000 -71.602333
v -19.000000 2.000000 -71.602333
v -21.000000 4.000000 -71.602341
v -19.000000 4.000000 -71.602341
v -21.000000 4.000000 -69.602341
v -19.000000 4.000000 -69.602341
v -21.000000 2.000000 -69.602341
v -19.000000 2.000000 -69.602341
v -21.000000 4.000000 -71.602341
v -19.000000 4.000000 -71.602341
v -21.000000 4.000000 -69.602341
v -19.000000 4.000000 -69.602341
v -19.000000 2.000000 -71.602333
v -21.000000 2.000000 -71.602333
v -19.000000 2.000000 -69.602341
v -21.000000 2.000000 -69.602341
v -17.000000 4.000000 -71.602341
v -17.000000 2.000000 -71.602333
v -17.000000 4.000000 -69.602341
v -17.000000 2.000000 -69.602341
v -19.000000 2.000000 -71.602333
v -19.000000 4.000000 -71.602341
v -19.000000 2.000000 -69.602341
v -19.000000 4.000000 -69.602341
v -19.000000 2.000000 -71.602333
v -17.000000 2.000000 -71.602333
v -19.000000 4.000000 -71.602341
v -17.000000 4.000000 -71.602341
v -19.000000 4.000000 -69.602341
v -17.000000 4.000000 -69.602341
v -19.000000 2.000000 -69.602341
v -17.000000 2.000000 -69.602341
v -19.000000 4.000000 -71.602341
v -17.000000 4.000000 -71.602341
v -19.000000 4.000000 -69.602341
v -17.000000 4.000000 -69.602341
v -17.000000 2.000000 -71.602333
v -19.000000 2.000000 -71.602333
v -17.000000 2.000000 -69.602341
v -19.000000 2.000000 -69.602341
v -15.000000 4.000000 -71.602341
v -15.000000 2.000000 -71.602333
v -15.000000 4.000000 -69.602341
v -15.000000 2.000000 -69.602341
v -17.000000 2.000000 -71.602333
v -17.000000 4.000000 -71.602341
v -17.000000 2.000000 -69.602341
v -17.000000 4.000000 -69.602341
v -17.000000 2.000000 -71.602333
v -15.000000 2.000000 -71.602333
v -17.000000 4.000000 -71.602341
v -15.000000 4.000000 -71.602341
v -17.000000 4.000000 -69.602341
v -15.000000 4.000000 -69.602341
v -17.000000 2.000000 -69.602341
v -15.000000 2.000000 -69.602341
v -17.000000 4.000000 -71.602341
v -15.000000 4.000000 -71.602341
v -17.000000 4.000000 -69.602341
v -15.000000 4.000000 -69.602341
v -15.000000 2.000000 -71.602333
v -17.000000 2.000000 -71.602333
v -15.000000 2.000000 -69.602341
v -17.000000 2.000000 -69.602341
v -11.000000 4.000000 -71.602341
v -11.000000 2.000000 -71.602333
v -11.000000 4.000000 -69.602341
v -11.000000 2.000000 -69.602341
v -13.000000 2.000000 -71.602333
v -13.000000 4.000000 -71.602341
v -13.000000 2.000000 -69.602341
v -13.000000 4.000000 -69.602341
v -13.000000 2.000000 -71.602333
v -11.000000 2.000000 -71.602333
v -13.000000 4.000000 -71.602341
v -11.000000 4.000000 -71.602341
v -13.000000 4.000000 -69.602341
v -11.000000 4.000000 -69.602341
v -13.000000 2.000000 -69.602341
v -11.000000 2.000000 -69.602341
v -13.000000 4.000000 -71.602341
v -11.000000 4.000000 -71.602341
v -13.000000 4.000000 -69.602341
v -11.000000 4.000000 -69.602341
v -11.000000 2.000000 -71.602333
v -13.000000 2.000000 -71.602333
v -11.000000 2.000000 -69.602341
v -13.000000 2.000000 -69.602341
v -7.000000 4.000000 -71.602341
v -7.000000 2.000000 -71.602333
v -7.000000 4.000000 -69.602341
v -7.000000 2.000000 -69.602341
v -9.000000 2.000000 -71.602333
v -9.000000 4.000000 -71.602341
v -9.000000 2.000000 -69.602341
v -9.000000 4.000000 -69.602341
v -9.000000 2.000000 -71.602333
v -7.000000 2.000000 -71.602333
v -9.000000 4.000000 -71.602341
v -7.000000 4.000000 -71.602341
v -9.000000 4.000000 -69.602341
v -7.000000 4.000000 -69.602341
v -9.000000 2.000000 -69.602341
v -7.000000 2.000000 -69.602341
v -9.000000 4.000000 -71.602341
v -7.000000 4.000000 -71.602341
v -9.000000 4.000000 -69.602341
v -7.000000 4.000000 -69.602341
v -7.000000 2.000000 -71.602333
v -9.000000 2.000000 -71.602333
v -7.000000 2.000000 -69.602341
v -9.000000 2.000000 -69.602341
v -3.000000 4.000000 -71.602341
v -3.000000 2.000000 -71.602333
v -3.000000 4.000000 -69.602341
v -3.000000 2.000000 -69.602341
v -5.000000 2.000000 -71.602333
v -5.000000 4.000000 -71.602341
v -5.000000 2.000000 -69.602341
v -5.000000 4.000000 -69.602341
v -5.000000 2.000000 -71.602333
v -3.000000 2.000000 -71.602333
v -5.000000 4.000000 -71.602341
v -3.000000 4.000000 -71.602341
v -5.000000 4.000000 -69.602341
v -3.000000 4.000000 -69.602341
v -5.000000 2.000000 -69.602341
v -3.000000 2.000000 -69.602341
v -5.000000 4.000000 -71.602341
v -3.000000 4.000000 -71.602341
v -5.000000 4.000000 -69.602341
v -3.000000 4.000000 -69.602341
v -3.000000 2.000000 -71.602333
v -5.000000 2.000000 -71.602333
v -3.000000 2.000000 -69.602341
v -5.000000 2.000000 -69.602341
v 1.000000 4.000000 -71.602341
v 1.000000 2.000000 -71.602333
v 1.000000 4.000000 -69.602341
v 1.000000 2.000000 -69.602341
v -1.000000 2.000000 -71.602333
v -1.000000 4.000000 -71.602341
v -1.000000 2.000000 -69.602341
v -1.000000 4.000000 -69.602341
v -1.000000 2.000000 -71.602333
v 1.000000 2.000000 -71.602333
v -1.000000 4.000000 -71.602341
v 1.000000 4.000000 -71.602341
v -1.000000 4.000000 -69.602341
v 1.000000 4.000000 -69.602341
v -1.000000 2.000000 -69.602341
v 1.000000 2.000000 -69.602341
v -1.000000 4.000000 -71.602341
v 1.000000 4.000000 -71.602341
v -1.000000 4.000000 -69.602341
v 1.000000 4.000000 -69.602341
v 1.000000 2.000000 -71.602333
v -1.000000 2.000000 -71.602333
v 1.000000 2.000000 -69.602341
v -1.000000 2.000000 -69.602341
v 3.000000 4.000000 -71.602341
v 3.000000 2.000000 -71.602333
v 3.000000 4.000000 -69.602341
v 3.000000 2.000000 -69.602341
v 1.000000 2.000000 -71.602333
v 1.000000 4.000000 -71.602341
v 1.000000 2.000000 -69.602341
v 1.000000 4.000000 -69.602341
v 1.000000 2.000000 -71.602333
v 3.000000 2.000000 -71.602333
v 1.000000 4.000000 -71.602341
v 3.000000 4.000000 -71.602341
v 1.000000 4.000000 -69.602341
v 3.000000 4.000000 -69.602341
v 1.000000 2.000000 -69.602341
v 3.000000 2.000000 -69.602341
v 1.000000 4.000000 -71.602341
v 3.000000 4.000000 -71.602341
v 1.000000 4.000000 -69.602341
v 3.000000 4.000000 -69.602341
v 3.000000 2.000000 -71.602333
v 1.000000 2.000000 -71.602333
v 3.000000 2.000000 -69.602341
v 1.000000 2.000000 -69.602341
v 9.000000 4.000000 -71.602341
v 9.000000 2.000000 -71.602333
v 9.000000 4.000000 -69.602341
v 9.000000 2.000000 -69.602341
v 7.000000 2.000000 -71.602333
v 7.000000 4.000000 -71.602341
v 7.000000 2.000000 -69.602341
v 7.000000 4.000000 -69.602341
v 7.000000 2.000000 -71.602333
v 9.000000 2.000000 -71.602333
v 7.000000 4.000000 -71.602341
v 9.000000 4.000000 -71.602341
v 7.000000 4.000000 -69.602341
v 9.000000 4.000000 -69.602341
v 7.000000 2.000000 -69.602341
v 9.000000 2.000000 -69.602341
v 7.000000 4.000000 -71.602341
v 9.000000 4.000000 -71.602341
v 7.000000 4.000000 -69.602341
v 9.000000 4.000000 -69.602341
v 9.000000 2.000000 -71.602333
v 7.000000 2.000000 -71.602333
v 9.000000 2.000000 -69.602341
v 7.000000 2.000000 -69.602341
v 13.000000 4.000000 -71.602341
v 13.000000 2.000000 -71.602333
v 13.000000 4.000000 -69.602341
v 13.000000 2.000000 -69.602341
v 11.000000 2.000000 -71.602333
v 11.000000 4.000000 -71.602341
v 11.000000 2.000000 -69.602341
v 11.000000 4.000000 -69.602341
v 11.000000 2.000000 -71.602333
v 13.000000 2.000000 -71.602333
v 11.000000 4.000000 -71.602341
v 13.000000 4.000000 -71.602341
v 11.000000 4.000000 -69.602341
v 13.000000 4.000000 -69.602341
v 11.000000 2.000000 -69.602341
v 13.000000 2.000000 -69.602341
v 11.000000 4.000000 -71.602341
v 13.000000 4.000000 -71.602341
v 11.000000 4.000000 -69.602341
v 13.000000 4.000000 -69.602341
v 13.000000 2.000000 -71.602333
v 11.000000 2.000000 -71.602333
v 13.000000 2.000000 -69.602341
v 11.000000 2.000000 -69.602341
v 17.000000 4.000000 -71.602341
v 17.000000 2.000000 -71.602333
v 17.000000 4.000000 -69.602341
v 17.000000 2.000000 -69.602341
v 15.000000 2.000000 -71.602333
v 15.000000 4.000000 -71.602341
v 15.000000 2.000000 -69.602341
v 15.000000 4.000000 -69.602341
v 15.000000 2.000000 -71.602333
v 17.000000 2.000000 -71.602333
v 15.000000 4.000000 -71.602341
v 17.000000 4.000000 -71.602341
v 15.000000 4.000000 -69.602341
v 17.000000 4.000000 -69.602341
v 15.000000 2.000000 -69.602341
v 17.000000 2.000000 -69.602341
v 15.000000 4.000000 -71.602341
v 17.000000 4.000000 -71.602341
v 15.000000 4.000000 -69.602341
v 17.000000 4.000000 -69.602341
v 17.000000 2.000000 -71.602333
v 15.000000 2.000000 -71.602333
v 17.000000 2.000000 -69.602341
v 15.000000 2.000000 -69.602341
v 19.000000 4.000000 -71.602341
v 19.000000 2.000000 -71.602333
v 19.000000 4.000000 -69.602341
v 19.000000 2.000000 -69.602341
v 17.000000 2.000000 -71.602333
v 17.000000 4.000000 -71.602341
v 17.000000 2.000000 -69.602341
v 17.000000 4.000000 -69.602341
v 17.000000 2.000000 -71.602333
v 19.000000 2.000000 -71.602333
v 17.000000 4.000000 -71.602341
v 19.000000 4.000000 -71.602341
v 17.000000 4.000000 -69.602341
v 19.000000 4.000000 -69.602341
v 17.000000 2.000000 -69.602341
v 19.000000 2.000000 -69.602341
v 17.000000 4.000000 -71.602341
v 19.000000 4.000000 -71.602341
v 17.000000 4.000000 -69.602341
v 19.000000 4.000000 -69.602341
v 19.000000 2.000000 -71.602333
v 17.000000 2.000000 -71.602333
v 19.000000 2.000000 -69.602341
v 17.000000 2.000000 -69.602341
v 21.000000 4.000000 -71.602341
v 21.000000 2.000000 -71.602333
v 21.000000 4.000000 -69.602341
v 21.000000 2.000000 -69.602341
v 19.000000 2.000000 -71.602333
v 19.000000 4.000000 -71.602341
v 19.000000 2.000000 -69.602341
v 19.000000 4.000000 -69.602341
v 19.000000 2.000000 -71.602333
v 21.000000 2.000000 -71.602333
v 19.000000 4.000000 -71.602341
v 21.000000 4.000000 -71.602341
v 19.000000 4.000000 -69.602341
v 21.000000 4.000000 -69.602341
v 19.000000 2.000000 -69.602341
v 21.000000 2.000000 -69.602341
v 19.000000 4.000000 -71.602341
v 21.000000 4.000000 -71.602341
v 19.000000 4.000000 -69.602341
v 21.000000 4.000000 -69.602341
v 21.000000 2.000000 -71.602333
v 19.000000 2.000000 -71.602333
v 21.000000 2.000000 -69.602341
v 19.000000 2.000000 -69.602341
v 25.000000 4.000000 -71.602341
v 25.000000 2.000000 -71.602333
v 25.000000 4.000000 -69.602341
v 25.000000 2.000000 -69.602341
v 23.000000 2.000000 -71.602333
v 23.000000 4.000000 -71.602341
v 23.000000 2.000000 -69.602341
v 23.000000 4.000000 -69.602341
v 23.000000 2.000000 -71.602333
v 25.000000 2.000000 -71.602333
v 23.000000 4.000000 -71.602341
v 25.000000 4.000000 -71.602341
v 23.000000 4.000000 -69.602341
v 25.000000 4.000000 -69.602341
v 23.000000 2.000000 -69.602341
v 25.000000 2.000000 -69.602341
v 23.000000 4.000000 -71.602341
v 25.000000 4.000000 -71.602341
v 23.000000 4.000000 -69.602341
v 25.000000 4.000000 -69.602341
v 25.000000 2.000000 -71.602333
v 23.000000 2.000000 -71.602333
v 25.000000 2.000000 -69.602341
v 23.000000 2.000000 -69.602341
v -23.000000 4.000000 -69.602341
v -23.000000 2.000000 -69.602341
v -23.000000 4.000000 -67.602341
v -23.000000 2.000000 -67.602341
v -25.000000 2.000000 -69.602341
v -25.000000 4.000000 -69.602341
v -25.000000 2.000000 -67.602341
v -25.000000 4.000000 -67.602341
v -25.000000 2.000000 -69.602341
v -23.000000 2.000000 -69.602341
v -25.000000 4.000000 -69.602341
v -23.000000 4.000000 -69.602341
v -25.000000 4.000000 -67.602341
v -23.000000 4.000000 -67.602341
v -25.000000 2.000000 -67.602341
v -23.000000 2.000000 -67.602341
v -25.000000 4.000000 -69.602341
v -23.000000 4.000000 -69.602341
v -25.000000 4.000000 -67.602341
v -23.000000 4.000000 -67.602341
v -23.000000 2.000000 -69.602341
v -25.000000 2.000000 -69.602341
v -23.000000 2.000000 -67.602341
v -25.000000 2.000000 -67.602341
v -19.000000 4.000000 -69.602341
v -19.000000 2.000000 -69.602341
v -19.000000 4.000000 -67.602341
v -19.000000 2.000000 -67.602341
v -21.000000 2.000000 -69.602341
v -21.000000 4.000000 -69.602341
v -21.000000 2.000000 -67.602341
v -21.000000 4.000000 -67.602341
v -21.000000 2.000000 -69.602341
v -19.000000 2.000000 -69.602341
v -21.000000 4.000000 -69.602341
v -19.000000 4.000000 -69.602341
v -21.000000 4.000000 -67.602341
v -19.000000 4.000000 -67.602341
v -21.000000 2.000000 -67.602341
v -19.000000 2.000000 -67.602341
v -21.000000 4.000000 -69.602341
v -19.000000 4.000000 -69.602341
v -21.000000 4.000000 -67.602341
v -19.000000 4.000000 -67.602341
v -19.000000 2.000000 -69.602341
v -21.000000 2.000000 -69.602341
v -19.000000 2.000000 -67.602341
v -21.000000 2.000000 -67.602341
v -17.000000 4.000000 -69.602341
v -17.000000 2.000000 -69.602341
v -17.000000 4.000000 -67.602341
v -17.000000 2.000000 -67.602341
v -19.000000 2.000000 -69.602341
v -19.000000 4.000000 -69.602341
v -19.000000 2.000000 -67.602341
v -19.000000 4.000000 -67.602341
v -19.000000 2.000000 -69.602341
v -17.000000 2.000000 -69.602341
v -19.000000 4.000000 -69.602341
v -17.000000 4.000000 -69.602341
v -19.000000 4.000000 -67.602341
v -17.000000 4.000000 -67.602341
v -19.000000 2.000000 -67.602341
v -17.000000 2.000000 -67.602341
v -19.000000 4.000000 -69.602341
v -17.000000 4.000000 -69.602341
v -19.000000 4.000000 -67.602341
v -17.000000 4.000000 -67.602341
v -17.000000 2.000000 -69.602341
v -19.000000 2.000000 -69.602341
v -17.000000 2.000000 -67.602341
v -19.000000 2.000000 -67.602341
v -15.000000 4.000000 -69.602341
v -15.000000 2.000000 -69.602341
v -15.000000 4.000000 -67.602341
v -15.000000 2.000000 -67.602341
v -17.000000 2.000000 -69.602341
v -17.000000 4.000000 -69.602341
v -17.000000 2.000000 -67.602341
v -17.000000 4.000000 -67.602341
v -17.000000 2.000000 -69.602341
v -15.000000 2.000000 -69.602341
v -17.000000 4.000000 -69.602341
v -15.000000 4.000000 -69.602341
v -17.000000 4.000000 -67.602341
v -15.000000 4.000000 -67.602341
v -17.000000 2.000000 -67.602341
v -15.000000 2.000000 -67.602341
v -17.000000 4.000000 -69.602341
v -15.000000 4.000000 -69.602341
v -17.000000 4.000000 -67.602341
v -15.000000 4.000000 -67.602341
v -15.000000 2.000000 -69.602341
v -17.000000 2.000000 -69.602341
v -15.000000 2.000000 -67.602341
v -17.000000 2.000000 -67.602341
v -11.000000 4.000000 -69.602341
v -11.000000 2.000000 -69.602341
v -11.000000 4.000000 -67.602341
v -11.000000 2.000000 -67.602341
v -13.000000 2.000000 -69.602341
v -13.000000 4.000000 -69.602341
v -13.000000 2.000000 -67.602341
v -13.000000 4.000000 -67.602341
v -13.000000 2.000000 -69.602341
v -11.000000 2.000000 -69.602341
v -13.000000 4.000000 -69.602341
v -11.000000 4.000000 -69.602341
v -13.000000 4.000000 -67.602341
v -11.000000 4.000000 -67.602341
v -13.000000 2.000000 -67.602341
v -11.000000 2.000000 -67.602341
v -13.000000 4.000000 -69.602341
v -11.000000 4.000000 -69.602341
v -13.000000 4.000000 -67.602341
v -11.000000 4.000000 -67.602341
v -11.000000 2.000000 -69.602341
v -13.000000 2.000000 -69.602341
v -11.000000 2.000000 -67.602341
v -13.000000 2.000000 -67.602341
v -7.000000 4.000000 -69.602341
v -7.000000 2.000000 -69.602341
v -7.000000 4.000000 -67.602341
v -7.000000 2.000000 -67.602341
v -9.000000 2.000000 -69.602341
v -9.000000 4.000000 -69.602341
v -9.000000 2.000000 -67.602341
v -9.000000 4.000000 -67.602341
v -9.000000 2.000000 -69.602341
v -7.000000 2.000000 -69.602341
v -9.000000 4.000000 -69.602341
v -7.000000 4.000000 -69.602341
v -9.000000 4.000000 -67.602341
v -7.000000 4.000000 -67.602341
v -9.000000 2.000000 -67.602341
v -7.000000 2.000000 -67.602341
v -9.000000 4.000000 -69.602341
v -7.000000 4.000000 -69.602341
v -9.000000 4.000000 -67.602341
v -7.000000 4.000000 -67.602341
v -7.000000 2.000000 -69.602341
v -9.000000 2.000000 -69.602341
v -7.000000 2.000000 -67.602341
v -9.000000 2.000000 -67.602341
v -3.000000 4.000000 -69.602341
v -3.000000 2.000000 -69.602341
v -3.000000 4.000000 -67.602341
v -3.000000 2.000000 -67.602341
v -5.000000 2.000000 -69.602341
v -5.000000 4.000000 -69.602341
v -5.000000 2.000000 -67.602341
v -5.000000 4.000000 -67.602341
v -5.000000 2.000000 -69.602341
v -3.000000 2.000000 -69.602341
v -5.000000 4.000000 -69.602341
v -3.000000 4.000000 -69.602341
v -5.000000 4.000000 -67.602341
v -3.000000 4.000000 -67.602341
v -5.000000 2.000000 -67.602341
v -3.000000 2.000000 -67.602341
v -5.000000 4.000000 -69.602341
v -3.000000 4.000000 -69.602341
v -5.000000 4.000000 -67.602341
v -3.000000 4.000000 -67.602341
v -3.000000 2.000000 -69.602341
v -5.000000 2.000000 -69.602341
v -3.000000 2.000000 -67.602341
v -5.000000 2.000000 -67.602341
v -1.000000 4.000000 -69.602341
v -1.000000 2.000000 -69.602341
v -1.000000 4.000000 -67.602341
v -1.000000 2.000000 -67.602341
v -3.000000 2.000000 -69.602341
v -3.000000 4.000000 -69.602341
v -3.000000 2.000000 -67.602341
v -3.000000 4.000000 -67.602341
v -3.000000 2.000000 -69.602341
v -1.000000 2.000000 -69.602341
v -3.000000 4.000000 -69.602341
v -1.000000 4.000000 -69.602341
v -3.000000 4.000000 -67.602341
v -1.000000 4.000000 -67.602341
v -3.000000 2.000000 -67.602341
v -1.000000 2.000000 -67.602341
v -3.000000 4.000000 -69.602341
v -1.000000 4.000000 -69.602341
v -3.000000 4.000000 -67.602341
v -1.000000 4.000000 -67.602341
v -1.000000 2.000000 -69.602341
v -3.000000 2.000000 -69.602341
v -1.000000 2.000000 -67.602341
v -3.000000 2.000000 -67.602341
v 1.000000 4.000000 -69.602341
v 1.000000 2.000000 -69.602341
v 1.000000 4.000000 -67.602341
v 1.000000 2.000000 -67.602341
v -1.000000 2.000000 -69.602341
v -1.000000 4.000000 -69.602341
v -1.000000 2.000000 -67.602341
v -1.000000 4.000000 -67.602341
v -1.000000 2.000000 -69.602341
v 1.000000 2.000000 -69.602341
v -1.000000 4.000000 -69.602341
v 1.000000 4.000000 -69.602341
v -1.000000 4.000000 -67.602341
v 1.000000 4.000000 -67.602341
v -1.000000 2.000000 -67.602341
v 1.000000 2.000000 -67.602341
v -1.000000 4.000000 -69.602341
v 1.000000 4.000000 -69.602341
v -1.000000 4.000000 -67.602341
v 1.000000 4.000000 -67.602341
v 1.000000 2.000000 -69.602341
v -1.000000 2.000000 -69.602341
v 1.000000 2.000000 -67.602341
v -1.000000 2.000000 -67.602341
v 3.000000 4.000000 -69.602341
v 3.000000 2.000000 -69.602341
v 3.000000 4.000000 -67.602341
v 3.000000 2.000000 -67.602341
v 1.000000 2.000000 -69.602341
v 1.000000 4.000000 -69.602341
v 1.000000 2.000000 -67.602341
v 1.000000 4.000000 -67.602341
v 1.000000 2.000000 -69.602341
v 3.000000 2.000000 -69.602341
v 1.000000 4.000000 -69.602341
v 3.000000 4.000000 -69.602341
v 1.000000 4.000000 -67.602341
v 3.000000 4.000000 -67.602341
v 1.000000 2.000000 -67.602341
v 3.000000 2.000000 -67.602341
v 1.000000 4.000000 -69.602341
v 3.000000 4.000000 -69.602341
v 1.000000 4.000000 -67.602341
v 3.000000 4.000000 -67.602341
v 3.000000 2.000000 -69.602341
v 1.000000 2.000000 -69.602341
v 3.000000 2.000000 -67.602341
v 1.000000 2.000000 -67.602341
v 7.000000 4.000000 -69.602341
v 7.000000 2.000000 -69.602341
v 7.000000 4.000000 -67.602341
v 7.000000 2.000000 -67.602341
v 5.000000 2.000000 -69.602341
v 5.000000 4.000000 -69.602341
v 5.000000 2.000000 -67.602341
v 5.000000 4.000000 -67.602341
v 5.000000 2.000000 -69.602341
v 7.000000 2.000000 -69.602341
v 5.000000 4.000000 -69.602341
v 7.000000 4.000000 -69.602341
v 5.000000 4.000000 -67.602341
v 7.000000 4.000000 -67.602341
v 5.000000 2.000000 -67.602341
v 7.000000 2.000000 -67.602341
v 5.000000 4.000000 -69.602341
v 7.000000 4.000000 -69.602341
v 5.000000 4.000000 -67.602341
v 7.000000 4.000000 -67.602341
v 7.000000 2.000000 -69.602341
v 5.000000 2.000000 -69.602341
v 7.000000 2.000000 -67.602341
v 5.000000 2.000000 -67.602341
v 13.000000 4.000000 -69.602341
v 13.000000 2.000000 -69.602341
v 13.000000 4.000000 -67.602341
v 13.000000 2.000000 -67.602341
v 11.000000 2.000000 -69.602341
v 11.000000 4.000000 -69.602341
v 11.000000 2.000000 -67.602341
v 11.000000 4.000000 -67.602341
v 11.000000 2.000000 -69.602341
v 13.000000 2.000000 -69.602341
v 11.000000 4.000000 -69.602341
v 13.000000 4.000000 -69.602341
v 11.000000 4.000000 -67.602341
v 13.000000 4.000000 -67.602341
v 11.000000 2.000000 -67.602341
v 13.000000 2.000000 -67.602341
v 11.000000 4.000000 -69.602341
v 13.000000 4.000000 -69.602341
v 11.000000 4.000000 -67.602341
v 13.000000 4.000000 -67.602341
v 13.000000 2.000000 -69.602341
v 11.000000 2.000000 -69.602341
v 13.000000 2.000000 -67.602341
v 11.000000 2.000000 -67.602341
v 17.000000 4.000000 -69.602341
v 17.000000 2.000000 -69.602341
v 17.000000 4.000000 -67.602341
v 17.000000 2.000000 -67.602341
v 15.000000 2.000000 -69.602341
v 15.000000 4.000000 -69.602341
v 15.000000 2.000000 -67.602341
v 15.000000 4.000000 -67.602341
v 15.000000 2.000000 -69.602341
v 17.000000 2.000000 -69.602341
v 15.000000 4.000000 -69.602341
v 17.000000 4.000000 -69.602341
v 15.000000 4.000000 -67.602341
v 17.000000 4.000000 -67.602341
v 15.000000 2.000000 -67.602341
v 17.000000 2.000000 -67.602341
v 15.000000 4.000000 -69.602341
v 17.000000 4.000000 -69.602341
v 15.000000 4.000000 -67.602341
v 17.000000 4.000000 -67.602341
v 17.000000 2.000000 -69.602341
v 15.000000 2.000000 -69.602341
v 17.000000 2.000000 -67.602341
v 15.000000 2.000000 -67.602341
v 19.000000 4.000000 -69.602341
v 19.000000 2.000000 -69.602341
v 19.000000 4.000000 -67.602341
v 19.000000 2.000000 -67.602341
v 17.000000 2.000000 -69.602341
v 17.000000 4.000000 -69.602341
v 17.000000 2.000000 -67.602341
v 17.000000 4.000000 -67.602341
v 17.000000 2.000000 -69.602341
v 19.000000 2.000000 -69.602341
v 17.000000 4.000000 -69.602341
v 19.000000 4.000000 -69.602341
v 17.000000 4.000000 -67.602341
v 19.000000 4.000000 -67.602341
v 17.000000 2.000000 -67.602341
v 19.000000 2.000000 -67.602341
v 17.000000 4.000000 -69.602341
v 19.000000 4.000000 -69.602341
v 17.000000 4.000000 -67.602341
v 19.000000 4.000000 -67.602341
v 19.000000 2.000000 -69.602341
v 17.000000 2.000000 -69.602341
v 19.000000 2.000000 -67.602341
v 17.000000 2.000000 -67.602341
v 21.000000 4.000000 -69.602341
v 21.000000 2.000000 -69.602341
v 21.000000 4.000000 -67.602341
v 21.000000 2.000000 -67.602341
v 19.000000 2.000000 -69.602341
v 19.000000 4.000000 -69.602341
v 19.000000 2.000000 -67.602341
v 19.000000 4.000000 -67.602341
v 19.000000 2.000000 -69.602341
v 21.000000 2.000000 -69.602341
v 19.000000 4.000000 -69.602341
v 21.000000 4.000000 -69.602341
v 19.000000 4.000000 -67.602341
v 21.000000 4.000000 -67.602341
v 19.000000 2.000000 -67.602341
v 21.000000 2.000000 -67.602341
v 19.000000 4.000000 -69.602341
v 21.000000 4.000000 -69.602341
v 19.000000 4.000000 -67.602341
v 21.000000 4.000000 -67.602341
v 21.000000 2.000000 -69.602341
v 19.000000 2.000000 -69.602341
v 21.000000 2.000000 -67.602341
v 19.000000 2.000000 -67.602341
v 25.000000 4.000000 -69.602341
v 25.000000 2.000000 -69.602341
v 25.000000 4.000000 -67.602341
v 25.000000 2.000000 -67.602341
v 23.000000 2.000000 -69.602341
v 23.000000 4.000000 -69.602341
v 23.000000 2.000000 -67.602341
v 23.000000 4.000000 -67.602341
v 23.000000 2.000000 -69.602341
v 25.000000 2.000000 -69.602341
v 23.000000 4.000000 -69.602341
v 25.000000 4.000000 -69.602341
v 23.000000 4.000000 -67.602341
v 25.000000 4.000000 -67.602341
v 23.000000 2.000000 -67.602341
v 25.000000 2.000000 -67.602341
v 23.000000 4.000000 -69.602341
v 25.000000 4.000000 -69.602341
v 23.000000 4.000000 -67.602341
v 25.000000 4.000000 -67.602341
v 25.000000 2.000000 -69.602341
v 23.000000 2.000000 -69.602341
v 25.000000 2.000000 -67.602341
v 23.000000 2.000000 -67.602341
v -23.000000 4.000000 -67.602341
v -23.000000 2.000000 -67.602341
v -23.000000 4.000000 -65.602341
v -23.000000 2.000000 -65.602341
v -25.000000 2.000000 -67.602341
v -25.000000 4.000000 -67.602341
v -25.000000 2.000000 -65.602341
v -25.000000 4.000000 -65.602341
v -25.000000 2.000000 -67.602341
v -23.000000 2.000000 -67.602341
v -25.000000 4.000000 -67.602341
v -23.000000 4.000000 -67.602341
v -25.000000 4.000000 -65.602341
v -23.000000 4.000000 -65.602341
v -25.000000 2.000000 -65.602341
v -23.000000 2.000000 -65.602341
v -25.000000 4.000000 -67.602341
v -23.000000 4.000000 -67.602341
v -25.000000 4.000000 -65.602341
v -23.000000 4.000000 -65.602341
v -23.000000 2.000000 -67.602341
v -25.000000 2.000000 -67.602341
v -23.000000 2.000000 -65.602341
v -25.000000 2.000000 -65.602341
v -19.000000 4.000000 -67.602341
v -19.000000 2.000000 -67.602341
v -19.000000 4.000000 -65.602341
v -19.000000 2.000000 -65.602341
v -21.000000 2.000000 -67.602341
v -21.000000 4.000000 -67.602341
v -21.000000 2.000000 -65.602341
v -21.000000 4.000000 -65.602341
v -21.000000 2.000000 -67.602341
v -19.000000 2.000000 -67.602341
v -21.000000 4.000000 -67.602341
v -19.000000 4.000000 -67.602341
v -21.000000 4.000000 -65.602341
v -19.000000 4.000000 -65.602341
v -21.000000 2.000000 -65.602341
v -19.000000 2.000000 -65.602341
v -21.000000 4.000000 -67.602341
v -19.000000 4.000000 -67.602341
v -21.000000 4.000000 -65.602341
v -19.000000 4.000000 -65.602341
v -19.000000 2.000000 -67.602341
v -21.000000 2.000000 -67.602341
v -19.000000 2.000000 -65.602341
v -21.000000 2.000000 -65.602341
v -17.000000 4.000000 -67.602341
v -17.000000 2.000000 -67.602341
v -17.000000 4.000000 -65.602341
v -17.000000 2.000000 -65.602341
v -19.000000 2.000000 -67.602341
v -19.000000 4.000000 -67.602341
v -19.000000 2.000000 -65.602341
v -19.000000 4.000000 -65.602341
v -19.000000 2.000000 -67.602341
v -17.000000 2.000000 -67.602341
v -19.000000 4.000000 -67.602341
v -17.000000 4.000000 -67.602341
v -19.000000 4.000000 -65.602341
v -17.000000 4.000000 -65.602341
v -19.000000 2.000000 -65.602341
v -17.000000 2.000000 -65.602341
v -19.000000 4.000000 -67.602341
v -17.000000 4.000000 -67.602341
v -19.000000 4.000000 -65.602341
v -17.000000 4.000000 -65.602341
v -17.000000 2.000000 -67.602341
v -19.000000 2.000000 -67.602341
v -17.000000 2.000000 -65.602341
v -19.000000 2.000000 -65.602341
v -15.000000 4.000000 -67.602341
v -15.000000 2.000000 -67.602341
v -15.000000 4.000000 -65.602341
v -15.000000 2.000000 -65.602341
v -17.000000 2.000000 -67.602341
v -17.000000 4.000000 -67.602341
v -17.000000 2.000000 -65.602341
v -17.000000 4.000000 -65.602341
v -17.000000 2.000000 -67.602341
v -15.000000 2.000000 -67.602341
v -17.000000 4.000000 -67.602341
v -15.000000 4.000000 -67.602341
v -17.000000 4.000000 -65.602341
v -15.000000 4.000000 -65.602341
v -17.000000 2.000000 -65.602341
v -15.000000 2.000000 -65.602341
v -17.000000 4.000000 -67.602341
v -15.000000 4.000000 -67.602341
v -17.000000 4.000000 -65.602341
v -15.000000 4.000000 -65.602341
v -15.000000 2.000000 -67.602341
v -17.000000 2.000000 -67.602341
v -15.000000 2.000000 -65.602341
v -17.000000 2.000000 -65.602341
v -11.000000 4.000000 -67.602341
v -11.000000 2.000000 -67.602341
v -11.000000 4.000000 -65.602341
v -11.000000 2.000000 -65.602341
v -13.000000 2.000000 -67.602341
v -13.000000 4.000000 -67.602341
v -13.000000 2.000000 -65.602341
v -13.000000 4.000000 -65.602341
v -13.000000 2.000000 -67.602341
v -11.000000 2.000000 -67.602341
v -13.000000 4.000000 -67.602341
v -11.000000 4.000000 -67.602341
v -13.000000 4.000000 -65.602341
v -11.000000 4.000000 -65.602341
v -13.000000 2.000000 -65.602341
v -11.000000 2.000000 -65.602341
v -13.000000 4.000000 -67.602341
v -11.000000 4.000000 -67.602341
v -13.000000 4.000000 -65.602341
v -11.000000 4.000000 -65.602341
v -11.000000 2.000000 -67.602341
v -13.000000 2.000000 -67.602341
v -11.000000 2.000000 -65.602341
v -13.000000 2.000000 -65.602341
v -7.000000 4.000000 -67.602341
v -7.000000 2.000000 -67.602341
v -7.000000 4.000000 -65.602341
v -7.000000 2.000000 -65.602341
v -9.000000 2.000000 -67.602341
v -9.000000 4.000000 -67.602341
v -9.000000 2.000000 -65.602341
v -9.000000 4.000000 -65.602341
v -9.000000 2.000000 -67.602341
v -7.000000 2.000000 -67.602341
v -9.000000 4.000000 -67.602341
v -7.000000 4.000000 -67.602341
v -9.000000 4.000000 -65.602341
v -7.000000 4.000000 -65.602341
v -9.000000 2.000000 -65.602341
v -7.000000 2.000000 -65.602341
v -9.000000 4.000000 -67.602341
v -7.000000 4.000000 -67.602341
v -9.000000 4.000000 -65.602341
v -7.000000 4.000000 -65.602341
v -7.000000 2.000000 -67.602341
v -9.000000 2.000000 -67.602341
v -7.000000 2.000000 -65.602341
v -9.000000 2.000000 -65.602341
v -5.000000 4.000000 -67.602341
v -5.000000 2.000000 -67.602341
v -5.000000 4.000000 -65.602341
v -5.000000 2.000000 -65.602341
v -7.000000 2.000000 -67.602341
v -7.000000 4.000000 -67.602341
v -7.000000 2.000000 -65.602341
v -7.000000 4.000000 -65.602341
v -7.000000 2.000000 -67.602341
v -5.000000 2.000000 -67.602341
v -7.000000 4.000000 -67.602341
v -5.000000 4.000000 -67.602341
v -7.000000 4.000000 -65.602341
v -5.000000 4.000000 -65.602341
v -7.000000 2.000000 -65.602341
v -5.000000 2.000000 -65.602341
v -7.000000 4.000000 -67.602341
v -5.000000 4.000000 -67.602341
v -7.000000 4.000000 -65.602341
v -5.000000 4.000000 -65.602341
v -5.000000 2.000000 -67.602341
v -7.000000 2.000000 -67.602341
v -5.000000 2.000000 -65.602341
v -7.000000 2.000000 -65.602341
v -3.000000 4.000000 -67.602341
v -3.000000 2.000000 -67.602341
v -3.000000 4.000000 -65.602341
v -3.000000 2.000000 -65.602341
v -5.000000 2.000000 -67.602341
v -5.000000 4.000000 -67.602341
v -5.000000 2.000000 -65.602341
v -5.000000 4.000000 -65.602341
v -5.000000 2.000000 -67.602341
v -3.000000 2.000000 -67.602341
v -5.000000 4.000000 -67.602341
v -3.000000 4.000000 -67.602341
v -5.000000 4.000000 -65.602341
v -3.000000 4.000000 -65.602341
v -5.000000 2.000000 -65.602341
v -3.000000 2.000000 -65.602341
v -5.000000 4.000000 -67.602341
v -3.000000 4.000000 -67.602341
v -5.000000 4.000000 -65.602341
v -3.000000 4.000000 -65.602341
v -3.000000 2.000000 -67.602341
v -5.000000 2.000000 -67.602341
v -3.000000 2.000000 -65.602341
v -5.000000 2.000000 -65.602341
v -1.000000 4.000000 -67.602341
v -1.000000 2.000000 -67.602341
v -1.000000 4.000000 -65.602341
v -1.000000 2.000000 -65.602341
v -3.000000 2.000000 -67.602341
v -3.000000 4.000000 -67.602341
v -3.000000 2.000000 -65.602341
v -3.000000 4.000000 -65.602341
v -3.000000 2.000000 -67.602341
v -1.000000 2.000000 -67.602341
v -3.000000 4.000000 -67.602341
v -1.000000 4.000000 -67.602341
v -3.000000 4.000000 -65.602341
v -1.000000 4.000000 -65.602341
v -3.000000 2.000000 -65.602341
v -1.000000 2.000000 -65.602341
v -3.000000 4.000000 -67.602341
v -1.000000 4.000000 -67.602341
v -3.000000 4.000000 -65.602341
v -1.000000 4.000000 -65.602341
v -1.000000 2.000000 -67.602341
v -3.000000 2.000000 -67.602341
v -1.000000 2.000000 -65.602341
v -3.000000 2.000000 -65.602341
v 3.000000 4.000000 -67.602341
v 3.000000 2.000000 -67.602341
v 3.000000 4.000000 -65.602341
v 3.000000 2.000000 -65.602341
v 1.000000 2.000000 -67.602341
v 1.000000 4.000000 -67.602341
v 1.000000 2.000000 -65.602341
v 1.000000 4.000000 -65.602341
v 1.000000 2.000000 -67.602341
v 3.000000 2.000000 -67.602341
v 1.000000 4.000000 -67.602341
v 3.000000 4.000000 -67.602341
v 1.000000 4.000000 -65.602341
v 3.000000 4.000000 -65.602341
v 1.000000 2.000000 -65.602341
v 3.000000 2.000000 -65.602341
v 1.000000 4.000000 -67.602341
v 3.000000 4.000000 -67.602341
v 1.000000 4.000000 -65.602341
v 3.000000 4.000000 -65.602341
v 3.000000 2.000000 -67.602341
v 1.000000 2.000000 -67.602341
v 3.000000 2.000000 -65.602341
v 1.000000 2.000000 -65.602341
v 13.000000 4.000000 -67.602341
v 13.000000 2.000000 -67.602341
v 13.000000 4.000000 -65.602341
v 13.000000 2.000000 -65.602341
v 11.000000 2.000000 -67.602341
v 11.000000 4.000000 -67.602341
v 11.000000 2.000000 -65.602341
v 11.000000 4.000000 -65.602341
v 11.000000 2.000000 -67.602341
v 13.000000 2.000000 -67.602341
v 11.000000 4.000000 -67.602341
v 13.000000 4.000000 -67.602341
v 11.000000 4.000000 -65.602341
v 13.000000 4.000000 -65.602341
v 11.000000 2.000000 -65.602341
v 13.000000 2.000000 -65.602341
v 11.000000 4.000000 -67.602341
v 13.000000 4.000000 -67.602341
v 11.000000 4.000000 -65.602341
v 13.000000 4.000000 -65.602341
v 13.000000 2.000000 -67.602341
v 11.000000 2.000000 -67.602341
v 13.000000 2.000000 -65.602341
v 11.000000 2.000000 -65.602341
v 17.000000 4.000000 -67.602341
v 17.000000 2.000000 -67.602341
v 17.000000 4.000000 -65.602341
v 17.000000 2.000000 -65.602341
v 15.000000 2.000000 -67.602341
v 15.000000 4.000000 -67.602341
v 15.000000 2.000000 -65.602341
v 15.000000 4.000000 -65.602341
v 15.000000 2.000000 -67.602341
v 17.000000 2.000000 -67.602341
v 15.000000 4.000000 -67.602341
v 17.000000 4.000000 -67.602341
v 15.000000 4.000000 -65.602341
v 17.000000 4.000000 -65.602341
v 15.000000 2.000000 -65.602341
v 17.000000 2.000000 -65.602341
v 15.000000 4.000000 -67.602341
v 17.000000 4.000000 -67.602341
v 15.000000 4.000000 -65.602341
v 17.000000 4.000000 -65.602341
v 17.000000 2.000000 -67.602341
v 15.000000 2.000000 -67.602341
v 17.000000 2.000000 -65.602341
v 15.000000 2.000000 -65.602341
v 19.000000 4.000000 -67.602341
v 19.000000 2.000000 -67.602341
v 19.000000 4.000000 -65.602341
v 19.000000 2.000000 -65.602341
v 17.000000 2.000000 -67.602341
v 17.000000 4.000000 -67.602341
v 17.000000 2.000000 -65.602341
v 17.000000 4.000000 -65.602341
v 17.000000 2.000000 -67.602341
v 19.000000 2.000000 -67.602341
v 17.000000 4.000000 -67.602341
v 19.000000 4.000000 -67.602341
v 17.000000 4.000000 -65.602341
v 19.000000 4.000000 -65.602341
v 17.000000 2.000000 -65.602341
v 19.000000 2.000000 -65.602341
v 17.000000 4.000000 -67.602341
v 19.000000 4.000000 -67.602341
v 17.000000 4.000000 -65.602341
v 19.000000 4.000000 -65.602341
v 19.000000 2.000000 -67.602341
v 17.000000 2.000000 -67.602341
v 19.000000 2.000000 -65.602341
v 17.000000 2.000000 -65.602341
v 21.000000 4.000000 -67.602341
v 21.000000 2.000000 -67.602341
v 21.000000 4.000000 -65.602341
v 21.000000 2.000000 -65.602341
v 19.000000 2.000000 -67.602341
v 19.000000 4.000000 -67.602341
v 19.000000 2.000000 -65.602341
v 19.000000 4.000000 -65.602341
v 19.000000 2.000000 -67.602341
v 21.000000 2.000000 -67.602341
v 19.000000 4.000000 -67.602341
v 21.000000 4.000000 -67.602341
v 19.000000 4.000000 -65.602341
v 21.000000 4.000000 -65.602341
v 19.000000 2.000000 -65.602341
v 21.000000 2.000000 -65.602341
v 19.000000 4.000000 -67.602341
v 21.000000 4.000000 -67.602341
v 19.000000 4.000000 -65.602341
v 21.000000 4.000000 -65.602341
v 21.000000 2.000000 -67.602341
v 19.000000 2.000000 -67.602341
v 21.000000 2.000000 -65.602341
v 19.000000 2.000000 -65.602341
v 25.000000 4.000000 -67.602341
v 25.000000 2.000000 -67.602341
v 25.000000 4.000000 -65.602341
v 25.000000 2.000000 -65.602341
v 23.000000 2.000000 -67.602341
v 23.000000 4.000000 -67.602341
v 23.000000 2.000000 -65.602341
v 23.000000 4.000000 -65.602341
v 23.000000 2.000000 -67.602341
v 25.000000 2.000000 -67.602341
v 23.000000 4.000000 -67.602341
v 25.000000 4.000000 -67.602341
v 23.000000 4.000000 -65.602341
v 25.000000 4.000000 -65.602341
v 23.000000 2.000000 -65.602341
v 25.000000 2.000000 -65.602341
v 23.000000 4.000000 -67.602341
v 25.000000 4.000000 -67.602341
v 23.000000 4.000000 -65.602341
v 25.000000 4.000000 -65.602341
v 25.000000 2.000000 -67.602341
v 23.000000 2.000000 -67.602341
v 25.000000 2.000000 -65.602341
v 23.000000 2.000000 -65.602341
v -23.000000 4.000000 -65.602341
v -23.000000 2.000000 -65.602341
v -23.000000 4.000000 -63.602345
v -23.000000 2.000000 -63.602341
v -25.000000 2.000000 -65.602341
v -25.000000 4.000000 -65.602341
v -25.000000 2.000000 -63.602341
v -25.000000 4.000000 -63.602345
v -25.000000 2.000000 -65.602341
v -23.000000 2.000000 -65.602341
v -25.000000 4.000000 -65.602341
v -23.000000 4.000000 -65.602341
v -25.000000 4.000000 -63.602345
v -23.000000 4.000000 -63.602345
v -25.000000 2.000000 -63.602341
v -23.000000 2.000000 -63.602341
v -25.000000 4.000000 -65.602341
v -23.000000 4.000000 -65.602341
v -25.000000 4.000000 -63.602345
v -23.000000 4.000000 -63.602345
v -23.000000 2.000000 -65.602341
v -25.000000 2.000000 -65.602341
v -23.000000 2.000000 -63.602341
v -25.000000 2.000000 -63.602341
v -11.000000 4.000000 -65.602341
v -11.000000 2.000000 -65.602341
v -11.000000 4.000000 -63.602345
v -11.000000 2.000000 -63.602341
v -13.000000 2.000000 -65.602341
v -13.000000 4.000000 -65.602341
v -13.000000 2.000000 -63.602341
v -13.000000 4.000000 -63.602345
v -13.000000 2.000000 -65.602341
v -11.000000 2.000000 -65.602341
v -13.000000 4.000000 -65.602341
v -11.000000 4.000000 -65.602341
v -13.000000 4.000000 -63.602345
v -11.000000 4.000000 -63.602345
v -13.000000 2.000000 -63.602341
v -11.000000 2.000000 -63.602341
v -13.000000 4.000000 -65.602341
v -11.000000 4.000000 -65.602341
v -13.000000 4.000000 -63.602345
v -11.000000 4.000000 -63.602345
v -11.000000 2.000000 -65.602341
v -13.000000 2.000000 -65.602341
v -11.000000 2.000000 -63.602341
v -13.000000 2.000000 -63.602341
v -7.000000 4.000000 -65.602341
v -7.000000 2.000000 -65.602341
v -7.000000 4.000000 -63.602345
v -7.000000 2.000000 -63.602341
v -9.000000 2.000000 -65.602341
v -9.000000 4.000000 -65.602341
v -9.000000 2.000000 -63.602341
v -9.000000 4.000000 -63.602345
v -9.000000 2.000000 -65.602341
v -7.000000 2.000000 -65.602341
v -9.000000 4.000000 -65.602341
v -7.000000 4.000000 -65.602341
v -9.000000 4.000000 -63.602345
v -7.000000 4.000000 -63.602345
v -9.000000 2.000000 -63.602341
v -7.000000 2.000000 -63.602341
v -9.000000 4.000000 -65.602341
v -7.000000 4.000000 -65.602341
v -9.000000 4.000000 -63.602345
v -7.000000 4.000000 -63.602345
v -7.000000 2.000000 -65.602341
v -9.000000 2.000000 -65.602341
v -7.000000 2.000000 -63.602341
v -9.000000 2.000000 -63.602341
v -5.000000 4.000000 -65.602341
v -5.000000 2.000000 -65.602341
v -5.000000 4.000000 -63.602345
v -5.000000 2.000000 -63.602341
v -7.000000 2.000000 -65.602341
v -7.000000 4.000000 -65.602341
v -7.000000 2.000000 -63.602341
v -7.000000 4.000000 -63.602345
v -7.000000 2.000000 -65.602341
v -5.000000 2.000000 -65.602341
v -7.000000 4.000000 -65.602341
v -5.000000 4.000000 -65.602341
v -7.000000 4.000000 -63.602345
v -5.000000 4.000000 -63.602345
v -7.000000 2.000000 -63.602341
v -5.000000 2.000000 -63.602341
v -7.000000 4.000000 -65.602341
v -5.000000 4.000000 -65.602341
v -7.000000 4.000000 -63.602345
v -5.000000 4.000000 -63.602345
v -5.000000 2.000000 -65.602341
v -7.000000 2.000000 -65.602341
v -5.000000 2.000000 -63.602341
v -7.000000 2.000000 -63.602341
v -1.000000 4.000000 -65.602341
v -1.000000 2.000000 -65.602341
v -1.000000 4.000000 -63.602345
v -1.000000 2.000000 -63.602341
v -3.000000 2.000000 -65.602341
v -3.000000 4.000000 -65.602341
v -3.000000 2.000000 -63.602341
v -3.000000 4.000000 -63.602345
v -3.000000 2.000000 -65.602341
v -1.000000 2.000000 -65.602341
v -3.000000 4.000000 -65.602341
v -1.000000 4.000000 -65.602341
v -3.000000 4.000000 -63.602345
v -1.000000 4.000000 -63.602345
v -3.000000 2.000000 -63.602341
v -1.000000 2.000000 -63.602341
v -3.000000 4.000000 -65.602341
v -1.000000 4.000000 -65.602341
v -3.000000 4.000000 -63.602345
v -1.000000 4.000000 -63.602345
v -1.000000 2.000000 -65.602341
v -3.000000 2.000000 -65.602341
v -1.000000 2.000000 -63.602341
v -3.000000 2.000000 -63.602341
v 9.000000 4.000000 -65.602341
v 9.000000 2.000000 -65.602341
v 9.000000 4.000000 -63.602345
v 9.000000 2.000000 -63.602341
v 7.000000 2.000000 -65.602341
v 7.000000 4.000000 -65.602341
v 7.000000 2.000000 -63.602341
v 7.000000 4.000000 -63.602345
v 7.000000 2.000000 -65.602341
v 9.000000 2.000000 -65.602341
v 7.000000 4.000000 -65.602341
v 9.000000 4.000000 -65.602341
v 7.000000 4.000000 -63.602345
v 9.000000 4.000000 -63.602345
v 7.000000 2.000000 -63.602341
v 9.000000 2.000000 -63.602341
v 7.000000 4.000000 -65.602341
v 9.000000 4.000000 -65.602341
v 7.000000 4.000000 -63.602345
v 9.000000 4.000000 -63.602345
v 9.000000 2.000000 -65.602341
v 7.000000 2.000000 -65.602341
v 9.000000 2.000000 -63.602341
v 7.000000 2.000000 -63.602341
v 13.000000 4.000000 -65.602341
v 13.000000 2.000000 -65.602341
v 13.000000 4.000000 -63.602345
v 13.000000 2.000000 -63.602341
v 11.000000 2.000000 -65.602341
v 11.000000 4.000000 -65.602341
v 11.000000 2.000000 -63.602341
v 11.000000 4.000000 -63.602345
v 11.000000 2.000000 -65.602341
v 13.000000 2.000000 -65.602341
v 11.000000 4.000000 -65.602341
v 13.000000 4.000000 -65.602341
v 11.000000 4.000000 -63.602345
v 13.000000 4.000000 -63.602345
v 11.000000 2.000000 -63.602341
v 13.000000 2.000000 -63.602341
v 11.000000 4.000000 -65.602341
v 13.000000 4.000000 -65.602341
v 11.000000 4.000000 -63.602345
v 13.000000 4.000000 -63.602345
v 13.000000 2.000000 -65.602341
v 11.000000 2.000000 -65.602341
v 13.000000 2.000000 -63.602341
v 11.000000 2.000000 -63.602341
v 25.000000 4.000000 -65.602341
v 25.000000 2.000000 -65.602341
v 25.000000 4.000000 -63.602345
v 25.000000 2.000000 -63.602341
v 23.000000 2.000000 -65.602341
v 23.000000 4.000000 -65.602341
v 23.000000 2.000000 -63.602341
v 23.000000 4.000000 -63.602345
v 23.000000 2.000000 -65.602341
v 25.000000 2.000000 -65.602341
v 23.000000 4.000000 -65.602341
v 25.000000 4.000000 -65.602341
v 23.000000 4.000000 -63.602345
v 25.000000 4.000000 -63.602345
v 23.000000 2.000000 -63.602341
v 25.000000 2.000000 -63.602341
v 23.000000 4.000000 -65.602341
v 25.000000 4.000000 -65.602341
v 23.000000 4.000000 -63.602345
v 25.000000 4.000000 -63.602345
v 25.000000 2.000000 -65.602341
v 23.000000 2.000000 -65.602341
v 25.000000 2.000000 -63.602341
v 23.000000 2.000000 -63.602341
v -23.000000 4.000000 -63.602345
v -23.000000 2.000000 -63.602341
v -23.000000 4.000000 -61.602341
v -23.000000 2.000000 -61.602337
v -25.000000 2.000000 -63.602341
v -25.000000 4.000000 -63.602345
v -25.000000 2.000000 -61.602337
v -25.000000 4.000000 -61.602341
v -25.000000 2.000000 -63.602341
v -23.000000 2.000000 -63.602341
v -25.000000 4.000000 -63.602345
v -23.000000 4.000000 -63.602345
v -25.000000 4.000000 -61.602341
v -23.000000 4.000000 -61.602341
v -25.000000 2.000000 -61.602337
v -23.000000 2.000000 -61.602337
v -25.000000 4.000000 -63.602345
v -23.000000 4.000000 -63.602345
v -25.000000 4.000000 -61.602341
v -23.000000 4.000000 -61.602341
v -23.000000 2.000000 -63.602341
v -25.000000 2.000000 -63.602341
v -23.000000 2.000000 -61.602337
v -25.000000 2.000000 -61.602337
v -21.000000 4.000000 -63.602345
v -21.000000 2.000000 -63.602341
v -21.000000 4.000000 -61.602341
v -21.000000 2.000000 -61.602337
v -23.000000 2.000000 -63.602341
v -23.000000 4.000000 -63.602345
v -23.000000 2.000000 -61.602337
v -23.000000 4.000000 -61.602341
v -23.000000 2.000000 -63.602341
v -21.000000 2.000000 -63.602341
v -23.000000 4.000000 -63.602345
v -21.000000 4.000000 -63.602345
v -23.000000 4.000000 -61.602341
v -21.000000 4.000000 -61.602341
v -23.000000 2.000000 -61.602337
v -21.000000 2.000000 -61.602337
v -23.000000 4.000000 -63.602345
v -21.000000 4.000000 -63.602345
v -23.000000 4.000000 -61.602341
v -21.000000 4.000000 -61.602341
v -21.000000 2.000000 -63.602341
v -23.000000 2.000000 -63.602341
v -21.000000 2.000000 -61.602337
v -23.000000 2.000000 -61.602337
v -19.000000 4.000000 -63.602345
v -19.000000 2.000000 -63.602341
v -19.000000 4.000000 -61.602341
v -19.000000 2.000000 -61.602337
v -21.000000 2.000000 -63.602341
v -21.000000 4.000000 -63.602345
v -21.000000 2.000000 -61.602337
v -21.000000 4.000000 -61.602341
v -21.000000 2.000000 -63.602341
v -19.000000 2.000000 -63.602341
v -21.000000 4.000000 -63.602345
v -19.000000 4.000000 -63.602345
v -21.000000 4.000000 -61.602341
v -19.000000 4.000000 -61.602341
v -21.000000 2.000000 -61.602337
v -19.000000 2.000000 -61.602337
v -21.000000 4.000000 -63.602345
v -19.000000 4.000000 -63.602345
v -21.000000 4.000000 -61.602341
v -19.000000 4.000000 -61.602341
v -19.000000 2.000000 -63.602341
v -21.000000 2.000000 -63.602341
v -19.000000 2.000000 -61.602337
v -21.000000 2.000000 -61.602337
v -17.000000 4.000000 -63.602345
v -17.000000 2.000000 -63.602341
v -17.000000 4.000000 -61.602341
v -17.000000 2.000000 -61.602337
v -19.000000 2.000000 -63.602341
v -19.000000 4.000000 -63.602345
v -19.000000 2.000000 -61.602337
v -19.000000 4.000000 -61.602341
v -19.000000 2.000000 -63.602341
v -17.000000 2.000000 -63.602341
v -19.000000 4.000000 -63.602345
v -17.000000 4.000000 -63.602345
v -19.000000 4.000000 -61.602341
v -17.000000 4.000000 -61.602341
v -19.000000 2.000000 -61.602337
v -17.000000 2.000000 -61.602337
v -19.000000 4.000000 -63.602345
v -17.000000 4.000000 -63.602345
v -19.000000 4.000000 -61.602341
v -17.000000 4.000000 -61.602341
v -17.000000 2.000000 -63.602341
v -19.000000 2.000000 -63.602341
v -17.000000 2.000000 -61.602337
v -19.000000 2.000000 -61.602337
v -15.000000 4.000000 -63.602345
v -15.000000 2.000000 -63.602341
v -15.000000 4.000000 -61.602341
v -15.000000 2.000000 -61.602337
v -17.000000 2.000000 -63.602341
v -17.000000 4.000000 -63.602345
v -17.000000 2.000000 -61.602337
v -17.000000 4.000000 -61.602341
v -17.000000 2.000000 -63.602341
v -15.000000 2.000000 -63.602341
v -17.000000 4.000000 -63.602345
v -15.000000 4.000000 -63.602345
v -17.000000 4.000000 -61.602341
v -15.000000 4.000000 -61.602341
v -17.000000 2.000000 -61.602337
v -15.000000 2.000000 -61.602337
v -17.000000 4.000000 -63.602345
v -15.000000 4.000000 -63.602345
v -17.000000 4.000000 -61.602341
v -15.000000 4.000000 -61.602341
v -15.000000 2.000000 -63.602341
v -17.000000 2.000000 -63.602341
v -15.000000 2.000000 -61.602337
v -17.000000 2.000000 -61.602337
v -13.000000 4.000000 -63.602345
v -13.000000 2.000000 -63.602341
v -13.000000 4.000000 -61.602341
v -13.000000 2.000000 -61.602337
v -15.000000 2.000000 -63.602341
v -15.000000 4.000000 -63.602345
v -15.000000 2.000000 -61.602337
v -15.000000 4.000000 -61.602341
v -15.000000 2.000000 -63.602341
v -13.000000 2.000000 -63.602341
v -15.000000 4.000000 -63.602345
v -13.000000 4.000000 -63.602345
v -15.000000 4.000000 -61.602341
v -13.000000 4.000000 -61.602341
v -15.000000 2.000000 -61.602337
v -13.000000 2.000000 -61.602337
v -15.000000 4.000000 -63.602345
v -13.000000 4.000000 -63.602345
v -15.000000 4.000000 -61.602341
v -13.000000 4.000000 -61.602341
v -13.000000 2.000000 -63.602341
v -15.000000 2.000000 -63.602341
v -13.000000 2.000000 -61.602337
v -15.000000 2.000000 -61.602337
v -11.000000 4.000000 -63.602345
v -11.000000 2.000000 -63.602341
v -11.000000 4.000000 -61.602341
v -11.000000 2.000000 -61.602337
v -13.000000 2.000000 -63.602341
v -13.000000 4.000000 -63.602345
v -13.000000 2.000000 -61.602337
v -13.000000 4.000000 -61.602341
v -13.000000 2.000000 -63.602341
v -11.000000 2.000000 -63.602341
v -13.000000 4.000000 -63.602345
v -11.000000 4.000000 -63.602345
v -13.000000 4.000000 -61.602341
v -11.000000 4.000000 -61.602341
v -13.000000 2.000000 -61.602337
v -11.000000 2.000000 -61.602337
v -13.000000 4.000000 -63.602345
v -11.000000 4.000000 -63.602345
v -13.000000 4.000000 -61.602341
v -11.000000 4.000000 -61.602341
v -11.000000 2.000000 -63.602341
v -13.000000 2.000000 -63.602341
v -11.000000 2.000000 -61.602337
v -13.000000 2.000000 -61.602337
v -7.000000 4.000000 -63.602345
v -7.000000 2.000000 -63.602341
v -7.000000 4.000000 -61.602341
v -7.000000 2.000000 -61.602337
v -9.000000 2.000000 -63.602341
v -9.000000 4.000000 -63.602345
v -9.000000 2.000000 -61.602337
v -9.000000 4.000000 -61.602341
v -9.000000 2.000000 -63.602341
v -7.000000 2.000000 -63.602341
v -9.000000 4.000000 -63.602345
v -7.000000 4.000000 -63.602345
v -9.000000 4.000000 -61.602341
v -7.000000 4.000000 -61.602341
v -9.000000 2.000000 -61.602337
v -7.000000 2.000000 -61.602337
v -9.000000 4.000000 -63.602345
v -7.000000 4.000000 -63.602345
v -9.000000 4.000000 -61.602341
v -7.000000 4.000000 -61.602341
v -7.000000 2.000000 -63.602341
v -9.000000 2.000000 -63.602341
v -7.000000 2.000000 -61.602337
v -9.000000 2.000000 -61.602337
v -3.000000 4.000000 -63.602345
v -3.000000 2.000000 -63.602341
v -3.000000 4.000000 -61.602341
v -3.000000 2.000000 -61.602337
v -5.000000 2.000000 -63.602341
v -5.000000 4.000000 -63.602345
v -5.000000 2.000000 -61.602337
v -5.000000 4.000000 -61.602341
v -5.000000 2.000000 -63.602341
v -3.000000 2.000000 -63.602341
v -5.000000 4.000000 -63.602345
v -3.000000 4.000000 -63.602345
v -5.000000 4.000000 -61.602341
v -3.000000 4.000000 -61.602341
v -5.000000 2.000000 -61.602337
v -3.000000 2.000000 -61.602337
v -5.000000 4.000000 -63.602345
v -3.000000 4.000000 -63.602345
v -5.000000 4.000000 -61.602341
v -3.000000 4.000000 -61.602341
v -3.000000 2.000000 -63.602341
v -5.000000 2.000000 -63.602341
v -3.000000 2.000000 -61.602337
v -5.000000 2.000000 -61.602337
v 1.000000 4.000000 -63.602345
v 1.000000 2.000000 -63.602341
v 1.000000 4.000000 -61.602341
v 1.000000 2.000000 -61.602337
v -1.000000 2.000000 -63.602341
v -1.000000 4.000000 -63.602345
v -1.000000 2.000000 -61.602337
v -1.000000 4.000000 -61.602341
v -1.000000 2.000000 -63.602341
v 1.000000 2.000000 -63.602341
v -1.000000 4.000000 -63.602345
v 1.000000 4.000000 -63.602345
v -1.000000 4.000000 -61.602341
v 1.000000 4.000000 -61.602341
v -1.000000 2.000000 -61.602337
v 1.000000 2.000000 -61.602337
v -1.000000 4.000000 -63.602345
v 1.000000 4.000000 -63.602345
v -1.000000 4.000000 -61.602341
v 1.000000 4.000000 -61.602341
v 1.000000 2.000000 -63.602341
v -1.000000 2.000000 -63.602341
v 1.000000 2.000000 -61.602337
v -1.000000 2.000000 -61.602337
v 5.000000 4.000000 -63.602345
v 5.000000 2.000000 -63.602341
v 5.000000 4.000000 -61.602341
v 5.000000 2.000000 -61.602337
v 3.000000 2.000000 -63.602341
v 3.000000 4.000000 -63.602345
v 3.000000 2.000000 -61.602337
v 3.000000 4.000000 -61.602341
v 3.000000 2.000000 -63.602341
v 5.000000 2.000000 -63.602341
v 3.000000 4.000000 -63.602345
v 5.000000 4.000000 -63.602345
v 3.000000 4.000000 -61.602341
v 5.000000 4.000000 -61.602341
v 3.000000 2.000000 -61.602337
v 5.000000 2.000000 -61.602337
v 3.000000 4.000000 -63.602345
v 5.000000 4.000000 -63.602345
v 3.000000 4.000000 -61.602341
v 5.000000 4.000000 -61.602341
v 5.000000 2.000000 -63.602341
v 3.000000 2.000000 -63.602341
v 5.000000 2.000000 -61.602337
v 3.000000 2.000000 -61.602337
v 9.000000 4.000000 -63.602345
v 9.000000 2.000000 -63.602341
v 9.000000 4.000000 -61.602341
v 9.000000 2.000000 -61.602337
v 7.000000 2.000000 -63.602341
v 7.000000 4.000000 -63.602345
v 7.000000 2.000000 -61.602337
v 7.000000 4.000000 -61.602341
v 7.000000 2.000000 -63.602341
v 9.000000 2.000000 -63.602341
v 7.000000 4.000000 -63.602345
v 9.000000 4.000000 -63.602345
v 7.000000 4.000000 -61.602341
v 9.000000 4.000000 -61.602341
v 7.000000 2.000000 -61.602337
v 9.000000 2.000000 -61.602337
v 7.000000 4.000000 -63.602345
v 9.000000 4.000000 -63.602345
v 7.000000 4.000000 -61.602341
v 9.000000 4.000000 -61.602341
v 9.000000 2.000000 -63.602341
v 7.000000 2.000000 -63.602341
v 9.000000 2.000000 -61.602337
v 7.000000 2.000000 -61.602337
v 13.000000 4.000000 -63.602345
v 13.000000 2.000000 -63.602341
v 13.000000 4.000000 -61.602341
v 13.000000 2.000000 -61.602337
v 11.000000 2.000000 -63.602341
v 11.000000 4.000000 -63.602345
v 11.000000 2.000000 -61.602337
v 11.000000 4.000000 -61.602341
v 11.000000 2.000000 -63.602341
v 13.000000 2.000000 -63.602341
v 11.000000 4.000000 -63.602345
v 13.000000 4.000000 -63.602345
v 11.000000 4.000000 -61.602341
v 13.000000 4.000000 -61.602341
v 11.000000 2.000000 -61.602337
v 13.000000 2.000000 -61.602337
v 11.000000 4.000000 -63.602345
v 13.000000 4.000000 -63.602345
v 11.000000 4.000000 -61.602341
v 13.000000 4.000000 -61.602341
v 13.000000 2.000000 -63.602341
v 11.000000 2.000000 -63.602341
v 13.000000 2.000000 -61.602337
v 11.000000 2.000000 -61.602337
v 15.000000 4.000000 -63.602345
v 15.000000 2.000000 -63.602341
v 15.000000 4.000000 -61.602341
v 15.000000 2.000000 -61.602337
v 13.000000 2.000000 -63.602341
v 13.000000 4.000000 -63.602345
v 13.000000 2.000000 -61.602337
v 13.000000 4.000000 -61.602341
v 13.000000 2.000000 -63.602341
v 15.000000 2.000000 -63.602341
v 13.000000 4.000000 -63.602345
v 15.000000 4.000000 -63.602345
v 13.000000 4.000000 -61.602341
v 15.000000 4.000000 -61.602341
v 13.000000 2.000000 -61.602337
v 15.000000 2.000000 -61.602337
v 13.000000 4.000000 -63.602345
v 15.000000 4.000000 -63.602345
v 13.000000 4.000000 -61.602341
v 15.000000 4.000000 -61.602341
v 15.000000 2.000000 -63.602341
v 13.000000 2.000000 -63.602341
v 15.000000 2.000000 -61.602337
v 13.000000 2.000000 -61.602337
v 17.000000 4.000000 -63.602345
v 17.000000 2.000000 -63.602341
v 17.000000 4.000000 -61.602341
v 17.000000 2.000000 -61.602337
v 15.000000 2.000000 -63.602341
v 15.000000 4.000000 -63.602345
v 15.000000 2.000000 -61.602337
v 15.000000 4.000000 -61.602341
v 15.000000 2.000000 -63.602341
v 17.000000 2.000000 -63.602341
v 15.000000 4.000000 -63.602345
v 17.000000 4.000000 -63.602345
v 15.000000 4.000000 -61.602341
v 17.000000 4.000000 -61.602341
v 15.000000 2.000000 -61.602337
v 17.000000 2.000000 -61.602337
v 15.000000 4.000000 -63.602345
v 17.000000 4.000000 -63.602345
v 15.000000 4.000000 -61.602341
v 17.000000 4.000000 -61.602341
v 17.000000 2.000000 -63.602341
v 15.000000 2.000000 -63.602341
v 17.000000 2.000000 -61.602337
v 15.000000 2.000000 -61.602337
v 19.000000 4.000000 -63.602345
v 19.000000 2.000000 -63.602341
v 19.000000 4.000000 -61.602341
v 19.000000 2.000000 -61.602337
v 17.000000 2.000000 -63.602341
v 17.000000 4.000000 -63.602345
v 17.000000 2.000000 -61.602337
v 17.000000 4.000000 -61.602341
v 17.000000 2.000000 -63.602341
v 19.000000 2.000000 -63.602341
v 17.000000 4.000000 -63.602345
v 19.000000 4.000000 -63.602345
v 17.000000 4.000000 -61.602341
v 19.000000 4.000000 -61.602341
v 17.000000 2.000000 -61.602337
v 19.000000 2.000000 -61.602337
v 17.000000 4.000000 -63.602345
v 19.000000 4.000000 -63.602345
v 17.000000 4.000000 -61.602341
v 19.000000 4.000000 -61.602341
v 19.000000 2.000000 -63.602341
v 17.000000 2.000000 -63.602341
v 19.000000 2.000000 -61.602337
v 17.000000 2.000000 -61.602337
v 21.000000 4.000000 -63.602345
v 21.000000 2.000000 -63.602341
v 21.000000 4.000000 -61.602341
v 21.000000 2.000000 -61.602337
v 19.000000 2.000000 -63.602341
v 19.000000 4.000000 -63.602345
v 19.000000 2.000000 -61.602337
v 19.000000 4.000000 -61.602341
v 19.000000 2.000000 -63.602341
v 21.000000 2.000000 -63.602341
v 19.000000 4.000000 -63.602345
v 21.000000 4.000000 -63.602345
v 19.000000 4.000000 -61.602341
v 21.000000 4.000000 -61.602341
v 19.000000 2.000000 -61.602337
v 21.000000 2.000000 -61.602337
v 19.000000 4.000000 -63.602345
v 21.000000 4.000000 -63.602345
v 19.000000 4.000000 -61.602341
v 21.000000 4.000000 -61.602341
v 21.000000 2.000000 -63.602341
v 19.000000 2.000000 -63.602341
v 21.000000 2.000000 -61.602337
v 19.000000 2.000000 -61.602337
v 23.000000 4.000000 -63.602345
v 23.000000 2.000000 -63.602341
v 23.000000 4.000000 -61.602341
v 23.000000 2.000000 -61.602337
v 21.000000 2.000000 -63.602341
v 21.000000 4.000000 -63.602345
v 21.000000 2.000000 -61.602337
v 21.000000 4.000000 -61.602341
v 21.000000 2.000000 -63.602341
v 23.000000 2.000000 -63.602341
v 21.000000 4.000000 -63.602345
v 23.000000 4.000000 -63.602345
v 21.000000 4.000000 -61.602341
v 23.000000 4.000000 -61.602341
v 21.000000 2.000000 -61.602337
v 23.000000 2.000000 -61.602337
v 21.000000 4.000000 -63.602345
v 23.000000 4.000000 -63.602345
v 21.000000 4.000000 -61.602341
v 23.000000 4.000000 -61.602341
v 23.000000 2.000000 -63.602341
v 21.000000 2.000000 -63.602341
v 23.000000 2.000000 -61.602337
v 21.000000 2.000000 -61.602337
v 25.000000 4.000000 -63.602345
v 25.000000 2.000000 -63.602341
v 25.000000 4.000000 -61.602341
v 25.000000 2.000000 -61.602337
v 23.000000 2.000000 -63.602341
v 23.000000 4.000000 -63.602345
v 23.000000 2.000000 -61.602337
v 23.000000 4.000000 -61.602341
v 23.000000 2.000000 -63.602341
v 25.000000 2.000000 -63.602341
v 23.000000 4.000000 -63.602345
v 25.000000 4.000000 -63.602345
v 23.000000 4.000000 -61.602341
v 25.000000 4.000000 -61.602341
v 23.000000 2.000000 -61.602337
v 25.000000 2.000000 -61.602337
v 23.000000 4.000000 -63.602345
v 25.000000 4.000000 -63.602345
v 23.000000 4.000000 -61.602341
v 25.000000 4.000000 -61.602341
v 25.000000 2.000000 -63.602341
v 23.000000 2.000000 -63.602341
v 25.000000 2.000000 -61.602337
v 23.000000 2.000000 -61.602337
v 5.000000 4.000000 -61.602341
v 5.000000 2.000000 -61.602337
v 5.000000 4.000000 -59.602341
v 5.000000 2.000000 -59.602341
v 3.000000 2.000000 -61.602337
v 3.000000 4.000000 -61.602341
v 3.000000 2.000000 -59.602341
v 3.000000 4.000000 -59.602341
v 3.000000 2.000000 -61.602337
v 5.000000 2.000000 -61.602337
v 3.000000 4.000000 -61.602341
v 5.000000 4.000000 -61.602341
v 3.000000 4.000000 -59.602341
v 5.000000 4.000000 -59.602341
v 3.000000 2.000000 -59.602341
v 5.000000 2.000000 -59.602341
v 3.000000 4.000000 -61.602341
v 5.000000 4.000000 -61.602341
v 3.000000 4.000000 -59.602341
v 5.000000 4.000000 -59.602341
v 5.000000 2.000000 -61.602337
v 3.000000 2.000000 -61.602337
v 5.000000 2.000000 -59.602341
v 3.000000 2.000000 -59.602341
v 7.000000 4.000000 -61.602341
v 7.000000 2.000000 -61.602337
v 7.000000 4.000000 -59.602341
v 7.000000 2.000000 -59.602341
v 5.000000 2.000000 -61.602337
v 5.000000 4.000000 -61.602341
v 5.000000 2.000000 -59.602341
v 5.000000 4.000000 -59.602341
v 5.000000 2.000000 -61.602337
v 7.000000 2.000000 -61.602337
v 5.000000 4.000000 -61.602341
v 7.000000 4.000000 -61.602341
v 5.000000 4.000000 -59.602341
v 7.000000 4.000000 -59.602341
v 5.000000 2.000000 -59.602341
v 7.000000 2.000000 -59.602341
v 5.000000 4.000000 -61.602341
v 7.000000 4.000000 -61.602341
v 5.000000 4.000000 -59.602341
v 7.000000 4.000000 -59.602341
v 7.000000 2.000000 -61.602337
v 5.000000 2.000000 -61.602337
v 7.000000 2.000000 -59.602341
v 5.000000 2.000000 -59.602341
v -19.000000 4.000000 -59.602341
v -19.000000 2.000000 -59.602341
v -19.000000 4.000000 -57.602337
v -19.000000 2.000000 -57.602341
v -21.000000 2.000000 -59.602341
v -21.000000 4.000000 -59.602341
v -21.000000 2.000000 -57.602341
v -21.000000 4.000000 -57.602337
v -21.000000 2.000000 -59.602341
v -19.000000 2.000000 -59.602341
v -21.000000 4.000000 -59.602341
v -19.000000 4.000000 -59.602341
v -21.000000 4.000000 -57.602337
v -19.000000 4.000000 -57.602337
v -21.000000 2.000000 -57.602341
v -19.000000 2.000000 -57.602341
v -21.000000 4.000000 -59.602341
v -19.000000 4.000000 -59.602341
v -21.000000 4.000000 -57.602337
v -19.000000 4.000000 -57.602337
v -19.000000 2.000000 -59.602341
v -21.000000 2.000000 -59.602341
v -19.000000 2.000000 -57.602341
v -21.000000 2.000000 -57.602341
v -17.000000 4.000000 -59.602341
v -17.000000 2.000000 -59.602341
v -17.000000 4.000000 -57.602337
v -17.000000 2.000000 -57.602341
v -19.000000 2.000000 -59.602341
v -19.000000 4.000000 -59.602341
v -19.000000 2.000000 -57.602341
v -19.000000 4.000000 -57.602337
v -19.000000 2.000000 -59.602341
v -17.000000 2.000000 -59.602341
v -19.000000 4.000000 -59.602341
v -17.000000 4.000000 -59.602341
v -19.000000 4.000000 -57.602337
v -17.000000 4.000000 -57.602337
v -19.000000 2.000000 -57.602341
v -17.000000 2.000000 -57.602341
v -19.000000 4.000000 -59.602341
v -17.000000 4.000000 -59.602341
v -19.000000 4.000000 -57.602337
v -17.000000 4.000000 -57.602337
v -17.000000 2.000000 -59.602341
v -19.000000 2.000000 -59.602341
v -17.000000 2.000000 -57.602341
v -19.000000 2.000000 -57.602341
v -15.000000 4.000000 -59.602341
v -15.000000 2.000000 -59.602341
v -15.000000 4.000000 -57.602337
v -15.000000 2.000000 -57.602341
v -17.000000 2.000000 -59.602341
v -17.000000 4.000000 -59.602341
v -17.000000 2.000000 -57.602341
v -17.000000 4.000000 -57.602337
v -17.000000 2.000000 -59.602341
v -15.000000 2.000000 -59.602341
v -17.000000 4.000000 -59.602341
v -15.000000 4.000000 -59.602341
v -17.000000 4.000000 -57.602337
v -15.000000 4.000000 -57.602337
v -17.000000 2.000000 -57.602341
v -15.000000 2.000000 -57.602341
v -17.000000 4.000000 -59.602341
v -15.000000 4.000000 -59.602341
v -17.000000 4.000000 -57.602337
v -15.000000 4.000000 -57.602337
v -15.000000 2.000000 -59.602341
v -17.000000 2.000000 -59.602341
v -15.000000 2.000000 -57.602341
v -17.000000 2.000000 -57.602341
v -13.000000 4.000000 -59.602341
v -13.000000 2.000000 -59.602341
v -13.000000 4.000000 -57.602337
v -13.000000 2.000000 -57.602341
v -15.000000 2.000000 -59.602341
v -15.000000 4.000000 -59.602341
v -15.000000 2.000000 -57.602341
v -15.000000 4.000000 -57.602337
v -15.000000 2.000000 -59.602341
v -13.000000 2.000000 -59.602341
v -15.000000 4.000000 -59.602341
v -13.000000 4.000000 -59.602341
v -15.000000 4.000000 -57.602337
v -13.000000 4.000000 -57.602337
v -15.000000 2.000000 -57.602341
v -13.000000 2.000000 -57.602341
v -15.000000 4.000000 -59.602341
v -13.000000 4.000000 -59.602341
v -15.000000 4.000000 -57.602337
v -13.000000 4.000000 -57.602337
v -13.000000 2.000000 -59.602341
v -15.000000 2.000000 -59.602341
v -13.000000 2.000000 -57.602341
v -15.000000 2.000000 -57.602341
v -11.000000 4.000000 -59.602341
v -11.000000 2.000000 -59.602341
v -11.000000 4.000000 -57.602337
v -11.000000 2.000000 -57.602341
v -13.000000 2.000000 -59.602341
v -13.000000 4.000000 -59.602341
v -13.000000 2.000000 -57.602341
v -13.000000 4.000000 -57.602337
v -13.000000 2.000000 -59.602341
v -11.000000 2.000000 -59.602341
v -13.000000 4.000000 -59.602341
v -11.000000 4.000000 -59.602341
v -13.000000 4.000000 -57.602337
v -11.000000 4.000000 -57.602337
v -13.000000 2.000000 -57.602341
v -11.000000 2.000000 -57.602341
v -13.000000 4.000000 -59.602341
v -11.000000 4.000000 -59.602341
v -13.000000 4.000000 -57.602337
v -11.000000 4.000000 -57.602337
v -11.000000 2.000000 -59.602341
v -13.000000 2.000000 -59.602341
v -11.000000 2.000000 -57.602341
v -13.000000 2.000000 -57.602341
v -9.000000 4.000000 -59.602341
v -9.000000 2.000000 -59.602341
v -9.000000 4.000000 -57.602337
v -9.000000 2.000000 -57.602341
v -11.000000 2.000000 -59.602341
v -11.000000 4.000000 -59.602341
v -11.000000 2.000000 -57.602341
v -11.000000 4.000000 -57.602337
v -11.000000 2.000000 -59.602341
v -9.000000 2.000000 -59.602341
v -11.000000 4.000000 -59.602341
v -9.000000 4.000000 -59.602341
v -11.000000 4.000000 -57.602337
v -9.000000 4.000000 -57.602337
v -11.000000 2.000000 -57.602341
v -9.000000 2.000000 -57.602341
v -11.000000 4.000000 -59.602341
v -9.000000 4.000000 -59.602341
v -11.000000 4.000000 -57.602337
v -9.000000 4.000000 -57.602337
v -9.000000 2.000000 -59.602341
v -11.000000 2.000000 -59.602341
v -9.000000 2.000000 -57.602341
v -11.000000 2.000000 -57.602341
v -5.000000 4.000000 -59.602341
v -5.000000 2.000000 -59.602341
v -5.000000 4.000000 -57.602337
v -5.000000 2.000000 -57.602341
v -7.000000 2.000000 -59.602341
v -7.000000 4.000000 -59.602341
v -7.000000 2.000000 -57.602341
v -7.000000 4.000000 -57.602337
v -7.000000 2.000000 -59.602341
v -5.000000 2.000000 -59.602341
v -7.000000 4.000000 -59.602341
v -5.000000 4.000000 -59.602341
v -7.000000 4.000000 -57.602337
v -5.000000 4.000000 -57.602337
v -7.000000 2.000000 -57.602341
v -5.000000 2.000000 -57.602341
v -7.000000 4.000000 -59.602341
v -5.000000 4.000000 -59.602341
v -7.000000 4.000000 -57.602337
v -5.000000 4.000000 -57.602337
v -5.000000 2.000000 -59.602341
v -7.000000 2.000000 -59.602341
v -5.000000 2.000000 -57.602341
v -7.000000 2.000000 -57.602341
v -3.000000 4.000000 -59.602341
v -3.000000 2.000000 -59.602341
v -3.000000 4.000000 -57.602337
v -3.000000 2.000000 -57.602341
v -5.000000 2.000000 -59.602341
v -5.000000 4.000000 -59.602341
v -5.000000 2.000000 -57.602341
v -5.000000 4.000000 -57.602337
v -5.000000 2.000000 -59.602341
v -3.000000 2.000000 -59.602341
v -5.000000 4.000000 -59.602341
v -3.000000 4.000000 -59.602341
v -5.000000 4.000000 -57.602337
v -3.000000 4.000000 -57.602337
v -5.000000 2.000000 -57.602341
v -3.000000 2.000000 -57.602341
v -5.000000 4.000000 -59.602341
v -3.000000 4.000000 -59.602341
v -5.000000 4.000000 -57.602337
v -3.000000 4.000000 -57.602337
v -3.000000 2.000000 -59.602341
v -5.000000 2.000000 -59.602341
v -3.000000 2.000000 -57.602341
v -5.000000 2.000000 -57.602341
v -1.000000 4.000000 -59.602341
v -1.000000 2.000000 -59.602341
v -1.000000 4.000000 -57.602337
v -1.000000 2.000000 -57.602341
v -3.000000 2.000000 -59.602341
v -3.000000 4.000000 -59.602341
v -3.000000 2.000000 -57.602341
v -3.000000 4.000000 -57.602337
v -3.000000 2.000000 -59.602341
v -1.000000 2.000000 -59.602341
v -3.000000 4.000000 -59.602341
v -1.000000 4.000000 -59.602341
v -3.000000 4.000000 -57.602337
v -1.000000 4.000000 -57.602337
v -3.000000 2.000000 -57.602341
v -1.000000 2.000000 -57.602341
v -3.000000 4.000000 -59.602341
v -1.000000 4.000000 -59.602341
v -3.000000 4.000000 -57.602337
v -1.000000 4.000000 -57.602337
v -1.000000 2.000000 -59.602341
v -3.000000 2.000000 -59.602341
v -1.000000 2.000000 -57.602341
v -3.000000 2.000000 -57.602341
v 3.000000 4.000000 -59.602341
v 3.000000 2.000000 -59.602341
v 3.000000 4.000000 -57.602337
v 3.000000 2.000000 -57.602341
v 1.000000 2.000000 -59.602341
v 1.000000 4.000000 -59.602341
v 1.000000 2.000000 -57.602341
v 1.000000 4.000000 -57.602337
v 1.000000 2.000000 -59.602341
v 3.000000 2.000000 -59.602341
v 1.000000 4.000000 -59.602341
v 3.000000 4.000000 -59.602341
v 1.000000 4.000000 -57.602337
v 3.000000 4.000000 -57.602337
v 1.000000 2.000000 -57.602341
v 3.000000 2.000000 -57.602341
v 1.000000 4.000000 -59.602341
v 3.000000 4.000000 -59.602341
v 1.000000 4.000000 -57.602337
v 3.000000 4.000000 -57.602337
v 3.000000 2.000000 -59.602341
v 1.000000 2.000000 -59.602341
v 3.000000 2.000000 -57.602341
v 1.000000 2.000000 -57.602341
v 9.000000 4.000000 -59.602341
v 9.000000 2.000000 -59.602341
v 9.000000 4.000000 -57.602337
v 9.000000 2.000000 -57.602341
v 7.000000 2.000000 -59.602341
v 7.000000 4.000000 -59.602341
v 7.000000 2.000000 -57.602341
v 7.000000 4.000000 -57.602337
v 7.000000 2.000000 -59.602341
v 9.000000 2.000000 -59.602341
v 7.000000 4.000000 -59.602341
v 9.000000 4.000000 -59.602341
v 7.000000 4.000000 -57.602337
v 9.000000 4.000000 -57.602337
v 7.000000 2.000000 -57.602341
v 9.000000 2.000000 -57.602341
v 7.000000 4.000000 -59.602341
v 9.000000 4.000000 -59.602341
v 7.000000 4.000000 -57.602337
v 9.000000 4.000000 -57.602337
v 9.000000 2.000000 -59.602341
v 7.000000 2.000000 -59.602341
v 9.000000 2.000000 -57.602341
v 7.000000 2.000000 -57.602341
v 11.000000 4.000000 -59.602341
v 11.000000 2.000000 -59.602341
v 11.000000 4.000000 -57.602337
v 11.000000 2.000000 -57.602341
v 9.000000 2.000000 -59.602341
v 9.000000 4.000000 -59.602341
v 9.000000 2.000000 -57.602341
v 9.000000 4.000000 -57.602337
v 9.000000 2.000000 -59.602341
v 11.000000 2.000000 -59.602341
v 9.000000 4.000000 -59.602341
v 11.000000 4.000000 -59.602341
v 9.000000 4.000000 -57.602337
v 11.000000 4.000000 -57.602337
v 9.000000 2.000000 -57.602341
v 11.000000 2.000000 -57.602341
v 9.000000 4.000000 -59.602341
v 11.000000 4.000000 -59.602341
v 9.000000 4.000000 -57.602337
v 11.000000 4.000000 -57.602337
v 11.000000 2.000000 -59.602341
v 9.000000 2.000000 -59.602341
v 11.000000 2.000000 -57.602341
v 9.000000 2.000000 -57.602341
v 15.000000 4.000000 -59.602341
v 15.000000 2.000000 -59.602341
v 15.000000 4.000000 -57.602337
v 15.000000 2.000000 -57.602341
v 13.000000 2.000000 -59.602341
v 13.000000 4.000000 -59.602341
v 13.000000 2.000000 -57.602341
v 13.000000 4.000000 -57.602337
v 13.000000 2.000000 -59.602341
v 15.000000 2.000000 -59.602341
v 13.000000 4.000000 -59.602341
v 15.000000 4.000000 -59.602341
v 13.000000 4.000000 -57.602337
v 15.000000 4.000000 -57.602337
v 13.000000 2.000000 -57.602341
v 15.000000 2.000000 -57.602341
v 13.000000 4.000000 -59.602341
v 15.000000 4.000000 -59.602341
v 13.000000 4.000000 -57.602337
v 15.000000 4.000000 -57.602337
v 15.000000 2.000000 -59.602341
v 13.000000 2.000000 -59.602341
v 15.000000 2.000000 -57.602341
v 13.000000 2.000000 -57.602341
v 17.000000 4.000000 -59.602341
v 17.000000 2.000000 -59.602341
v 17.000000 4.000000 -57.602337
v 17.000000 2.000000 -57.602341
v 15.000000 2.000000 -59.602341
v 15.000000 4.000000 -59.602341
v 15.000000 2.000000 -57.602341
v 15.000000 4.000000 -57.602337
v 15.000000 2.000000 -59.602341
v 17.000000 2.000000 -59.602341
v 15.000000 4.000000 -59.602341
v 17.000000 4.000000 -59.602341
v 15.000000 4.000000 -57.602337
v 17.000000 4.000000 -57.602337
v 15.000000 2.000000 -57.602341
v 17.000000 2.000000 -57.602341
v 15.000000 4.000000 -59.602341
v 17.000000 4.000000 -59.602341
v 15.000000 4.000000 -57.602337
v 17.000000 4.000000 -57.602337
v 17.000000 2.000000 -59.602341
v 15.000000 2.000000 -59.602341
v 17.000000 2.000000 -57.602341
v 15.000000 2.000000 -57.602341
v 19.000000 4.000000 -59.602341
v 19.000000 2.000000 -59.602341
v 19.000000 4.000000 -57.602337
v 19.000000 2.000000 -57.602341
v 17.000000 2.000000 -59.602341
v 17.000000 4.000000 -59.602341
v 17.000000 2.000000 -57.602341
v 17.000000 4.000000 -57.602337
v 17.000000 2.000000 -59.602341
v 19.000000 2.000000 -59.602341
v 17.000000 4.000000 -59.602341
v 19.000000 4.000000 -59.602341
v 17.000000 4.000000 -57.602337
v 19.000000 4.000000 -57.602337
v 17.000000 2.000000 -57.602341
v 19.000000 2.000000 -57.602341
v 17.000000 4.000000 -59.602341
v 19.000000 4.000000 -59.602341
v 17.000000 4.000000 -57.602337
v 19.000000 4.000000 -57.602337
v 19.000000 2.000000 -59.602341
v 17.000000 2.000000 -59.602341
v 19.000000 2.000000 -57.602341
v 17.000000 2.000000 -57.602341
v 21.000000 4.000000 -59.602341
v 21.000000 2.000000 -59.602341
v 21.000000 4.000000 -57.602337
v 21.000000 2.000000 -57.602341
v 19.000000 2.000000 -59.602341
v 19.000000 4.000000 -59.602341
v 19.000000 2.000000 -57.602341
v 19.000000 4.000000 -57.602337
v 19.000000 2.000000 -59.602341
v 21.000000 2.000000 -59.602341
v 19.000000 4.000000 -59.602341
v 21.000000 4.000000 -59.602341
v 19.000000 4.000000 -57.602337
v 21.000000 4.000000 -57.602337
v 19.000000 2.000000 -57.602341
v 21.000000 2.000000 -57.602341
v 19.000000 4.000000 -59.602341
v 21.000000 4.000000 -59.602341
v 19.000000 4.000000 -57.602337
v 21.000000 4.000000 -57.602337
v 21.000000 2.000000 -59.602341
v 19.000000 2.000000 -59.602341
v 21.000000 2.000000 -57.602341
v 19.000000 2.000000 -57.602341
v 25.000000 4.000000 -59.602341
v 25.000000 2.000000 -59.602341
v 25.000000 4.000000 -57.602337
v 25.000000 2.000000 -57.602341
v 23.000000 2.000000 -59.602341
v 23.000000 4.000000 -59.602341
v 23.000000 2.000000 -57.602341
v 23.000000 4.000000 -57.602337
v 23.000000 2.000000 -59.602341
v 25.000000 2.000000 -59.602341
v 23.000000 4.000000 -59.602341
v 25.000000 4.000000 -59.602341
v 23.000000 4.000000 -57.602337
v 25.000000 4.000000 -57.602337
v 23.000000 2.000000 -57.602341
v 25.000000 2.000000 -57.602341
v 23.000000 4.000000 -59.602341
v 25.000000 4.000000 -59.602341
v 23.000000 4.000000 -57.602337
v 25.000000 4.000000 -57.602337
v 25.000000 2.000000 -59.602341
v 23.000000 2.000000 -59.602341
v 25.000000 2.000000 -57.602341
v 23.000000 2.000000 -57.602341
v -19.000000 4.000000 -57.602337
v -19.000000 2.000000 -57.602341
v -19.000000 4.000000 -55.602341
v -19.000000 2.000000 -55.602341
v -21.000000 2.000000 -57.602341
v -21.000000 4.000000 -57.602337
v -21.000000 2.000000 -55.602341
v -21.000000 4.000000 -55.602341
v -21.000000 2.000000 -57.602341
v -19.000000 2.000000 -57.602341
v -21.000000 4.000000 -57.602337
v -19.000000 4.000000 -57.602337
v -21.000000 4.000000 -55.602341
v -19.000000 4.000000 -55.602341
v -21.000000 2.000000 -55.602341
v -19.000000 2.000000 -55.602341
v -21.000000 4.000000 -57.602337
v -19.000000 4.000000 -57.602337
v -21.000000 4.000000 -55.602341
v -19.000000 4.000000 -55.602341
v -19.000000 2.000000 -57.602341
v -21.000000 2.000000 -57.602341
v -19.000000 2.000000 -55.602341
v -21.000000 2.000000 -55.602341
v -15.000000 4.000000 -57.602337
v -15.000000 2.000000 -57.602341
v -15.000000 4.000000 -55.602341
v -15.000000 2.000000 -55.602341
v -17.000000 2.000000 -57.602341
v -17.000000 4.000000 -57.602337
v -17.000000 2.000000 -55.602341
v -17.000000 4.000000 -55.602341
v -17.000000 2.000000 -57.602341
v -15.000000 2.000000 -57.602341
v -17.000000 4.000000 -57.602337
v -15.000000 4.000000 -57.602337
v -17.000000 4.000000 -55.602341
v -15.000000 4.000000 -55.602341
v -17.000000 2.000000 -55.602341
v -15.000000 2.000000 -55.602341
v -17.000000 4.000000 -57.602337
v -15.000000 4.000000 -57.602337
v -17.000000 4.000000 -55.602341
v -15.000000 4.000000 -55.602341
v -15.000000 2.000000 -57.602341
v -17.000000 2.000000 -57.602341
v -15.000000 2.000000 -55.602341
v -17.000000 2.000000 -55.602341
v -3.000000 4.000000 -57.602337
v -3.000000 2.000000 -57.602341
v -3.000000 4.000000 -55.602341
v -3.000000 2.000000 -55.602341
v -5.000000 2.000000 -57.602341
v -5.000000 4.000000 -57.602337
v -5.000000 2.000000 -55.602341
v -5.000000 4.000000 -55.602341
v -5.000000 2.000000 -57.602341
v -3.000000 2.000000 -57.602341
v -5.000000 4.000000 -57.602337
v -3.000000 4.000000 -57.602337
v -5.000000 4.000000 -55.602341
v -3.000000 4.000000 -55.602341
v -5.000000 2.000000 -55.602341
v -3.000000 2.000000 -55.602341
v -5.000000 4.000000 -57.602337
v -3.000000 4.000000 -57.602337
v -5.000000 4.000000 -55.602341
v -3.000000 4.000000 -55.602341
v -3.000000 2.000000 -57.602341
v -5.000000 2.000000 -57.602341
v -3.000000 2.000000 -55.602341
v -5.000000 2.000000 -55.602341
v 9.000000 4.000000 -57.602337
v 9.000000 2.000000 -57.602341
v 9.000000 4.000000 -55.602341
v 9.000000 2.000000 -55.602341
v 7.000000 2.000000 -57.602341
v 7.000000 4.000000 -57.602337
v 7.000000 2.000000 -55.602341
v 7.000000 4.000000 -55.602341
v 7.000000 2.000000 -57.602341
v 9.000000 2.000000 -57.602341
v 7.000000 4.000000 -57.602337
v 9.000000 4.000000 -57.602337
v 7.000000 4.000000 -55.602341
v 9.000000 4.000000 -55.602341
v 7.000000 2.000000 -55.602341
v 9.000000 2.000000 -55.602341
v 7.000000 4.000000 -57.602337
v 9.000000 4.000000 -57.602337
v 7.000000 4.000000 -55.602341
v 9.000000 4.000000 -55.602341
v 9.000000 2.000000 -57.602341
v 7.000000 2.000000 -57.602341
v 9.000000 2.000000 -55.602341
v 7.000000 2.000000 -55.602341
v 11.000000 4.000000 -57.602337
v 11.000000 2.000000 -57.602341
v 11.000000 4.000000 -55.602341
v 11.000000 2.000000 -55.602341
v 9.000000 2.000000 -57.602341
v 9.000000 4.000000 -57.602337
v 9.000000 2.000000 -55.602341
v 9.000000 4.000000 -55.602341
v 9.000000 2.000000 -57.602341
v 11.000000 2.000000 -57.602341
v 9.000000 4.000000 -57.602337
v 11.000000 4.000000 -57.602337
v 9.000000 4.000000 -55.602341
v 11.000000 4.000000 -55.602341
v 9.000000 2.000000 -55.602341
v 11.000000 2.000000 -55.602341
v 9.000000 4.000000 -57.602337
v 11.000000 4.000000 -57.602337
v 9.000000 4.000000 -55.602341
v 11.000000 4.000000 -55.602341
v 11.000000 2.000000 -57.602341
v 9.000000 2.000000 -57.602341
v 11.000000 2.000000 -55.602341
v 9.000000 2.000000 -55.602341
v 15.000000 4.000000 -57.602337
v 15.000000 2.000000 -57.602341
v 15.000000 4.000000 -55.602341
v 15.000000 2.000000 -55.602341
v 13.000000 2.000000 -57.602341
v 13.000000 4.000000 -57.602337
v 13.000000 2.000000 -55.602341
v 13.000000 4.000000 -55.602341
v 13.000000 2.000000 -57.602341
v 15.000000 2.000000 -57.602341
v 13.000000 4.000000 -57.602337
v 15.000000 4.000000 -57.602337
v 13.000000 4.000000 -55.602341
v 15.000000 4.000000 -55.602341
v 13.000000 2.000000 -55.602341
v 15.000000 2.000000 -55.602341
v 13.000000 4.000000 -57.602337
v 15.000000 4.000000 -57.602337
v 13.000000 4.000000 -55.602341
v 15.000000 4.000000 -55.602341
v 15.000000 2.000000 -57.602341
v 13.000000 2.000000 -57.602341
v 15.000000 2.000000 -55.602341
v 13.000000 2.000000 -55.602341
v 17.000000 4.000000 -57.602337
v 17.000000 2.000000 -57.602341
v 17.000000 4.000000 -55.602341
v 17.000000 2.000000 -55.602341
v 15.000000 2.000000 -57.602341
v 15.000000 4.000000 -57.602337
v 15.000000 2.000000 -55.602341
v 15.000000 4.000000 -55.602341
v 15.000000 2.000000 -57.602341
v 17.000000 2.000000 -57.602341
v 15.000000 4.000000 -57.602337
v 17.000000 4.000000 -57.602337
v 15.000000 4.000000 -55.602341
v 17.000000 4.000000 -55.602341
v 15.000000 2.000000 -55.602341
v 17.000000 2.000000 -55.602341
v 15.000000 4.000000 -57.602337
v 17.000000 4.000000 -57.602337
v 15.000000 4.000000 -55.602341
v 17.000000 4.000000 -55.602341
v 17.000000 2.000000 -57.602341
v 15.000000 2.000000 -57.602341
v 17.000000 2.000000 -55.602341
v 15.000000 2.000000 -55.602341
v 21.000000 4.000000 -57.602337
v 21.000000 2.000000 -57.602341
v 21.000000 4.000000 -55.602341
v 21.000000 2.000000 -55.602341
v 19.000000 2.000000 -57.602341
v 19.000000 4.000000 -57.602337
v 19.000000 2.000000 -55.602341
v 19.000000 4.000000 -55.602341
v 19.000000 2.000000 -57.602341
v 21.000000 2.000000 -57.602341
v 19.000000 4.000000 -57.602337
v 21.000000 4.000000 -57.602337
v 19.000000 4.000000 -55.602341
v 21.000000 4.000000 -55.602341
v 19.000000 2.000000 -55.602341
v 21.000000 2.000000 -55.602341
v 19.000000 4.000000 -57.602337
v 21.000000 4.000000 -57.602337
v 19.000000 4.000000 -55.602341
v 21.000000 4.000000 -55.602341
v 21.000000 2.000000 -57.602341
v 19.000000 2.000000 -57.602341
v 21.000000 2.000000 -55.602341
v 19.000000 2.000000 -55.602341
v 25.000000 4.000000 -57.602337
v 25.000000 2.000000 -57.602341
v 25.000000 4.000000 -55.602341
v 25.000000 2.000000 -55.602341
v 23.000000 2.000000 -57.602341
v 23.000000 4.000000 -57.602337
v 23.000000 2.000000 -55.602341
v 23.000000 4.000000 -55.602341
v 23.000000 2.000000 -57.602341
v 25.000000 2.000000 -57.602341
v 23.000000 4.000000 -57.602337
v 25.000000 4.000000 -57.602337
v 23.000000 4.000000 -55.602341
v 25.000000 4.000000 -55.602341
v 23.000000 2.000000 -55.602341
v 25.000000 2.000000 -55.602341
v 23.000000 4.000000 -57.602337
v 25.000000 4.000000 -57.602337
v 23.000000 4.000000 -55.602341
v 25.000000 4.000000 -55.602341
v 25.000000 2.000000 -57.602341
v 23.000000 2.000000 -57.602341
v 25.000000 2.000000 -55.602341
v 23.000000 2.000000 -55.602341
v -21.000000 4.000000 -55.602341
v -21.000000 2.000000 -55.602341
v -21.000000 4.000002 -53.602341
v -21.000000 2.000000 -53.602341
v -23.000000 2.000000 -55.602341
v -23.000000 4.000000 -55.602341
v -23.000000 2.000000 -53.602341
v -23.000000 4.000002 -53.602341
v -23.000000 2.000000 -55.602341
v -21.000000 2.000000 -55.602341
v -23.000000 4.000000 -55.602341
v -21.000000 4.000000 -55.602341
v -23.000000 4.000002 -53.602341
v -21.000000 4.000002 -53.602341
v -23.000000 2.000000 -53.602341
v -21.000000 2.000000 -53.602341
v -23.000000 4.000000 -55.602341
v -21.000000 4.000000 -55.602341
v -23.000000 4.000002 -53.602341
v -21.000000 4.000002 -53.602341
v -21.000000 2.000000 -55.602341
v -23.000000 2.000000 -55.602341
v -21.000000 2.000000 -53.602341
v -23.000000 2.000000 -53.602341
v -15.000000 4.000000 -55.602341
v -15.000000 2.000000 -55.602341
v -15.000000 4.000002 -53.602341
v -15.000000 2.000000 -53.602341
v -17.000000 2.000000 -55.602341
v -17.000000 4.000000 -55.602341
v -17.000000 2.000000 -53.602341
v -17.000000 4.000002 -53.602341
v -17.000000 2.000000 -55.602341
v -15.000000 2.000000 -55.602341
v -17.000000 4.000000 -55.602341
v -15.000000 4.000000 -55.602341
v -17.000000 4.000002 -53.602341
v -15.000000 4.000002 -53.602341
v -17.000000 2.000000 -53.602341
v -15.000000 2.000000 -53.602341
v -17.000000 4.000000 -55.602341
v -15.000000 4.000000 -55.602341
v -17.000000 4.000002 -53.602341
v -15.000000 4.000002 -53.602341
v -15.000000 2.000000 -55.602341
v -17.000000 2.000000 -55.602341
v -15.000000 2.000000 -53.602341
v -17.000000 2.000000 -53.602341
v -11.000000 4.000000 -55.602341
v -11.000000 2.000000 -55.602341
v -11.000000 4.000002 -53.602341
v -11.000000 2.000000 -53.602341
v -13.000000 2.000000 -55.602341
v -13.000000 4.000000 -55.602341
v -13.000000 2.000000 -53.602341
v -13.000000 4.000002 -53.602341
v -13.000000 2.000000 -55.602341
v -11.000000 2.000000 -55.602341
v -13.000000 4.000000 -55.602341
v -11.000000 4.000000 -55.602341
v -13.000000 4.000002 -53.602341
v -11.000000 4.000002 -53.602341
v -13.000000 2.000000 -53.602341
v -11.000000 2.000000 -53.602341
v -13.000000 4.000000 -55.602341
v -11.000000 4.000000 -55.602341
v -13.000000 4.000002 -53.602341
v -11.000000 4.000002 -53.602341
v -11.000000 2.000000 -55.602341
v -13.000000 2.000000 -55.602341
v -11.000000 2.000000 -53.602341
v -13.000000 2.000000 -53.602341
v -5.000000 4.000000 -55.602341
v -5.000000 2.000000 -55.602341
v -5.000000 4.000002 -53.602341
v -5.000000 2.000000 -53.602341
v -7.000000 2.000000 -55.602341
v -7.000000 4.000000 -55.602341
v -7.000000 2.000000 -53.602341
v -7.000000 4.000002 -53.602341
v -7.000000 2.000000 -55.602341
v -5.000000 2.000000 -55.602341
v -7.000000 4.000000 -55.602341
v -5.000000 4.000000 -55.602341
v -7.000000 4.000002 -53.602341
v -5.000000 4.000002 -53.602341
v -7.000000 2.000000 -53.602341
v -5.000000 2.000000 -53.602341
v -7.000000 4.000000 -55.602341
v -5.000000 4.000000 -55.602341
v -7.000000 4.000002 -53.602341
v -5.000000 4.000002 -53.602341
v -5.000000 2.000000 -55.602341
v -7.000000 2.000000 -55.602341
v -5.000000 2.000000 -53.602341
v -7.000000 2.000000 -53.602341
v -1.000000 4.000000 -55.602341
v -1.000000 2.000000 -55.602341
v -1.000000 4.000002 -53.602341
v -1.000000 2.000000 -53.602341
v -3.000000 2.000000 -55.602341
v -3.000000 4.000000 -55.602341
v -3.000000 2.000000 -53.602341
v -3.000000 4.000002 -53.602341
v -3.000000 2.000000 -55.602341
v -1.000000 2.000000 -55.602341
v -3.000000 4.000000 -55.602341
v -1.000000 4.000000 -55.602341
v -3.000000 4.000002 -53.602341
v -1.000000 4.000002 -53.602341
v -3.000000 2.000000 -53.602341
v -1.000000 2.000000 -53.602341
v -3.000000 4.000000 -55.602341
v -1.000000 4.000000 -55.602341
v -3.000000 4.000002 -53.602341
v -1.000000 4.000002 -53.602341
v -1.000000 2.000000 -55.602341
v -3.000000 2.000000 -55.602341
v -1.000000 2.000000 -53.602341
v -3.000000 2.000000 -53.602341
v 3.000000 4.000000 -55.602341
v 3.000000 2.000000 -55.602341
v 3.000000 4.000002 -53.602341
v 3.000000 2.000000 -53.602341
v 1.000000 2.000000 -55.602341
v 1.000000 4.000000 -55.602341
v 1.000000 2.000000 -53.602341
v 1.000000 4.000002 -53.602341
v 1.000000 2.000000 -55.602341
v 3.000000 2.000000 -55.602341
v 1.000000 4.000000 -55.602341
v 3.000000 4.000000 -55.602341
v 1.000000 4.000002 -53.602341
v 3.000000 4.000002 -53.602341
v 1.000000 2.000000 -53.602341
v 3.000000 2.000000 -53.602341
v 1.000000 4.000000 -55.602341
v 3.000000 4.000000 -55.602341
v 1.000000 4.000002 -53.602341
v 3.000000 4.000002 -53.602341
v 3.000000 2.000000 -55.602341
v 1.000000 2.000000 -55.602341
v 3.000000 2.000000 -53.602341
v 1.000000 2.000000 -53.602341
v 5.000000 4.000000 -55.602341
v 5.000000 2.000000 -55.602341
v 5.000000 4.000002 -53.602341
v 5.000000 2.000000 -53.602341
v 3.000000 2.000000 -55.602341
v 3.000000 4.000000 -55.602341
v 3.000000 2.000000 -53.602341
v 3.000000 4.000002 -53.602341
v 3.000000 2.000000 -55.602341
v 5.000000 2.000000 -55.602341
v 3.000000 4.000000 -55.602341
v 5.000000 4.000000 -55.602341
v 3.000000 4.000002 -53.602341
v 5.000000 4.000002 -53.602341
v 3.000000 2.000000 -53.602341
v 5.000000 2.000000 -53.602341
v 3.000000 4.000000 -55.602341
v 5.000000 4.000000 -55.602341
v 3.000000 4.000002 -53.602341
v 5.000000 4.000002 -53.602341
v 5.000000 2.000000 -55.602341
v 3.000000 2.000000 -55.602341
v 5.000000 2.000000 -53.602341
v 3.000000 2.000000 -53.602341
v 9.000000 4.000000 -55.602341
v 9.000000 2.000000 -55.602341
v 9.000000 4.000002 -53.602341
v 9.000000 2.000000 -53.602341
v 7.000000 2.000000 -55.602341
v 7.000000 4.000000 -55.602341
v 7.000000 2.000000 -53.602341
v 7.000000 4.000002 -53.602341
v 7.000000 2.000000 -55.602341
v 9.000000 2.000000 -55.602341
v 7.000000 4.000000 -55.602341
v 9.000000 4.000000 -55.602341
v 7.000000 4.000002 -53.602341
v 9.000000 4.000002 -53.602341
v 7.000000 2.000000 -53.602341
v 9.000000 2.000000 -53.602341
v 7.000000 4.000000 -55.602341
v 9.000000 4.000000 -55.602341
v 7.000000 4.000002 -53.602341
v 9.000000 4.000002 -53.602341
v 9.000000 2.000000 -55.602341
v 7.000000 2.000000 -55.602341
v 9.000000 2.000000 -53.602341
v 7.000000 2.000000 -53.602341
v 17.000000 4.000000 -55.602341
v 17.000000 2.000000 -55.602341
v 17.000000 4.000002 -53.602341
v 17.000000 2.000000 -53.602341
v 15.000000 2.000000 -55.602341
v 15.000000 4.000000 -55.602341
v 15.000000 2.000000 -53.602341
v 15.000000 4.000002 -53.602341
v 15.000000 2.000000 -55.602341
v 17.000000 2.000000 -55.602341
v 15.000000 4.000000 -55.602341
v 17.000000 4.000000 -55.602341
v 15.000000 4.000002 -53.602341
v 17.000000 4.000002 -53.602341
v 15.000000 2.000000 -53.602341
v 17.000000 2.000000 -53.602341
v 15.000000 4.000000 -55.602341
v 17.000000 4.000000 -55.602341
v 15.000000 4.000002 -53.602341
v 17.000000 4.000002 -53.602341
v 17.000000 2.000000 -55.602341
v 15.000000 2.000000 -55.602341
v 17.000000 2.000000 -53.602341
v 15.000000 2.000000 -53.602341
v 21.000000 4.000000 -55.602341
v 21.000000 2.000000 -55.602341
v 21.000000 4.000002 -53.602341
v 21.000000 2.000000 -53.602341
v 19.000000 2.000000 -55.602341
v 19.000000 4.000000 -55.602341
v 19.000000 2.000000 -53.602341
v 19.000000 4.000002 -53.602341
v 19.000000 2.000000 -55.602341
v 21.000000 2.000000 -55.602341
v 19.000000 4.000000 -55.602341
v 21.000000 4.000000 -55.602341
v 19.000000 4.000002 -53.602341
v 21.000000 4.000002 -53.602341
v 19.000000 2.000000 -53.602341
v 21.000000 2.000000 -53.602341
v 19.000000 4.000000 -55.602341
v 21.000000 4.000000 -55.602341
v 19.000000 4.000002 -53.602341
v 21.000000 4.000002 -53.602341
v 21.000000 2.000000 -55.602341
v 19.000000 2.000000 -55.602341
v 21.000000 2.000000 -53.602341
v 19.000000 2.000000 -53.602341
v -23.000000 4.000002 -53.602341
v -23.000000 2.000000 -53.602341
v -23.000000 4.000000 -51.602341
v -23.000000 2.000000 -51.602341
v -25.000000 2.000000 -53.602341
v -25.000000 4.000002 -53.602341
v -25.000000 2.000000 -51.602341
v -25.000000 4.000000 -51.602341
v -25.000000 2.000000 -53.602341
v -23.000000 2.000000 -53.602341
v -25.000000 4.000002 -53.602341
v -23.000000 4.000002 -53.602341
v -25.000000 4.000000 -51.602341
v -23.000000 4.000000 -51.602341
v -25.000000 2.000000 -51.602341
v -23.000000 2.000000 -51.602341
v -25.000000 4.000002 -53.602341
v -23.000000 4.000002 -53.602341
v -25.000000 4.000000 -51.602341
v -23.000000 4.000000 -51.602341
v -23.000000 2.000000 -53.602341
v -25.000000 2.000000 -53.602341
v -23.000000 2.000000 -51.602341
v -25.000000 2.000000 -51.602341
v -19.000000 4.000002 -53.602341
v -19.000000 2.000000 -53.602341
v -19.000000 4.000000 -51.602341
v -19.000000 2.000000 -51.602341
v -21.000000 2.000000 -53.602341
v -21.000000 4.000002 -53.602341
v -21.000000 2.000000 -51.602341
v -21.000000 4.000000 -51.602341
v -21.000000 2.000000 -53.602341
v -19.000000 2.000000 -53.602341
v -21.000000 4.000002 -53.602341
v -19.000000 4.000002 -53.602341
v -21.000000 4.000000 -51.602341
v -19.000000 4.000000 -51.602341
v -21.000000 2.000000 -51.602341
v -19.000000 2.000000 -51.602341
v -21.000000 4.000002 -53.602341
v -19.000000 4.000002 -53.602341
v -21.000000 4.000000 -51.602341
v -19.000000 4.000000 -51.602341
v -19.000000 2.000000 -53.602341
v -21.000000 2.000000 -53.602341
v -19.000000 2.000000 -51.602341
v -21.000000 2.000000 -51.602341
v -13.000000 4.000002 -53.602341
v -13.000000 2.000000 -53.602341
v -13.000000 4.000000 -51.602341
v -13.000000 2.000000 -51.602341
v -15.000000 2.000000 -53.602341
v -15.000000 4.000002 -53.602341
v -15.000000 2.000000 -51.602341
v -15.000000 4.000000 -51.602341
v -15.000000 2.000000 -53.602341
v -13.000000 2.000000 -53.602341
v -15.000000 4.000002 -53.602341
v -13.000000 4.000002 -53.602341
v -15.000000 4.000000 -51.602341
v -13.000000 4.000000 -51.602341
v -15.000000 2.000000 -51.602341
v -13.000000 2.000000 -51.602341
v -15.000000 4.000002 -53.602341
v -13.000000 4.000002 -53.602341
v -15.000000 4.000000 -51.602341
v -13.000000 4.000000 -51.602341
v -13.000000 2.000000 -53.602341
v -15.000000 2.000000 -53.602341
v -13.000000 2.000000 -51.602341
v -15.000000 2.000000 -51.602341
v -5.000000 4.000002 -53.602341
v -5.000000 2.000000 -53.602341
v -5.000000 4.000000 -51.602341
v -5.000000 2.000000 -51.602341
v -7.000000 2.000000 -53.602341
v -7.000000 4.000002 -53.602341
v -7.000000 2.000000 -51.602341
v -7.000000 4.000000 -51.602341
v -7.000000 2.000000 -53.602341
v -5.000000 2.000000 -53.602341
v -7.000000 4.000002 -53.602341
v -5.000000 4.000002 -53.602341
v -7.000000 4.000000 -51.602341
v -5.000000 4.000000 -51.602341
v -7.000000 2.000000 -51.602341
v -5.000000 2.000000 -51.602341
v -7.000000 4.000002 -53.602341
v -5.000000 4.000002 -53.602341
v -7.000000 4.000000 -51.602341
v -5.000000 4.000000 -51.602341
v -5.000000 2.000000 -53.602341
v -7.000000 2.000000 -53.602341
v -5.000000 2.000000 -51.602341
v -7.000000 2.000000 -51.602341
v -1.000000 4.000002 -53.602341
v -1.000000 2.000000 -53.602341
v -1.000000 4.000000 -51.602341
v -1.000000 2.000000 -51.602341
v -3.000000 2.000000 -53.602341
v -3.000000 4.000002 -53.602341
v -3.000000 2.000000 -51.602341
v -3.000000 4.000000 -51.602341
v -3.000000 2.000000 -53.602341
v -1.000000 2.000000 -53.602341
v -3.000000 4.000002 -53.602341
v -1.000000 4.000002 -53.602341
v -3.000000 4.000000 -51.602341
v -1.000000 4.000000 -51.602341
v -3.000000 2.000000 -51.602341
v -1.000000 2.000000 -51.602341
v -3.000000 4.000002 -53.602341
v -1.000000 4.000002 -53.602341
v -3.000000 4.000000 -51.602341
v -1.000000 4.000000 -51.602341
v -1.000000 2.000000 -53.602341
v -3.000000 2.000000 -53.602341
v -1.000000 2.000000 -51.602341
v -3.000000 2.000000 -51.602341
v 1.000000 4.000002 -53.602341
v 1.000000 2.000000 -53.602341
v 1.000000 4.000000 -51.602341
v 1.000000 2.000000 -51.602341
v -1.000000 2.000000 -53.602341
v -1.000000 4.000002 -53.602341
v -1.000000 2.000000 -51.602341
v -1.000000 4.000000 -51.602341
v -1.000000 2.000000 -53.602341
v 1.000000 2.000000 -53.602341
v -1.000000 4.000002 -53.602341
v 1.000000 4.000002 -53.602341
v -1.000000 4.000000 -51.602341
v 1.000000 4.000000 -51.602341
v -1.000000 2.000000 -51.602341
v 1.000000 2.000000 -51.602341
v -1.000000 4.000002 -53.602341
v 1.000000 4.000002 -53.602341
v -1.000000 4.000000 -51.602341
v 1.000000 4.000000 -51.602341
v 1.000000 2.000000 -53.602341
v -1.000000 2.000000 -53.602341
v 1.000000 2.000000 -51.602341
v -1.000000 2.000000 -51.602341
v 5.000000 4.000002 -53.602341
v 5.000000 2.000000 -53.602341
v 5.000000 4.000000 -51.602341
v 5.000000 2.000000 -51.602341
v 3.000000 2.000000 -53.602341
v 3.000000 4.000002 -53.602341
v 3.000000 2.000000 -51.602341
v 3.000000 4.000000 -51.602341
v 3.000000 2.000000 -53.602341
v 5.000000 2.000000 -53.602341
v 3.000000 4.000002 -53.602341
v 5.000000 4.000002 -53.602341
v 3.000000 4.000000 -51.602341
v 5.000000 4.000000 -51.602341
v 3.000000 2.000000 -51.602341
v 5.000000 2.000000 -51.602341
v 3.000000 4.000002 -53.602341
v 5.000000 4.000002 -53.602341
v 3.000000 4.000000 -51.602341
v 5.000000 4.000000 -51.602341
v 5.000000 2.000000 -53.602341
v 3.000000 2.000000 -53.602341
v 5.000000 2.000000 -51.602341
v 3.000000 2.000000 -51.602341
v 7.000000 4.000002 -53.602341
v 7.000000 2.000000 -53.602341
v 7.000000 4.000000 -51.602341
v 7.000000 2.000000 -51.602341
v 5.000000 2.000000 -53.602341
v 5.000000 4.000002 -53.602341
v 5.000000 2.000000 -51.602341
v 5.000000 4.000000 -51.602341
v 5.000000 2.000000 -53.602341
v 7.000000 2.000000 -53.602341
v 5.000000 4.000002 -53.602341
v 7.000000 4.000002 -53.602341
v 5.000000 4.000000 -51.602341
v 7.000000 4.000000 -51.602341
v 5.000000 2.000000 -51.602341
v 7.000000 2.000000 -51.602341
v 5.000000 4.000002 -53.602341
v 7.000000 4.000002 -53.602341
v 5.000000 4.000000 -51.602341
v 7.000000 4.000000 -51.602341
v 7.000000 2.000000 -53.602341
v 5.000000 2.000000 -53.602341
v 7.000000 2.000000 -51.602341
v 5.000000 2.000000 -51.602341
v 9.000000 4.000002 -53.602341
v 9.000000 2.000000 -53.602341
v 9.000000 4.000000 -51.602341
v 9.000000 2.000000 -51.602341
v 7.000000 2.000000 -53.602341
v 7.000000 4.000002 -53.602341
v 7.000000 2.000000 -51.602341
v 7.000000 4.000000 -51.602341
v 7.000000 2.000000 -53.602341
v 9.000000 2.000000 -53.602341
v 7.000000 4.000002 -53.602341
v 9.000000 4.000002 -53.602341
v 7.000000 4.000000 -51.602341
v 9.000000 4.000000 -51.602341
v 7.000000 2.000000 -51.602341
v 9.000000 2.000000 -51.602341
v 7.000000 4.000002 -53.602341
v 9.000000 4.000002 -53.602341
v 7.000000 4.000000 -51.602341
v 9.000000 4.000000 -51.602341
v 9.000000 2.000000 -53.602341
v 7.000000 2.000000 -53.602341
v 9.000000 2.000000 -51.602341
v 7.000000 2.000000 -51.602341
v 21.000000 4.000002 -53.602341
v 21.000000 2.000000 -53.602341
v 21.000000 4.000000 -51.602341
v 21.000000 2.000000 -51.602341
v 19.000000 2.000000 -53.602341
v 19.000000 4.000002 -53.602341
v 19.000000 2.000000 -51.602341
v 19.000000 4.000000 -51.602341
v 19.000000 2.000000 -53.602341
v 21.000000 2.000000 -53.602341
v 19.000000 4.000002 -53.602341
v 21.000000 4.000002 -53.602341
v 19.000000 4.000000 -51.602341
v 21.000000 4.000000 -51.602341
v 19.000000 2.000000 -51.602341
v 21.000000 2.000000 -51.602341
v 19.000000 4.000002 -53.602341
v 21.000000 4.000002 -53.602341
v 19.000000 4.000000 -51.602341
v 21.000000 4.000000 -51.602341
v 21.000000 2.000000 -53.602341
v 19.000000 2.000000 -53.602341
v 21.000000 2.000000 -51.602341
v 19.000000 2.000000 -51.602341
v 23.000000 4.000002 -53.602341
v 23.000000 2.000000 -53.602341
v 23.000000 4.000000 -51.602341
v 23.000000 2.000000 -51.602341
v 21.000000 2.000000 -53.602341
v 21.000000 4.000002 -53.602341
v 21.000000 2.000000 -51.602341
v 21.000000 4.000000 -51.602341
v 21.000000 2.000000 -53.602341
v 23.000000 2.000000 -53.602341
v 21.000000 4.000002 -53.602341
v 23.000000 4.000002 -53.602341
v 21.000000 4.000000 -51.602341
v 23.000000 4.000000 -51.602341
v 21.000000 2.000000 -51.602341
v 23.000000 2.000000 -51.602341
v 21.000000 4.000002 -53.602341
v 23.000000 4.000002 -53.602341
v 21.000000 4.000000 -51.602341
v 23.000000 4.000000 -51.602341
v 23.000000 2.000000 -53.602341
v 21.000000 2.000000 -53.602341
v 23.000000 2.000000 -51.602341
v 21.000000 2.000000 -51.602341
v 25.000000 4.000002 -53.602341
v 25.000000 2.000000 -53.602341
v 25.000000 4.000000 -51.602341
v 25.000000 2.000000 -51.602341
v 23.000000 2.000000 -53.602341
v 23.000000 4.000002 -53.602341
v 23.000000 2.000000 -51.602341
v 23.000000 4.000000 -51.602341
v 23.000000 2.000000 -53.602341
v 25.000000 2.000000 -53.602341
v 23.000000 4.000002 -53.602341
v 25.000000 4.000002 -53.602341
v 23.000000 4.000000 -51.602341
v 25.000000 4.000000 -51.602341
v 23.000000 2.000000 -51.602341
v 25.000000 2.000000 -51.602341
v 23.000000 4.000002 -53.602341
v 25.000000 4.000002 -53.602341
v 23.000000 4.000000 -51.602341
v 25.000000 4.000000 -51.602341
v 25.000000 2.000000 -53.602341
v 23.000000 2.000000 -53.602341
v 25.000000 2.000000 -51.602341
v 23.000000 2.000000 -51.602341
v -23.000000 4.000000 -51.602341
v -23.000000 2.000000 -51.602341
v -23.000000 4.000000 -49.602341
v -23.000000 2.000000 -49.602341
v -25.000000 2.000000 -51.602341
v -25.000000 4.000000 -51.602341
v -25.000000 2.000000 -49.602341
v -25.000000 4.000000 -49.602341
v -25.000000 2.000000 -51.602341
v -23.000000 2.000000 -51.602341
v -25.000000 4.000000 -51.602341
v -23.000000 4.000000 -51.602341
v -25.000000 4.000000 -49.602341
v -23.000000 4.000000 -49.602341
v -25.000000 2.000000 -49.602341
v -23.000000 2.000000 -49.602341
v -25.000000 4.000000 -51.602341
v -23.000000 4.000000 -51.602341
v -25.000000 4.000000 -49.602341
v -23.000000 4.000000 -49.602341
v -23.000000 2.000000 -51.602341
v -25.000000 2.000000 -51.602341
v -23.000000 2.000000 -49.602341
v -25.000000 2.000000 -49.602341
v -11.000000 4.000000 -51.602341
v -11.000000 2.000000 -51.602341
v -11.000000 4.000000 -49.602341
v -11.000000 2.000000 -49.602341
v -13.000000 2.000000 -51.602341
v -13.000000 4.000000 -51.602341
v -13.000000 2.000000 -49.602341
v -13.000000 4.000000 -49.602341
v -13.000000 2.000000 -51.602341
v -11.000000 2.000000 -51.602341
v -13.000000 4.000000 -51.602341
v -11.000000 4.000000 -51.602341
v -13.000000 4.000000 -49.602341
v -11.000000 4.000000 -49.602341
v -13.000000 2.000000 -49.602341
v -11.000000 2.000000 -49.602341
v -13.000000 4.000000 -51.602341
v -11.000000 4.000000 -51.602341
v -13.000000 4.000000 -49.602341
v -11.000000 4.000000 -49.602341
v -11.000000 2.000000 -51.602341
v -13.000000 2.000000 -51.602341
v -11.000000 2.000000 -49.602341
v -13.000000 2.000000 -49.602341
v -7.000000 4.000000 -51.602341
v -7.000000 2.000000 -51.602341
v -7.000000 4.000000 -49.602341
v -7.000000 2.000000 -49.602341
v -9.000000 2.000000 -51.602341
v -9.000000 4.000000 -51.602341
v -9.000000 2.000000 -49.602341
v -9.000000 4.000000 -49.602341
v -9.000000 2.000000 -51.602341
v -7.000000 2.000000 -51.602341
v -9.000000 4.000000 -51.602341
v -7.000000 4.000000 -51.602341
v -9.000000 4.000000 -49.602341
v -7.000000 4.000000 -49.602341
v -9.000000 2.000000 -49.602341
v -7.000000 2.000000 -49.602341
v -9.000000 4.000000 -51.602341
v -7.000000 4.000000 -51.602341
v -9.000000 4.000000 -49.602341
v -7.000000 4.000000 -49.602341
v -7.000000 2.000000 -51.602341
v -9.000000 2.000000 -51.602341
v -7.000000 2.000000 -49.602341
v -9.000000 2.000000 -49.602341
v 1.000000 4.000000 -51.602341
v 1.000000 2.000000 -51.602341
v 1.000000 4.000000 -49.602341
v 1.000000 2.000000 -49.602341
v -1.000000 2.000000 -51.602341
v -1.000000 4.000000 -51.602341
v -1.000000 2.000000 -49.602341
v -1.000000 4.000000 -49.602341
v -1.000000 2.000000 -51.602341
v 1.000000 2.000000 -51.602341
v -1.000000 4.000000 -51.602341
v 1.000000 4.000000 -51.602341
v -1.000000 4.000000 -49.602341
v 1.000000 4.000000 -49.602341
v -1.000000 2.000000 -49.602341
v 1.000000 2.000000 -49.602341
v -1.000000 4.000000 -51.602341
v 1.000000 4.000000 -51.602341
v -1.000000 4.000000 -49.602341
v 1.000000 4.000000 -49.602341
v 1.000000 2.000000 -51.602341
v -1.000000 2.000000 -51.602341
v 1.000000 2.000000 -49.602341
v -1.000000 2.000000 -49.602341
v 5.000000 4.000000 -51.602341
v 5.000000 2.000000 -51.602341
v 5.000000 4.000000 -49.602341
v 5.000000 2.000000 -49.602341
v 3.000000 2.000000 -51.602341
v 3.000000 4.000000 -51.602341
v 3.000000 2.000000 -49.602341
v 3.000000 4.000000 -49.602341
v 3.000000 2.000000 -51.602341
v 5.000000 2.000000 -51.602341
v 3.000000 4.000000 -51.602341
v 5.000000 4.000000 -51.602341
v 3.000000 4.000000 -49.602341
v 5.000000 4.000000 -49.602341
v 3.000000 2.000000 -49.602341
v 5.000000 2.000000 -49.602341
v 3.000000 4.000000 -51.602341
v 5.000000 4.000000 -51.602341
v 3.000000 4.000000 -49.602341
v 5.000000 4.000000 -49.602341
v 5.000000 2.000000 -51.602341
v 3.000000 2.000000 -51.602341
v 5.000000 2.000000 -49.602341
v 3.000000 2.000000 -49.602341
v 11.000000 4.000000 -51.602341
v 11.000000 2.000000 -51.602341
v 11.000000 4.000000 -49.602341
v 11.000000 2.000000 -49.602341
v 9.000000 2.000000 -51.602341
v 9.000000 4.000000 -51.602341
v 9.000000 2.000000 -49.602341
v 9.000000 4.000000 -49.602341
v 9.000000 2.000000 -51.602341
v 11.000000 2.000000 -51.602341
v 9.000000 4.000000 -51.602341
v 11.000000 4.000000 -51.602341
v 9.000000 4.000000 -49.602341
v 11.000000 4.000000 -49.602341
v 9.000000 2.000000 -49.602341
v 11.000000 2.000000 -49.602341
v 9.000000 4.000000 -51.602341
v 11.000000 4.000000 -51.602341
v 9.000000 4.000000 -49.602341
v 11.000000 4.000000 -49.602341
v 11.000000 2.000000 -51.602341
v 9.000000 2.000000 -51.602341
v 11.000000 2.000000 -49.602341
v 9.000000 2.000000 -49.602341
v 15.000000 4.000000 -51.602341
v 15.000000 2.000000 -51.602341
v 15.000000 4.000000 -49.602341
v 15.000000 2.000000 -49.602341
v 13.000000 2.000000 -51.602341
v 13.000000 4.000000 -51.602341
v 13.000000 2.000000 -49.602341
v 13.000000 4.000000 -49.602341
v 13.000000 2.000000 -51.602341
v 15.000000 2.000000 -51.602341
v 13.000000 4.000000 -51.602341
v 15.000000 4.000000 -51.602341
v 13.000000 4.000000 -49.602341
v 15.000000 4.000000 -49.602341
v 13.000000 2.000000 -49.602341
v 15.000000 2.000000 -49.602341
v 13.000000 4.000000 -51.602341
v 15.000000 4.000000 -51.602341
v 13.000000 4.000000 -49.602341
v 15.000000 4.000000 -49.602341
v 15.000000 2.000000 -51.602341
v 13.000000 2.000000 -51.602341
v 15.000000 2.000000 -49.602341
v 13.000000 2.000000 -49.602341
v 17.000000 4.000000 -51.602341
v 17.000000 2.000000 -51.602341
v 17.000000 4.000000 -49.602341
v 17.000000 2.000000 -49.602341
v 15.000000 2.000000 -51.602341
v 15.000000 4.000000 -51.602341
v 15.000000 2.000000 -49.602341
v 15.000000 4.000000 -49.602341
v 15.000000 2.000000 -51.602341
v 17.000000 2.000000 -51.602341
v 15.000000 4.000000 -51.602341
v 17.000000 4.000000 -51.602341
v 15.000000 4.000000 -49.602341
v 17.000000 4.000000 -49.602341
v 15.000000 2.000000 -49.602341
v 17.000000 2.000000 -49.602341
v 15.000000 4.000000 -51.602341
v 17.000000 4.000000 -51.602341
v 15.000000 4.000000 -49.602341
v 17.000000 4.000000 -49.602341
v 17.000000 2.000000 -51.602341
v 15.000000 2.000000 -51.602341
v 17.000000 2.000000 -49.602341
v 15.000000 2.000000 -49.602341
v 21.000000 4.000000 -51.602341
v 21.000000 2.000000 -51.602341
v 21.000000 4.000000 -49.602341
v 21.000000 2.000000 -49.602341
v 19.000000 2.000000 -51.602341
v 19.000000 4.000000 -51.602341
v 19.000000 2.000000 -49.602341
v 19.000000 4.000000 -49.602341
v 19.000000 2.000000 -51.602341
v 21.000000 2.000000 -51.602341
v 19.000000 4.000000 -51.602341
v 21.000000 4.000000 -51.602341
v 19.000000 4.000000 -49.602341
v 21.000000 4.000000 -49.602341
v 19.000000 2.000000 -49.602341
v 21.000000 2.000000 -49.602341
v 19.000000 4.000000 -51.602341
v 21.000000 4.000000 -51.602341
v 19.000000 4.000000 -49.602341
v 21.000000 4.000000 -49.602341
v 21.000000 2.000000 -51.602341
v 19.000000 2.000000 -51.602341
v 21.000000 2.000000 -49.602341
v 19.000000 2.000000 -49.602341
v -23.000000 4.000000 -49.602341
v -23.000000 2.000000 -49.602341
v -23.000000 4.000000 -47.602341
v -23.000000 2.000000 -47.602341
v -25.000000 2.000000 -49.602341
v -25.000000 4.000000 -49.602341
v -25.000000 2.000000 -47.602341
v -25.000000 4.000000 -47.602341
v -25.000000 2.000000 -49.602341
v -23.000000 2.000000 -49.602341
v -25.000000 4.000000 -49.602341
v -23.000000 4.000000 -49.602341
v -25.000000 4.000000 -47.602341
v -23.000000 4.000000 -47.602341
v -25.000000 2.000000 -47.602341
v -23.000000 2.000000 -47.602341
v -25.000000 4.000000 -49.602341
v -23.000000 4.000000 -49.602341
v -25.000000 4.000000 -47.602341
v -23.000000 4.000000 -47.602341
v -23.000000 2.000000 -49.602341
v -25.000000 2.000000 -49.602341
v -23.000000 2.000000 -47.602341
v -25.000000 2.000000 -47.602341
v -21.000000 4.000000 -49.602341
v -21.000000 2.000000 -49.602341
v -21.000000 4.000000 -47.602341
v -21.000000 2.000000 -47.602341
v -23.000000 2.000000 -49.602341
v -23.000000 4.000000 -49.602341
v -23.000000 2.000000 -47.602341
v -23.000000 4.000000 -47.602341
v -23.000000 2.000000 -49.602341
v -21.000000 2.000000 -49.602341
v -23.000000 4.000000 -49.602341
v -21.000000 4.000000 -49.602341
v -23.000000 4.000000 -47.602341
v -21.000000 4.000000 -47.602341
v -23.000000 2.000000 -47.602341
v -21.000000 2.000000 -47.602341
v -23.000000 4.000000 -49.602341
v -21.000000 4.000000 -49.602341
v -23.000000 4.000000 -47.602341
v -21.000000 4.000000 -47.602341
v -21.000000 2.000000 -49.602341
v -23.000000 2.000000 -49.602341
v -21.000000 2.000000 -47.602341
v -23.000000 2.000000 -47.602341
v -17.000000 4.000000 -49.602341
v -17.000000 2.000000 -49.602341
v -17.000000 4.000000 -47.602341
v -17.000000 2.000000 -47.602341
v -19.000000 2.000000 -49.602341
v -19.000000 4.000000 -49.602341
v -19.000000 2.000000 -47.602341
v -19.000000 4.000000 -47.602341
v -19.000000 2.000000 -49.602341
v -17.000000 2.000000 -49.602341
v -19.000000 4.000000 -49.602341
v -17.000000 4.000000 -49.602341
v -19.000000 4.000000 -47.602341
v -17.000000 4.000000 -47.602341
v -19.000000 2.000000 -47.602341
v -17.000000 2.000000 -47.602341
v -19.000000 4.000000 -49.602341
v -17.000000 4.000000 -49.602341
v -19.000000 4.000000 -47.602341
v -17.000000 4.000000 -47.602341
v -17.000000 2.000000 -49.602341
v -19.000000 2.000000 -49.602341
v -17.000000 2.000000 -47.602341
v -19.000000 2.000000 -47.602341
v -15.000000 4.000000 -49.602341
v -15.000000 2.000000 -49.602341
v -15.000000 4.000000 -47.602341
v -15.000000 2.000000 -47.602341
v -17.000000 2.000000 -49.602341
v -17.000000 4.000000 -49.602341
v -17.000000 2.000000 -47.602341
v -17.000000 4.000000 -47.602341
v -17.000000 2.000000 -49.602341
v -15.000000 2.000000 -49.602341
v -17.000000 4.000000 -49.602341
v -15.000000 4.000000 -49.602341
v -17.000000 4.000000 -47.602341
v -15.000000 4.000000 -47.602341
v -17.000000 2.000000 -47.602341
v -15.000000 2.000000 -47.602341
v -17.000000 4.000000 -49.602341
v -15.000000 4.000000 -49.602341
v -17.000000 4.000000 -47.602341
v -15.000000 4.000000 -47.602341
v -15.000000 2.000000 -49.602341
v -17.000000 2.000000 -49.602341
v -15.000000 2.000000 -47.602341
v -17.000000 2.000000 -47.602341
v -5.000000 4.000000 -49.602341
v -5.000000 2.000000 -49.602341
v -5.000000 4.000000 -47.602341
v -5.000000 2.000000 -47.602341
v -7.000000 2.000000 -49.602341
v -7.000000 4.000000 -49.602341
v -7.000000 2.000000 -47.602341
v -7.000000 4.000000 -47.602341
v -7.000000 2.000000 -49.602341
v -5.000000 2.000000 -49.602341
v -7.000000 4.000000 -49.602341
v -5.000000 4.000000 -49.602341
v -7.000000 4.000000 -47.602341
v -5.000000 4.000000 -47.602341
v -7.000000 2.000000 -47.602341
v -5.000000 2.000000 -47.602341
v -7.000000 4.000000 -49.602341
v -5.000000 4.000000 -49.602341
v -7.000000 4.000000 -47.602341
v -5.000000 4.000000 -47.602341
v -5.000000 2.000000 -49.602341
v -7.000000 2.000000 -49.602341
v -5.000000 2.000000 -47.602341
v -7.000000 2.000000 -47.602341
v -3.000000 4.000000 -49.602341
v -3.000000 2.000000 -49.602341
v -3.000000 4.000000 -47.602341
v -3.000000 2.000000 -47.602341
v -5.000000 2.000000 -49.602341
v -5.000000 4.000000 -49.602341
v -5.000000 2.000000 -47.602341
v -5.000000 4.000000 -47.602341
v -5.000000 2.000000 -49.602341
v -3.000000 2.000000 -49.602341
v -5.000000 4.000000 -49.602341
v -3.000000 4.000000 -49.602341
v -5.000000 4.000000 -47.602341
v -3.000000 4.000000 -47.602341
v -5.000000 2.000000 -47.602341
v -3.000000 2.000000 -47.602341
v -5.000000 4.000000 -49.602341
v -3.000000 4.000000 -49.602341
v -5.000000 4.000000 -47.602341
v -3.000000 4.000000 -47.602341
v -3.000000 2.000000 -49.602341
v -5.000000 2.000000 -49.602341
v -3.000000 2.000000 -47.602341
v -5.000000 2.000000 -47.602341
v -1.000000 4.000000 -49.602341
v -1.000000 2.000000 -49.602341
v -1.000000 4.000000 -47.602341
v -1.000000 2.000000 -47.602341
v -3.000000 2.000000 -49.602341
v -3.000000 4.000000 -49.602341
v -3.000000 2.000000 -47.602341
v -3.000000 4.000000 -47.602341
v -3.000000 2.000000 -49.602341
v -1.000000 2.000000 -49.602341
v -3.000000 4.000000 -49.602341
v -1.000000 4.000000 -49.602341
v -3.000000 4.000000 -47.602341
v -1.000000 4.000000 -47.602341
v -3.000000 2.000000 -47.602341
v -1.000000 2.000000 -47.602341
v -3.000000 4.000000 -49.602341
v -1.000000 4.000000 -49.602341
v -3.000000 4.000000 -47.602341
v -1.000000 4.000000 -47.602341
v -1.000000 2.000000 -49.602341
v -3.000000 2.000000 -49.602341
v -1.000000 2.000000 -47.602341
v -3.000000 2.000000 -47.602341
v 11.000000 4.000000 -49.602341
v 11.000000 2.000000 -49.602341
v 11.000000 4.000000 -47.602341
v 11.000000 2.000000 -47.602341
v 9.000000 2.000000 -49.602341
v 9.000000 4.000000 -49.602341
v 9.000000 2.000000 -47.602341
v 9.000000 4.000000 -47.602341
v 9.000000 2.000000 -49.602341
v 11.000000 2.000000 -49.602341
v 9.000000 4.000000 -49.602341
v 11.000000 4.000000 -49.602341
v 9.000000 4.000000 -47.602341
v 11.000000 4.000000 -47.602341
v 9.000000 2.000000 -47.602341
v 11.000000 2.000000 -47.602341
v 9.000000 4.000000 -49.602341
v 11.000000 4.000000 -49.602341
v 9.000000 4.000000 -47.602341
v 11.000000 4.000000 -47.602341
v 11.000000 2.000000 -49.602341
v 9.000000 2.000000 -49.602341
v 11.000000 2.000000 -47.602341
v 9.000000 2.000000 -47.602341
v 13.000000 4.000000 -49.602341
v 13.000000 2.000000 -49.602341
v 13.000000 4.000000 -47.602341
v 13.000000 2.000000 -47.602341
v 11.000000 2.000000 -49.602341
v 11.000000 4.000000 -49.602341
v 11.000000 2.000000 -47.602341
v 11.000000 4.000000 -47.602341
v 11.000000 2.000000 -49.602341
v 13.000000 2.000000 -49.602341
v 11.000000 4.000000 -49.602341
v 13.000000 4.000000 -49.602341
v 11.000000 4.000000 -47.602341
v 13.000000 4.000000 -47.602341
v 11.000000 2.000000 -47.602341
v 13.000000 2.000000 -47.602341
v 11.000000 4.000000 -49.602341
v 13.000000 4.000000 -49.602341
v 11.000000 4.000000 -47.602341
v 13.000000 4.000000 -47.602341
v 13.000000 2.000000 -49.602341
v 11.000000 2.000000 -49.602341
v 13.000000 2.000000 -47.602341
v 11.000000 2.000000 -47.602341
v 15.000000 4.000000 -49.602341
v 15.000000 2.000000 -49.602341
v 15.000000 4.000000 -47.602341
v 15.000000 2.000000 -47.602341
v 13.000000 2.000000 -49.602341
v 13.000000 4.000000 -49.602341
v 13.000000 2.000000 -47.602341
v 13.000000 4.000000 -47.602341
v 13.000000 2.000000 -49.602341
v 15.000000 2.000000 -49.602341
v 13.000000 4.000000 -49.602341
v 15.000000 4.000000 -49.602341
v 13.000000 4.000000 -47.602341
v 15.000000 4.000000 -47.602341
v 13.000000 2.000000 -47.602341
v 15.000000 2.000000 -47.602341
v 13.000000 4.000000 -49.602341
v 15.000000 4.000000 -49.602341
v 13.000000 4.000000 -47.602341
v 15.000000 4.000000 -47.602341
v 15.000000 2.000000 -49.602341
v 13.000000 2.000000 -49.602341
v 15.000000 2.000000 -47.602341
v 13.000000 2.000000 -47.602341
v -21.000000 4.000000 -47.602341
v -21.000000 2.000000 -47.602341
v -21.000000 4.000000 -45.602341
v -21.000000 2.000000 -45.602337
v -23.000000 2.000000 -47.602341
v -23.000000 4.000000 -47.602341
v -23.000000 2.000000 -45.602337
v -23.000000 4.000000 -45.602341
v -23.000000 2.000000 -47.602341
v -21.000000 2.000000 -47.602341
v -23.000000 4.000000 -47.602341
v -21.000000 4.000000 -47.602341
v -23.000000 4.000000 -45.602341
v -21.000000 4.000000 -45.602341
v -23.000000 2.000000 -45.602337
v -21.000000 2.000000 -45.602337
v -23.000000 4.000000 -47.602341
v -21.000000 4.000000 -47.602341
v -23.000000 4.000000 -45.602341
v -21.000000 4.000000 -45.602341
v -21.000000 2.000000 -47.602341
v -23.000000 2.000000 -47.602341
v -21.000000 2.000000 -45.602337
v -23.000000 2.000000 -45.602337
v -19.000000 4.000000 -47.602341
v -19.000000 2.000000 -47.602341
v -19.000000 4.000000 -45.602341
v -19.000000 2.000000 -45.602337
v -21.000000 2.000000 -47.602341
v -21.000000 4.000000 -47.602341
v -21.000000 2.000000 -45.602337
v -21.000000 4.000000 -45.602341
v -21.000000 2.000000 -47.602341
v -19.000000 2.000000 -47.602341
v -21.000000 4.000000 -47.602341
v -19.000000 4.000000 -47.602341
v -21.000000 4.000000 -45.602341
v -19.000000 4.000000 -45.602341
v -21.000000 2.000000 -45.602337
v -19.000000 2.000000 -45.602337
v -21.000000 4.000000 -47.602341
v -19.000000 4.000000 -47.602341
v -21.000000 4.000000 -45.602341
v -19.000000 4.000000 -45.602341
v -19.000000 2.000000 -47.602341
v -21.000000 2.000000 -47.602341
v -19.000000 2.000000 -45.602337
v -21.000000 2.000000 -45.602337
v -17.000000 4.000000 -47.602341
v -17.000000 2.000000 -47.602341
v -17.000000 4.000000 -45.602341
v -17.000000 2.000000 -45.602337
v -19.000000 2.000000 -47.602341
v -19.000000 4.000000 -47.602341
v -19.000000 2.000000 -45.602337
v -19.000000 4.000000 -45.602341
v -19.000000 2.000000 -47.602341
v -17.000000 2.000000 -47.602341
v -19.000000 4.000000 -47.602341
v -17.000000 4.000000 -47.602341
v -19.000000 4.000000 -45.602341
v -17.000000 4.000000 -45.602341
v -19.000000 2.000000 -45.602337
v -17.000000 2.000000 -45.602337
v -19.000000 4.000000 -47.602341
v -17.000000 4.000000 -47.602341
v -19.000000 4.000000 -45.602341
v -17.000000 4.000000 -45.602341
v -17.000000 2.000000 -47.602341
v -19.000000 2.000000 -47.602341
v -17.000000 2.000000 -45.602337
v -19.000000 2.000000 -45.602337
v -13.000000 4.000000 -47.602341
v -13.000000 2.000000 -47.602341
v -13.000000 4.000000 -45.602341
v -13.000000 2.000000 -45.602337
v -15.000000 2.000000 -47.602341
v -15.000000 4.000000 -47.602341
v -15.000000 2.000000 -45.602337
v -15.000000 4.000000 -45.602341
v -15.000000 2.000000 -47.602341
v -13.000000 2.000000 -47.602341
v -15.000000 4.000000 -47.602341
v -13.000000 4.000000 -47.602341
v -15.000000 4.000000 -45.602341
v -13.000000 4.000000 -45.602341
v -15.000000 2.000000 -45.602337
v -13.000000 2.000000 -45.602337
v -15.000000 4.000000 -47.602341
v -13.000000 4.000000 -47.602341
v -15.000000 4.000000 -45.602341
v -13.000000 4.000000 -45.602341
v -13.000000 2.000000 -47.602341
v -15.000000 2.000000 -47.602341
v -13.000000 2.000000 -45.602337
v -15.000000 2.000000 -45.602337
v -11.000000 4.000000 -47.602341
v -11.000000 2.000000 -47.602341
v -11.000000 4.000000 -45.602341
v -11.000000 2.000000 -45.602337
v -13.000000 2.000000 -47.602341
v -13.000000 4.000000 -47.602341
v -13.000000 2.000000 -45.602337
v -13.000000 4.000000 -45.602341
v -13.000000 2.000000 -47.602341
v -11.000000 2.000000 -47.602341
v -13.000000 4.000000 -47.602341
v -11.000000 4.000000 -47.602341
v -13.000000 4.000000 -45.602341
v -11.000000 4.000000 -45.602341
v -13.000000 2.000000 -45.602337
v -11.000000 2.000000 -45.602337
v -13.000000 4.000000 -47.602341
v -11.000000 4.000000 -47.602341
v -13.000000 4.000000 -45.602341
v -11.000000 4.000000 -45.602341
v -11.000000 2.000000 -47.602341
v -13.000000 2.000000 -47.602341
v -11.000000 2.000000 -45.602337
v -13.000000 2.000000 -45.602337
v -9.000000 4.000000 -47.602341
v -9.000000 2.000000 -47.602341
v -9.000000 4.000000 -45.602341
v -9.000000 2.000000 -45.602337
v -11.000000 2.000000 -47.602341
v -11.000000 4.000000 -47.602341
v -11.000000 2.000000 -45.602337
v -11.000000 4.000000 -45.602341
v -11.000000 2.000000 -47.602341
v -9.000000 2.000000 -47.602341
v -11.000000 4.000000 -47.602341
v -9.000000 4.000000 -47.602341
v -11.000000 4.000000 -45.602341
v -9.000000 4.000000 -45.602341
v -11.000000 2.000000 -45.602337
v -9.000000 2.000000 -45.602337
v -11.000000 4.000000 -47.602341
v -9.000000 4.000000 -47.602341
v -11.000000 4.000000 -45.602341
v -9.000000 4.000000 -45.602341
v -9.000000 2.000000 -47.602341
v -11.000000 2.000000 -47.602341
v -9.000000 2.000000 -45.602337
v -11.000000 2.000000 -45.602337
v -3.000000 4.000000 -47.602341
v -3.000000 2.000000 -47.602341
v -3.000000 4.000000 -45.602341
v -3.000000 2.000000 -45.602337
v -5.000000 2.000000 -47.602341
v -5.000000 4.000000 -47.602341
v -5.000000 2.000000 -45.602337
v -5.000000 4.000000 -45.602341
v -5.000000 2.000000 -47.602341
v -3.000000 2.000000 -47.602341
v -5.000000 4.000000 -47.602341
v -3.000000 4.000000 -47.602341
v -5.000000 4.000000 -45.602341
v -3.000000 4.000000 -45.602341
v -5.000000 2.000000 -45.602337
v -3.000000 2.000000 -45.602337
v -5.000000 4.000000 -47.602341
v -3.000000 4.000000 -47.602341
v -5.000000 4.000000 -45.602341
v -3.000000 4.000000 -45.602341
v -3.000000 2.000000 -47.602341
v -5.000000 2.000000 -47.602341
v -3.000000 2.000000 -45.602337
v -5.000000 2.000000 -45.602337
v 1.000000 4.000000 -47.602341
v 1.000000 2.000000 -47.602341
v 1.000000 4.000000 -45.602341
v 1.000000 2.000000 -45.602337
v -1.000000 2.000000 -47.602341
v -1.000000 4.000000 -47.602341
v -1.000000 2.000000 -45.602337
v -1.000000 4.000000 -45.602341
v -1.000000 2.000000 -47.602341
v 1.000000 2.000000 -47.602341
v -1.000000 4.000000 -47.602341
v 1.000000 4.000000 -47.602341
v -1.000000 4.000000 -45.602341
v 1.000000 4.000000 -45.602341
v -1.000000 2.000000 -45.602337
v 1.000000 2.000000 -45.602337
v -1.000000 4.000000 -47.602341
v 1.000000 4.000000 -47.602341
v -1.000000 4.000000 -45.602341
v 1.000000 4.000000 -45.602341
v 1.000000 2.000000 -47.602341
v -1.000000 2.000000 -47.602341
v 1.000000 2.000000 -45.602337
v -1.000000 2.000000 -45.602337
v 7.000000 4.000000 -47.602341
v 7.000000 2.000000 -47.602341
v 7.000000 4.000000 -45.602341
v 7.000000 2.000000 -45.602337
v 5.000000 2.000000 -47.602341
v 5.000000 4.000000 -47.602341
v 5.000000 2.000000 -45.602337
v 5.000000 4.000000 -45.602341
v 5.000000 2.000000 -47.602341
v 7.000000 2.000000 -47.602341
v 5.000000 4.000000 -47.602341
v 7.000000 4.000000 -47.602341
v 5.000000 4.000000 -45.602341
v 7.000000 4.000000 -45.602341
v 5.000000 2.000000 -45.602337
v 7.000000 2.000000 -45.602337
v 5.000000 4.000000 -47.602341
v 7.000000 4.000000 -47.602341
v 5.000000 4.000000 -45.602341
v 7.000000 4.000000 -45.602341
v 7.000000 2.000000 -47.602341
v 5.000000 2.000000 -47.602341
v 7.000000 2.000000 -45.602337
v 5.000000 2.000000 -45.602337
v 11.000000 4.000000 -47.602341
v 11.000000 2.000000 -47.602341
v 11.000000 4.000000 -45.602341
v 11.000000 2.000000 -45.602337
v 9.000000 2.000000 -47.602341
v 9.000000 4.000000 -47.602341
v 9.000000 2.000000 -45.602337
v 9.000000 4.000000 -45.602341
v 9.000000 2.000000 -47.602341
v 11.000000 2.000000 -47.602341
v 9.000000 4.000000 -47.602341
v 11.000000 4.000000 -47.602341
v 9.000000 4.000000 -45.602341
v 11.000000 4.000000 -45.602341
v 9.000000 2.000000 -45.602337
v 11.000000 2.000000 -45.602337
v 9.000000 4.000000 -47.602341
v 11.000000 4.000000 -47.602341
v 9.000000 4.000000 -45.602341
v 11.000000 4.000000 -45.602341
v 11.000000 2.000000 -47.602341
v 9.000000 2.000000 -47.602341
v 11.000000 2.000000 -45.602337
v 9.000000 2.000000 -45.602337
v 13.000000 4.000000 -47.602341
v 13.000000 2.000000 -47.602341
v 13.000000 4.000000 -45.602341
v 13.000000 2.000000 -45.602337
v 11.000000 2.000000 -47.602341
v 11.000000 4.000000 -47.602341
v 11.000000 2.000000 -45.602337
v 11.000000 4.000000 -45.602341
v 11.000000 2.000000 -47.602341
v 13.000000 2.000000 -47.602341
v 11.000000 4.000000 -47.602341
v 13.000000 4.000000 -47.602341
v 11.000000 4.000000 -45.602341
v 13.000000 4.000000 -45.602341
v 11.000000 2.000000 -45.602337
v 13.000000 2.000000 -45.602337
v 11.000000 4.000000 -47.602341
v 13.000000 4.000000 -47.602341
v 11.000000 4.000000 -45.602341
v 13.000000 4.000000 -45.602341
v 13.000000 2.000000 -47.602341
v 11.000000 2.000000 -47.602341
v 13.000000 2.000000 -45.602337
v 11.000000 2.000000 -45.602337
v 17.000000 4.000000 -47.602341
v 17.000000 2.000000 -47.602341
v 17.000000 4.000000 -45.602341
v 17.000000 2.000000 -45.602337
v 15.000000 2.000000 -47.602341
v 15.000000 4.000000 -47.602341
v 15.000000 2.000000 -45.602337
v 15.000000 4.000000 -45.602341
v 15.000000 2.000000 -47.602341
v 17.000000 2.000000 -47.602341
v 15.000000 4.000000 -47.602341
v 17.000000 4.000000 -47.602341
v 15.000000 4.000000 -45.602341
v 17.000000 4.000000 -45.602341
v 15.000000 2.000000 -45.602337
v 17.000000 2.000000 -45.602337
v 15.000000 4.000000 -47.602341
v 17.000000 4.000000 -47.602341
v 15.000000 4.000000 -45.602341
v 17.000000 4.000000 -45.602341
v 17.000000 2.000000 -47.602341
v 15.000000 2.000000 -47.602341
v 17.000000 2.000000 -45.602337
v 15.000000 2.000000 -45.602337
v 23.000000 4.000000 -47.602341
v 23.000000 2.000000 -47.602341
v 23.000000 4.000000 -45.602341
v 23.000000 2.000000 -45.602337
v 21.000000 2.000000 -47.602341
v 21.000000 4.000000 -47.602341
v 21.000000 2.000000 -45.602337
v 21.000000 4.000000 -45.602341
v 21.000000 2.000000 -47.602341
v 23.000000 2.000000 -47.602341
v 21.000000 4.000000 -47.602341
v 23.000000 4.000000 -47.602341
v 21.000000 4.000000 -45.602341
v 23.000000 4.000000 -45.602341
v 21.000000 2.000000 -45.602337
v 23.000000 2.000000 -45.602337
v 21.000000 4.000000 -47.602341
v 23.000000 4.000000 -47.602341
v 21.000000 4.000000 -45.602341
v 23.000000 4.000000 -45.602341
v 23.000000 2.000000 -47.602341
v 21.000000 2.000000 -47.602341
v 23.000000 2.000000 -45.602337
v 21.000000 2.000000 -45.602337
v -21.000000 4.000000 -45.602341
v -21.000000 2.000000 -45.602337
v -21.000000 4.000000 -43.602341
v -21.000000 2.000000 -43.602341
v -23.000000 2.000000 -45.602337
v -23.000000 4.000000 -45.602341
v -23.000000 2.000000 -43.602341
v -23.000000 4.000000 -43.602341
v -23.000000 2.000000 -45.602337
v -21.000000 2.000000 -45.602337
v -23.000000 4.000000 -45.602341
v -21.000000 4.000000 -45.602341
v -23.000000 4.000000 -43.602341
v -21.000000 4.000000 -43.602341
v -23.000000 2.000000 -43.602341
v -21.000000 2.000000 -43.602341
v -23.000000 4.000000 -45.602341
v -21.000000 4.000000 -45.602341
v -23.000000 4.000000 -43.602341
v -21.000000 4.000000 -43.602341
v -21.000000 2.000000 -45.602337
v -23.000000 2.000000 -45.602337
v -21.000000 2.000000 -43.602341
v -23.000000 2.000000 -43.602341
v -17.000000 4.000000 -45.602341
v -17.000000 2.000000 -45.602337
v -17.000000 4.000000 -43.602341
v -17.000000 2.000000 -43.602341
v -19.000000 2.000000 -45.602337
v -19.000000 4.000000 -45.602341
v -19.000000 2.000000 -43.602341
v -19.000000 4.000000 -43.602341
v -19.000000 2.000000 -45.602337
v -17.000000 2.000000 -45.602337
v -19.000000 4.000000 -45.602341
v -17.000000 4.000000 -45.602341
v -19.000000 4.000000 -43.602341
v -17.000000 4.000000 -43.602341
v -19.000000 2.000000 -43.602341
v -17.000000 2.000000 -43.602341
v -19.000000 4.000000 -45.602341
v -17.000000 4.000000 -45.602341
v -19.000000 4.000000 -43.602341
v -17.000000 4.000000 -43.602341
v -17.000000 2.000000 -45.602337
v -19.000000 2.000000 -45.602337
v -17.000000 2.000000 -43.602341
v -19.000000 2.000000 -43.602341
v -13.000000 4.000000 -45.602341
v -13.000000 2.000000 -45.602337
v -13.000000 4.000000 -43.602341
v -13.000000 2.000000 -43.602341
v -15.000000 2.000000 -45.602337
v -15.000000 4.000000 -45.602341
v -15.000000 2.000000 -43.602341
v -15.000000 4.000000 -43.602341
v -15.000000 2.000000 -45.602337
v -13.000000 2.000000 -45.602337
v -15.000000 4.000000 -45.602341
v -13.000000 4.000000 -45.602341
v -15.000000 4.000000 -43.602341
v -13.000000 4.000000 -43.602341
v -15.000000 2.000000 -43.602341
v -13.000000 2.000000 -43.602341
v -15.000000 4.000000 -45.602341
v -13.000000 4.000000 -45.602341
v -15.000000 4.000000 -43.602341
v -13.000000 4.000000 -43.602341
v -13.000000 2.000000 -45.602337
v -15.000000 2.000000 -45.602337
v -13.000000 2.000000 -43.602341
v -15.000000 2.000000 -43.602341
v -3.000000 4.000000 -45.602341
v -3.000000 2.000000 -45.602337
v -3.000000 4.000000 -43.602341
v -3.000000 2.000000 -43.602341
v -5.000000 2.000000 -45.602337
v -5.000000 4.000000 -45.602341
v -5.000000 2.000000 -43.602341
v -5.000000 4.000000 -43.602341
v -5.000000 2.000000 -45.602337
v -3.000000 2.000000 -45.602337
v -5.000000 4.000000 -45.602341
v -3.000000 4.000000 -45.602341
v -5.000000 4.000000 -43.602341
v -3.000000 4.000000 -43.602341
v -5.000000 2.000000 -43.602341
v -3.000000 2.000000 -43.602341
v -5.000000 4.000000 -45.602341
v -3.000000 4.000000 -45.602341
v -5.000000 4.000000 -43.602341
v -3.000000 4.000000 -43.602341
v -3.000000 2.000000 -45.602337
v -5.000000 2.000000 -45.602337
v -3.000000 2.000000 -43.602341
v -5.000000 2.000000 -43.602341
v -1.000000 4.000000 -45.602341
v -1.000000 2.000000 -45.602337
v -1.000000 4.000000 -43.602341
v -1.000000 2.000000 -43.602341
v -3.000000 2.000000 -45.602337
v -3.000000 4.000000 -45.602341
v -3.000000 2.000000 -43.602341
v -3.000000 4.000000 -43.602341
v -3.000000 2.000000 -45.602337
v -1.000000 2.000000 -45.602337
v -3.000000 4.000000 -45.602341
v -1.000000 4.000000 -45.602341
v -3.000000 4.000000 -43.602341
v -1.000000 4.000000 -43.602341
v -3.000000 2.000000 -43.602341
v -1.000000 2.000000 -43.602341
v -3.000000 4.000000 -45.602341
v -1.000000 4.000000 -45.602341
v -3.000000 4.000000 -43.602341
v -1.000000 4.000000 -43.602341
v -1.000000 2.000000 -45.602337
v -3.000000 2.000000 -45.602337
v -1.000000 2.000000 -43.602341
v -3.000000 2.000000 -43.602341
v 1.000000 4.000000 -45.602341
v 1.000000 2.000000 -45.602337
v 1.000000 4.000000 -43.602341
v 1.000000 2.000000 -43.602341
v -1.000000 2.000000 -45.602337
v -1.000000 4.000000 -45.602341
v -1.000000 2.000000 -43.602341
v -1.000000 4.000000 -43.602341
v -1.000000 2.000000 -45.602337
v 1.000000 2.000000 -45.602337
v -1.000000 4.000000 -45.602341
v 1.000000 4.000000 -45.602341
v -1.000000 4.000000 -43.602341
v 1.000000 4.000000 -43.602341
v -1.000000 2.000000 -43.602341
v 1.000000 2.000000 -43.602341
v -1.000000 4.000000 -45.602341
v 1.000000 4.000000 -45.602341
v -1.000000 4.000000 -43.602341
v 1.000000 4.000000 -43.602341
v 1.000000 2.000000 -45.602337
v -1.000000 2.000000 -45.602337
v 1.000000 2.000000 -43.602341
v -1.000000 2.000000 -43.602341
v 5.000000 4.000000 -45.602341
v 5.000000 2.000000 -45.602337
v 5.000000 4.000000 -43.602341
v 5.000000 2.000000 -43.602341
v 3.000000 2.000000 -45.602337
v 3.000000 4.000000 -45.602341
v 3.000000 2.000000 -43.602341
v 3.000000 4.000000 -43.602341
v 3.000000 2.000000 -45.602337
v 5.000000 2.000000 -45.602337
v 3.000000 4.000000 -45.602341
v 5.000000 4.000000 -45.602341
v 3.000000 4.000000 -43.602341
v 5.000000 4.000000 -43.602341
v 3.000000 2.000000 -43.602341
v 5.000000 2.000000 -43.602341
v 3.000000 4.000000 -45.602341
v 5.000000 4.000000 -45.602341
v 3.000000 4.000000 -43.602341
v 5.000000 4.000000 -43.602341
v 5.000000 2.000000 -45.602337
v 3.000000 2.000000 -45.602337
v 5.000000 2.000000 -43.602341
v 3.000000 2.000000 -43.602341
v 7.000000 4.000000 -45.602341
v 7.000000 2.000000 -45.602337
v 7.000000 4.000000 -43.602341
v 7.000000 2.000000 -43.602341
v 5.000000 2.000000 -45.602337
v 5.000000 4.000000 -45.602341
v 5.000000 2.000000 -43.602341
v 5.000000 4.000000 -43.602341
v 5.000000 2.000000 -45.602337
v 7.000000 2.000000 -45.602337
v 5.000000 4.000000 -45.602341
v 7.000000 4.000000 -45.602341
v 5.000000 4.000000 -43.602341
v 7.000000 4.000000 -43.602341
v 5.000000 2.000000 -43.602341
v 7.000000 2.000000 -43.602341
v 5.000000 4.000000 -45.602341
v 7.000000 4.000000 -45.602341
v 5.000000 4.000000 -43.602341
v 7.000000 4.000000 -43.602341
v 7.000000 2.000000 -45.602337
v 5.000000 2.000000 -45.602337
v 7.000000 2.000000 -43.602341
v 5.000000 2.000000 -43.602341
v 11.000000 4.000000 -45.602341
v 11.000000 2.000000 -45.602337
v 11.000000 4.000000 -43.602341
v 11.000000 2.000000 -43.602341
v 9.000000 2.000000 -45.602337
v 9.000000 4.000000 -45.602341
v 9.000000 2.000000 -43.602341
v 9.000000 4.000000 -43.602341
v 9.000000 2.000000 -45.602337
v 11.000000 2.000000 -45.602337
v 9.000000 4.000000 -45.602341
v 11.000000 4.000000 -45.602341
v 9.000000 4.000000 -43.602341
v 11.000000 4.000000 -43.602341
v 9.000000 2.000000 -43.602341
v 11.000000 2.000000 -43.602341
v 9.000000 4.000000 -45.602341
v 11.000000 4.000000 -45.602341
v 9.000000 4.000000 -43.602341
v 11.000000 4.000000 -43.602341
v 11.000000 2.000000 -45.602337
v 9.000000 2.000000 -45.602337
v 11.000000 2.000000 -43.602341
v 9.000000 2.000000 -43.602341
v 17.000000 4.000000 -45.602341
v 17.000000 2.000000 -45.602337
v 17.000000 4.000000 -43.602341
v 17.000000 2.000000 -43.602341
v 15.000000 2.000000 -45.602337
v 15.000000 4.000000 -45.602341
v 15.000000 2.000000 -43.602341
v 15.000000 4.000000 -43.602341
v 15.000000 2.000000 -45.602337
v 17.000000 2.000000 -45.602337
v 15.000000 4.000000 -45.602341
v 17.000000 4.000000 -45.602341
v 15.000000 4.000000 -43.602341
v 17.000000 4.000000 -43.602341
v 15.000000 2.000000 -43.602341
v 17.000000 2.000000 -43.602341
v 15.000000 4.000000 -45.602341
v 17.000000 4.000000 -45.602341
v 15.000000 4.000000 -43.602341
v 17.000000 4.000000 -43.602341
v 17.000000 2.000000 -45.602337
v 15.000000 2.000000 -45.602337
v 17.000000 2.000000 -43.602341
v 15.000000 2.000000 -43.602341
v 19.000000 4.000000 -45.602341
v 19.000000 2.000000 -45.602337
v 19.000000 4.000000 -43.602341
v 19.000000 2.000000 -43.602341
v 17.000000 2.000000 -45.602337
v 17.000000 4.000000 -45.602341
v 17.000000 2.000000 -43.602341
v 17.000000 4.000000 -43.602341
v 17.000000 2.000000 -45.602337
v 19.000000 2.000000 -45.602337
v 17.000000 4.000000 -45.602341
v 19.000000 4.000000 -45.602341
v 17.000000 4.000000 -43.602341
v 19.000000 4.000000 -43.602341
v 17.000000 2.000000 -43.602341
v 19.000000 2.000000 -43.602341
v 17.000000 4.000000 -45.602341
v 19.000000 4.000000 -45.602341
v 17.000000 4.000000 -43.602341
v 19.000000 4.000000 -43.602341
v 19.000000 2.000000 -45.602337
v 17.000000 2.000000 -45.602337
v 19.000000 2.000000 -43.602341
v 17.000000 2.000000 -43.602341
v 21.000000 4.000000 -45.602341
v 21.000000 2.000000 -45.602337
v 21.000000 4.000000 -43.602341
v 21.000000 2.000000 -43.602341
v 19.000000 2.000000 -45.602337
v 19.000000 4.000000 -45.602341
v 19.000000 2.000000 -43.602341
v 19.000000 4.000000 -43.602341
v 19.000000 2.000000 -45.602337
v 21.000000 2.000000 -45.602337
v 19.000000 4.000000 -45.602341
v 21.000000 4.000000 -45.602341
v 19.000000 4.000000 -43.602341
v 21.000000 4.000000 -43.602341
v 19.000000 2.000000 -43.602341
v 21.000000 2.000000 -43.602341
v 19.000000 4.000000 -45.602341
v 21.000000 4.000000 -45.602341
v 19.000000 4.000000 -43.602341
v 21.000000 4.000000 -43.602341
v 21.000000 2.000000 -45.602337
v 19.000000 2.000000 -45.602337
v 21.000000 2.000000 -43.602341
v 19.000000 2.000000 -43.602341
v -23.000000 4.000000 -43.602341
v -23.000000 2.000000 -43.602341
v -23.000000 4.000000 -41.602341
v -23.000000 2.000000 -41.602341
v -25.000000 2.000000 -43.602341
v -25.000000 4.000000 -43.602341
v -25.000000 2.000000 -41.602341
v -25.000000 4.000000 -41.602341
v -25.000000 2.000000 -43.602341
v -23.000000 2.000000 -43.602341
v -25.000000 4.000000 -43.602341
v -23.000000 4.000000 -43.602341
v -25.000000 4.000000 -41.602341
v -23.000000 4.000000 -41.602341
v -25.000000 2.000000 -41.602341
v -23.000000 2.000000 -41.602341
v -25.000000 4.000000 -43.602341
v -23.000000 4.000000 -43.602341
v -25.000000 4.000000 -41.602341
v -23.000000 4.000000 -41.602341
v -23.000000 2.000000 -43.602341
v -25.000000 2.000000 -43.602341
v -23.000000 2.000000 -41.602341
v -25.000000 2.000000 -41.602341
v -21.000000 4.000000 -43.602341
v -21.000000 2.000000 -43.602341
v -21.000000 4.000000 -41.602341
v -21.000000 2.000000 -41.602341
v -23.000000 2.000000 -43.602341
v -23.000000 4.000000 -43.602341
v -23.000000 2.000000 -41.602341
v -23.000000 4.000000 -41.602341
v -23.000000 2.000000 -43.602341
v -21.000000 2.000000 -43.602341
v -23.000000 4.000000 -43.602341
v -21.000000 4.000000 -43.602341
v -23.000000 4.000000 -41.602341
v -21.000000 4.000000 -41.602341
v -23.000000 2.000000 -41.602341
v -21.000000 2.000000 -41.602341
v -23.000000 4.000000 -43.602341
v -21.000000 4.000000 -43.602341
v -23.000000 4.000000 -41.602341
v -21.000000 4.000000 -41.602341
v -21.000000 2.000000 -43.602341
v -23.000000 2.000000 -43.602341
v -21.000000 2.000000 -41.602341
v -23.000000 2.000000 -41.602341
v -15.000000 4.000000 -43.602341
v -15.000000 2.000000 -43.602341
v -15.000000 4.000000 -41.602341
v -15.000000 2.000000 -41.602341
v -17.000000 2.000000 -43.602341
v -17.000000 4.000000 -43.602341
v -17.000000 2.000000 -41.602341
v -17.000000 4.000000 -41.602341
v -17.000000 2.000000 -43.602341
v -15.000000 2.000000 -43.602341
v -17.000000 4.000000 -43.602341
v -15.000000 4.000000 -43.602341
v -17.000000 4.000000 -41.602341
v -15.000000 4.000000 -41.602341
v -17.000000 2.000000 -41.602341
v -15.000000 2.000000 -41.602341
v -17.000000 4.000000 -43.602341
v -15.000000 4.000000 -43.602341
v -17.000000 4.000000 -41.602341
v -15.000000 4.000000 -41.602341
v -15.000000 2.000000 -43.602341
v -17.000000 2.000000 -43.602341
v -15.000000 2.000000 -41.602341
v -17.000000 2.000000 -41.602341
v -11.000000 4.000000 -43.602341
v -11.000000 2.000000 -43.602341
v -11.000000 4.000000 -41.602341
v -11.000000 2.000000 -41.602341
v -13.000000 2.000000 -43.602341
v -13.000000 4.000000 -43.602341
v -13.000000 2.000000 -41.602341
v -13.000000 4.000000 -41.602341
v -13.000000 2.000000 -43.602341
v -11.000000 2.000000 -43.602341
v -13.000000 4.000000 -43.602341
v -11.000000 4.000000 -43.602341
v -13.000000 4.000000 -41.602341
v -11.000000 4.000000 -41.602341
v -13.000000 2.000000 -41.602341
v -11.000000 2.000000 -41.602341
v -13.000000 4.000000 -43.602341
v -11.000000 4.000000 -43.602341
v -13.000000 4.000000 -41.602341
v -11.000000 4.000000 -41.602341
v -11.000000 2.000000 -43.602341
v -13.000000 2.000000 -43.602341
v -11.000000 2.000000 -41.602341
v -13.000000 2.000000 -41.602341
v -9.000000 4.000000 -43.602341
v -9.000000 2.000000 -43.602341
v -9.000000 4.000000 -41.602341
v -9.000000 2.000000 -41.602341
v -11.000000 2.000000 -43.602341
v -11.000000 4.000000 -43.602341
v -11.000000 2.000000 -41.602341
v -11.000000 4.000000 -41.602341
v -11.000000 2.000000 -43.602341
v -9.000000 2.000000 -43.602341
v -11.000000 4.000000 -43.602341
v -9.000000 4.000000 -43.602341
v -11.000000 4.000000 -41.602341
v -9.000000 4.000000 -41.602341
v -11.000000 2.000000 -41.602341
v -9.000000 2.000000 -41.602341
v -11.000000 4.000000 -43.602341
v -9.000000 4.000000 -43.602341
v -11.000000 4.000000 -41.602341
v -9.000000 4.000000 -41.602341
v -9.000000 2.000000 -43.602341
v -11.000000 2.000000 -43.602341
v -9.000000 2.000000 -41.602341
v -11.000000 2.000000 -41.602341
v -3.000000 4.000000 -43.602341
v -3.000000 2.000000 -43.602341
v -3.000000 4.000000 -41.602341
v -3.000000 2.000000 -41.602341
v -5.000000 2.000000 -43.602341
v -5.000000 4.000000 -43.602341
v -5.000000 2.000000 -41.602341
v -5.000000 4.000000 -41.602341
v -5.000000 2.000000 -43.602341
v -3.000000 2.000000 -43.602341
v -5.000000 4.000000 -43.602341
v -3.000000 4.000000 -43.602341
v -5.000000 4.000000 -41.602341
v -3.000000 4.000000 -41.602341
v -5.000000 2.000000 -41.602341
v -3.000000 2.000000 -41.602341
v -5.000000 4.000000 -43.602341
v -3.000000 4.000000 -43.602341
v -5.000000 4.000000 -41.602341
v -3.000000 4.000000 -41.602341
v -3.000000 2.000000 -43.602341
v -5.000000 2.000000 -43.602341
v -3.000000 2.000000 -41.602341
v -5.000000 2.000000 -41.602341
v -1.000000 4.000000 -43.602341
v -1.000000 2.000000 -43.602341
v -1.000000 4.000000 -41.602341
v -1.000000 2.000000 -41.602341
v -3.000000 2.000000 -43.602341
v -3.000000 4.000000 -43.602341
v -3.000000 2.000000 -41.602341
v -3.000000 4.000000 -41.602341
v -3.000000 2.000000 -43.602341
v -1.000000 2.000000 -43.602341
v -3.000000 4.000000 -43.602341
v -1.000000 4.000000 -43.602341
v -3.000000 4.000000 -41.602341
v -1.000000 4.000000 -41.602341
v -3.000000 2.000000 -41.602341
v -1.000000 2.000000 -41.602341
v -3.000000 4.000000 -43.602341
v -1.000000 4.000000 -43.602341
v -3.000000 4.000000 -41.602341
v -1.000000 4.000000 -41.602341
v -1.000000 2.000000 -43.602341
v -3.000000 2.000000 -43.602341
v -1.000000 2.000000 -41.602341
v -3.000000 2.000000 -41.602341
v 3.000000 4.000000 -43.602341
v 3.000000 2.000000 -43.602341
v 3.000000 4.000000 -41.602341
v 3.000000 2.000000 -41.602341
v 1.000000 2.000000 -43.602341
v 1.000000 4.000000 -43.602341
v 1.000000 2.000000 -41.602341
v 1.000000 4.000000 -41.602341
v 1.000000 2.000000 -43.602341
v 3.000000 2.000000 -43.602341
v 1.000000 4.000000 -43.602341
v 3.000000 4.000000 -43.602341
v 1.000000 4.000000 -41.602341
v 3.000000 4.000000 -41.602341
v 1.000000 2.000000 -41.602341
v 3.000000 2.000000 -41.602341
v 1.000000 4.000000 -43.602341
v 3.000000 4.000000 -43.602341
v 1.000000 4.000000 -41.602341
v 3.000000 4.000000 -41.602341
v 3.000000 2.000000 -43.602341
v 1.000000 2.000000 -43.602341
v 3.000000 2.000000 -41.602341
v 1.000000 2.000000 -41.602341
v 7.000000 4.000000 -43.602341
v 7.000000 2.000000 -43.602341
v 7.000000 4.000000 -41.602341
v 7.000000 2.000000 -41.602341
v 5.000000 2.000000 -43.602341
v 5.000000 4.000000 -43.602341
v 5.000000 2.000000 -41.602341
v 5.000000 4.000000 -41.602341
v 5.000000 2.000000 -43.602341
v 7.000000 2.000000 -43.602341
v 5.000000 4.000000 -43.602341
v 7.000000 4.000000 -43.602341
v 5.000000 4.000000 -41.602341
v 7.000000 4.000000 -41.602341
v 5.000000 2.000000 -41.602341
v 7.000000 2.000000 -41.602341
v 5.000000 4.000000 -43.602341
v 7.000000 4.000000 -43.602341
v 5.000000 4.000000 -41.602341
v 7.000000 4.000000 -41.602341
v 7.000000 2.000000 -43.602341
v 5.000000 2.000000 -43.602341
v 7.000000 2.000000 -41.602341
v 5.000000 2.000000 -41.602341
v 9.000000 4.000000 -43.602341
v 9.000000 2.000000 -43.602341
v 9.000000 4.000000 -41.602341
v 9.000000 2.000000 -41.602341
v 7.000000 2.000000 -43.602341
v 7.000000 4.000000 -43.602341
v 7.000000 2.000000 -41.602341
v 7.000000 4.000000 -41.602341
v 7.000000 2.000000 -43.602341
v 9.000000 2.000000 -43.602341
v 7.000000 4.000000 -43.602341
v 9.000000 4.000000 -43.602341
v 7.000000 4.000000 -41.602341
v 9.000000 4.000000 -41.602341
v 7.000000 2.000000 -41.602341
v 9.000000 2.000000 -41.602341
v 7.000000 4.000000 -43.602341
v 9.000000 4.000000 -43.602341
v 7.000000 4.000000 -41.602341
v 9.000000 4.000000 -41.602341
v 9.000000 2.000000 -43.602341
v 7.000000 2.000000 -43.602341
v 9.000000 2.000000 -41.602341
v 7.000000 2.000000 -41.602341
v 11.000000 4.000000 -43.602341
v 11.000000 2.000000 -43.602341
v 11.000000 4.000000 -41.602341
v 11.000000 2.000000 -41.602341
v 9.000000 2.000000 -43.602341
v 9.000000 4.000000 -43.602341
v 9.000000 2.000000 -41.602341
v 9.000000 4.000000 -41.602341
v 9.000000 2.000000 -43.602341
v 11.000000 2.000000 -43.602341
v 9.000000 4.000000 -43.602341
v 11.000000 4.000000 -43.602341
v 9.000000 4.000000 -41.602341
v 11.000000 4.000000 -41.602341
v 9.000000 2.000000 -41.602341
v 11.000000 2.000000 -41.602341
v 9.000000 4.000000 -43.602341
v 11.000000 4.000000 -43.602341
v 9.000000 4.000000 -41.602341
v 11.000000 4.000000 -41.602341
v 11.000000 2.000000 -43.602341
v 9.000000 2.000000 -43.602341
v 11.000000 2.000000 -41.602341
v 9.000000 2.000000 -41.602341
v 13.000000 4.000000 -43.602341
v 13.000000 2.000000 -43.602341
v 13.000000 4.000000 -41.602341
v 13.000000 2.000000 -41.602341
v 11.000000 2.000000 -43.602341
v 11.000000 4.000000 -43.602341
v 11.000000 2.000000 -41.602341
v 11.000000 4.000000 -41.602341
v 11.000000 2.000000 -43.602341
v 13.000000 2.000000 -43.602341
v 11.000000 4.000000 -43.602341
v 13.000000 4.000000 -43.602341
v 11.000000 4.000000 -41.602341
v 13.000000 4.000000 -41.602341
v 11.000000 2.000000 -41.602341
v 13.000000 2.000000 -41.602341
v 11.000000 4.000000 -43.602341
v 13.000000 4.000000 -43.602341
v 11.000000 4.000000 -41.602341
v 13.000000 4.000000 -41.602341
v 13.000000 2.000000 -43.602341
v 11.000000 2.000000 -43.602341
v 13.000000 2.000000 -41.602341
v 11.000000 2.000000 -41.602341
v 15.000000 4.000000 -43.602341
v 15.000000 2.000000 -43.602341
v 15.000000 4.000000 -41.602341
v 15.000000 2.000000 -41.602341
v 13.000000 2.000000 -43.602341
v 13.000000 4.000000 -43.602341
v 13.000000 2.000000 -41.602341
v 13.000000 4.000000 -41.602341
v 13.000000 2.000000 -43.602341
v 15.000000 2.000000 -43.602341
v 13.000000 4.000000 -43.602341
v 15.000000 4.000000 -43.602341
v 13.000000 4.000000 -41.602341
v 15.000000 4.000000 -41.602341
v 13.000000 2.000000 -41.602341
v 15.000000 2.000000 -41.602341
v 13.000000 4.000000 -43.602341
v 15.000000 4.000000 -43.602341
v 13.000000 4.000000 -41.602341
v 15.000000 4.000000 -41.602341
v 15.000000 2.000000 -43.602341
v 13.000000 2.000000 -43.602341
v 15.000000 2.000000 -41.602341
v 13.000000 2.000000 -41.602341
v 17.000000 4.000000 -43.602341
v 17.000000 2.000000 -43.602341
v 17.000000 4.000000 -41.602341
v 17.000000 2.000000 -41.602341
v 15.000000 2.000000 -43.602341
v 15.000000 4.000000 -43.602341
v 15.000000 2.000000 -41.602341
v 15.000000 4.000000 -41.602341
v 15.000000 2.000000 -43.602341
v 17.000000 2.000000 -43.602341
v 15.000000 4.000000 -43.602341
v 17.000000 4.000000 -43.602341
v 15.000000 4.000000 -41.602341
v 17.000000 4.000000 -41.602341
v 15.000000 2.000000 -41.602341
v 17.000000 2.000000 -41.602341
v 15.000000 4.000000 -43.602341
v 17.000000 4.000000 -43.602341
v 15.000000 4.000000 -41.602341
v 17.000000 4.000000 -41.602341
v 17.000000 2.000000 -43.602341
v 15.000000 2.000000 -43.602341
v 17.000000 2.000000 -41.602341
v 15.000000 2.000000 -41.602341
v 23.000000 4.000000 -43.602341
v 23.000000 2.000000 -43.602341
v 23.000000 4.000000 -41.602341
v 23.000000 2.000000 -41.602341
v 21.000000 2.000000 -43.602341
v 21.000000 4.000000 -43.602341
v 21.000000 2.000000 -41.602341
v 21.000000 4.000000 -41.602341
v 21.000000 2.000000 -43.602341
v 23.000000 2.000000 -43.602341
v 21.000000 4.000000 -43.602341
v 23.000000 4.000000 -43.602341
v 21.000000 4.000000 -41.602341
v 23.000000 4.000000 -41.602341
v 21.000000 2.000000 -41.602341
v 23.000000 2.000000 -41.602341
v 21.000000 4.000000 -43.602341
v 23.000000 4.000000 -43.602341
v 21.000000 4.000000 -41.602341
v 23.000000 4.000000 -41.602341
v 23.000000 2.000000 -43.602341
v 21.000000 2.000000 -43.602341
v 23.000000 2.000000 -41.602341
v 21.000000 2.000000 -41.602341
v -5.000000 4.000000 -41.602341
v -5.000000 2.000000 -41.602341
v -5.000000 4.000000 -39.602337
v -5.000000 2.000000 -39.602341
v -7.000000 2.000000 -41.602341
v -7.000000 4.000000 -41.602341
v -7.000000 2.000000 -39.602341
v -7.000000 4.000000 -39.602337
v -7.000000 2.000000 -41.602341
v -5.000000 2.000000 -41.602341
v -7.000000 4.000000 -41.602341
v -5.000000 4.000000 -41.602341
v -7.000000 4.000000 -39.602337
v -5.000000 4.000000 -39.602337
v -7.000000 2.000000 -39.602341
v -5.000000 2.000000 -39.602341
v -7.000000 4.000000 -41.602341
v -5.000000 4.000000 -41.602341
v -7.000000 4.000000 -39.602337
v -5.000000 4.000000 -39.602337
v -5.000000 2.000000 -41.602341
v -7.000000 2.000000 -41.602341
v -5.000000 2.000000 -39.602341
v -7.000000 2.000000 -39.602341
v 1.000000 4.000000 -41.602341
v 1.000000 2.000000 -41.602341
v 1.000000 4.000000 -39.602337
v 1.000000 2.000000 -39.602341
v -1.000000 2.000000 -41.602341
v -1.000000 4.000000 -41.602341
v -1.000000 2.000000 -39.602341
v -1.000000 4.000000 -39.602337
v -1.000000 2.000000 -41.602341
v 1.000000 2.000000 -41.602341
v -1.000000 4.000000 -41.602341
v 1.000000 4.000000 -41.602341
v -1.000000 4.000000 -39.602337
v 1.000000 4.000000 -39.602337
v -1.000000 2.000000 -39.602341
v 1.000000 2.000000 -39.602341
v -1.000000 4.000000 -41.602341
v 1.000000 4.000000 -41.602341
v -1.000000 4.000000 -39.602337
v 1.000000 4.000000 -39.602337
v 1.000000 2.000000 -41.602341
v -1.000000 2.000000 -41.602341
v 1.000000 2.000000 -39.602341
v -1.000000 2.000000 -39.602341
v 7.000000 4.000000 -41.602341
v 7.000000 2.000000 -41.602341
v 7.000000 4.000000 -39.602337
v 7.000000 2.000000 -39.602341
v 5.000000 2.000000 -41.602341
v 5.000000 4.000000 -41.602341
v 5.000000 2.000000 -39.602341
v 5.000000 4.000000 -39.602337
v 5.000000 2.000000 -41.602341
v 7.000000 2.000000 -41.602341
v 5.000000 4.000000 -41.602341
v 7.000000 4.000000 -41.602341
v 5.000000 4.000000 -39.602337
v 7.000000 4.000000 -39.602337
v 5.000000 2.000000 -39.602341
v 7.000000 2.000000 -39.602341
v 5.000000 4.000000 -41.602341
v 7.000000 4.000000 -41.602341
v 5.000000 4.000000 -39.602337
v 7.000000 4.000000 -39.602337
v 7.000000 2.000000 -41.602341
v 5.000000 2.000000 -41.602341
v 7.000000 2.000000 -39.602341
v 5.000000 2.000000 -39.602341
v 9.000000 4.000000 -41.602341
v 9.000000 2.000000 -41.602341
v 9.000000 4.000000 -39.602337
v 9.000000 2.000000 -39.602341
v 7.000000 2.000000 -41.602341
v 7.000000 4.000000 -41.602341
v 7.000000 2.000000 -39.602341
v 7.000000 4.000000 -39.602337
v 7.000000 2.000000 -41.602341
v 9.000000 2.000000 -41.602341
v 7.000000 4.000000 -41.602341
v 9.000000 4.000000 -41.602341
v 7.000000 4.000000 -39.602337
v 9.000000 4.000000 -39.602337
v 7.000000 2.000000 -39.602341
v 9.000000 2.000000 -39.602341
v 7.000000 4.000000 -41.602341
v 9.000000 4.000000 -41.602341
v 7.000000 4.000000 -39.602337
v 9.000000 4.000000 -39.602337
v 9.000000 2.000000 -41.602341
v 7.000000 2.000000 -41.602341
v 9.000000 2.000000 -39.602341
v 7.000000 2.000000 -39.602341
v 17.000000 4.000000 -41.602341
v 17.000000 2.000000 -41.602341
v 17.000000 4.000000 -39.602337
v 17.000000 2.000000 -39.602341
v 15.000000 2.000000 -41.602341
v 15.000000 4.000000 -41.602341
v 15.000000 2.000000 -39.602341
v 15.000000 4.000000 -39.602337
v 15.000000 2.000000 -41.602341
v 17.000000 2.000000 -41.602341
v 15.000000 4.000000 -41.602341
v 17.000000 4.000000 -41.602341
v 15.000000 4.000000 -39.602337
v 17.000000 4.000000 -39.602337
v 15.000000 2.000000 -39.602341
v 17.000000 2.000000 -39.602341
v 15.000000 4.000000 -41.602341
v 17.000000 4.000000 -41.602341
v 15.000000 4.000000 -39.602337
v 17.000000 4.000000 -39.602337
v 17.000000 2.000000 -41.602341
v 15.000000 2.000000 -41.602341
v 17.000000 2.000000 -39.602341
v 15.000000 2.000000 -39.602341
v 19.000000 4.000000 -41.602341
v 19.000000 2.000000 -41.602341
v 19.000000 4.000000 -39.602337
v 19.000000 2.000000 -39.602341
v 17.000000 2.000000 -41.602341
v 17.000000 4.000000 -41.602341
v 17.000000 2.000000 -39.602341
v 17.000000 4.000000 -39.602337
v 17.000000 2.000000 -41.602341
v 19.000000 2.000000 -41.602341
v 17.000000 4.000000 -41.602341
v 19.000000 4.000000 -41.602341
v 17.000000 4.000000 -39.602337
v 19.000000 4.000000 -39.602337
v 17.000000 2.000000 -39.602341
v 19.000000 2.000000 -39.602341
v 17.000000 4.000000 -41.602341
v 19.000000 4.000000 -41.602341
v 17.000000 4.000000 -39.602337
v 19.000000 4.000000 -39.602337
v 19.000000 2.000000 -41.602341
v 17.000000 2.000000 -41.602341
v 19.000000 2.000000 -39.602341
v 17.000000 2.000000 -39.602341
v 23.000000 4.000000 -41.602341
v 23.000000 2.000000 -41.602341
v 23.000000 4.000000 -39.602337
v 23.000000 2.000000 -39.602341
v 21.000000 2.000000 -41.602341
v 21.000000 4.000000 -41.602341
v 21.000000 2.000000 -39.602341
v 21.000000 4.000000 -39.602337
v 21.000000 2.000000 -41.602341
v 23.000000 2.000000 -41.602341
v 21.000000 4.000000 -41.602341
v 23.000000 4.000000 -41.602341
v 21.000000 4.000000 -39.602337
v 23.000000 4.000000 -39.602337
v 21.000000 2.000000 -39.602341
v 23.000000 2.000000 -39.602341
v 21.000000 4.000000 -41.602341
v 23.000000 4.000000 -41.602341
v 21.000000 4.000000 -39.602337
v 23.000000 4.000000 -39.602337
v 23.000000 2.000000 -41.602341
v 21.000000 2.000000 -41.602341
v 23.000000 2.000000 -39.602341
v 21.000000 2.000000 -39.602341
v 25.000000 4.000000 -41.602341
v 25.000000 2.000000 -41.602341
v 25.000000 4.000000 -39.602337
v 25.000000 2.000000 -39.602341
v 23.000000 2.000000 -41.602341
v 23.000000 4.000000 -41.602341
v 23.000000 2.000000 -39.602341
v 23.000000 4.000000 -39.602337
v 23.000000 2.000000 -41.602341
v 25.000000 2.000000 -41.602341
v 23.000000 4.000000 -41.602341
v 25.000000 4.000000 -41.602341
v 23.000000 4.000000 -39.602337
v 25.000000 4.000000 -39.602337
v 23.000000 2.000000 -39.602341
v 25.000000 2.000000 -39.602341
v 23.000000 4.000000 -41.602341
v 25.000000 4.000000 -41.602341
v 23.000000 4.000000 -39.602337
v 25.000000 4.000000 -39.602337
v 25.000000 2.000000 -41.602341
v 23.000000 2.000000 -41.602341
v 25.000000 2.000000 -39.602341
v 23.000000 2.000000 -39.602341
v -23.000000 4.000000 -39.602337
v -23.000000 2.000000 -39.602341
v -23.000000 4.000000 -37.602341
v -23.000000 2.000000 -37.602341
v -25.000000 2.000000 -39.602341
v -25.000000 4.000000 -39.602337
v -25.000000 2.000000 -37.602341
v -25.000000 4.000000 -37.602341
v -25.000000 2.000000 -39.602341
v -23.000000 2.000000 -39.602341
v -25.000000 4.000000 -39.602337
v -23.000000 4.000000 -39.602337
v -25.000000 4.000000 -37.602341
v -23.000000 4.000000 -37.602341
v -25.000000 2.000000 -37.602341
v -23.000000 2.000000 -37.602341
v -25.000000 4.000000 -39.602337
v -23.000000 4.000000 -39.602337
v -25.000000 4.000000 -37.602341
v -23.000000 4.000000 -37.602341
v -23.000000 2.000000 -39.602341
v -25.000000 2.000000 -39.602341
v -23.000000 2.000000 -37.602341
v -25.000000 2.000000 -37.602341
v -21.000000 4.000000 -39.602337
v -21.000000 2.000000 -39.602341
v -21.000000 4.000000 -37.602341
v -21.000000 2.000000 -37.602341
v -23.000000 2.000000 -39.602341
v -23.000000 4.000000 -39.602337
v -23.000000 2.000000 -37.602341
v -23.000000 4.000000 -37.602341
v -23.000000 2.000000 -39.602341
v -21.000000 2.000000 -39.602341
v -23.000000 4.000000 -39.602337
v -21.000000 4.000000 -39.602337
v -23.000000 4.000000 -37.602341
v -21.000000 4.000000 -37.602341
v -23.000000 2.000000 -37.602341
v -21.000000 2.000000 -37.602341
v -23.000000 4.000000 -39.602337
v -21.000000 4.000000 -39.602337
v -23.000000 4.000000 -37.602341
v -21.000000 4.000000 -37.602341
v -21.000000 2.000000 -39.602341
v -23.000000 2.000000 -39.602341
v -21.000000 2.000000 -37.602341
v -23.000000 2.000000 -37.602341
v -19.000000 4.000000 -39.602337
v -19.000000 2.000000 -39.602341
v -19.000000 4.000000 -37.602341
v -19.000000 2.000000 -37.602341
v -21.000000 2.000000 -39.602341
v -21.000000 4.000000 -39.602337
v -21.000000 2.000000 -37.602341
v -21.000000 4.000000 -37.602341
v -21.000000 2.000000 -39.602341
v -19.000000 2.000000 -39.602341
v -21.000000 4.000000 -39.602337
v -19.000000 4.000000 -39.602337
v -21.000000 4.000000 -37.602341
v -19.000000 4.000000 -37.602341
v -21.000000 2.000000 -37.602341
v -19.000000 2.000000 -37.602341
v -21.000000 4.000000 -39.602337
v -19.000000 4.000000 -39.602337
v -21.000000 4.000000 -37.602341
v -19.000000 4.000000 -37.602341
v -19.000000 2.000000 -39.602341
v -21.000000 2.000000 -39.602341
v -19.000000 2.000000 -37.602341
v -21.000000 2.000000 -37.602341
v -17.000000 4.000000 -39.602337
v -17.000000 2.000000 -39.602341
v -17.000000 4.000000 -37.602341
v -17.000000 2.000000 -37.602341
v -19.000000 2.000000 -39.602341
v -19.000000 4.000000 -39.602337
v -19.000000 2.000000 -37.602341
v -19.000000 4.000000 -37.602341
v -19.000000 2.000000 -39.602341
v -17.000000 2.000000 -39.602341
v -19.000000 4.000000 -39.602337
v -17.000000 4.000000 -39.602337
v -19.000000 4.000000 -37.602341
v -17.000000 4.000000 -37.602341
v -19.000000 2.000000 -37.602341
v -17.000000 2.000000 -37.602341
v -19.000000 4.000000 -39.602337
v -17.000000 4.000000 -39.602337
v -19.000000 4.000000 -37.602341
v -17.000000 4.000000 -37.602341
v -17.000000 2.000000 -39.602341
v -19.000000 2.000000 -39.602341
v -17.000000 2.000000 -37.602341
v -19.000000 2.000000 -37.602341
v -15.000000 4.000000 -39.602337
v -15.000000 2.000000 -39.602341
v -15.000000 4.000000 -37.602341
v -15.000000 2.000000 -37.602341
v -17.000000 2.000000 -39.602341
v -17.000000 4.000000 -39.602337
v -17.000000 2.000000 -37.602341
v -17.000000 4.000000 -37.602341
v -17.000000 2.000000 -39.602341
v -15.000000 2.000000 -39.602341
v -17.000000 4.000000 -39.602337
v -15.000000 4.000000 -39.602337
v -17.000000 4.000000 -37.602341
v -15.000000 4.000000 -37.602341
v -17.000000 2.000000 -37.602341
v -15.000000 2.000000 -37.602341
v -17.000000 4.000000 -39.602337
v -15.000000 4.000000 -39.602337
v -17.000000 4.000000 -37.602341
v -15.000000 4.000000 -37.602341
v -15.000000 2.000000 -39.602341
v -17.000000 2.000000 -39.602341
v -15.000000 2.000000 -37.602341
v -17.000000 2.000000 -37.602341
v -13.000000 4.000000 -39.602337
v -13.000000 2.000000 -39.602341
v -13.000000 4.000000 -37.602341
v -13.000000 2.000000 -37.602341
v -15.000000 2.000000 -39.602341
v -15.000000 4.000000 -39.602337
v -15.000000 2.000000 -37.602341
v -15.000000 4.000000 -37.602341
v -15.000000 2.000000 -39.602341
v -13.000000 2.000000 -39.602341
v -15.000000 4.000000 -39.602337
v -13.000000 4.000000 -39.602337
v -15.000000 4.000000 -37.602341
v -13.000000 4.000000 -37.602341
v -15.000000 2.000000 -37.602341
v -13.000000 2.000000 -37.602341
v -15.000000 4.000000 -39.602337
v -13.000000 4.000000 -39.602337
v -15.000000 4.000000 -37.602341
v -13.000000 4.000000 -37.602341
v -13.000000 2.000000 -39.602341
v -15.000000 2.000000 -39.602341
v -13.000000 2.000000 -37.602341
v -15.000000 2.000000 -37.602341
v -11.000000 4.000000 -39.602337
v -11.000000 2.000000 -39.602341
v -11.000000 4.000000 -37.602341
v -11.000000 2.000000 -37.602341
v -13.000000 2.000000 -39.602341
v -13.000000 4.000000 -39.602337
v -13.000000 2.000000 -37.602341
v -13.000000 4.000000 -37.602341
v -13.000000 2.000000 -39.602341
v -11.000000 2.000000 -39.602341
v -13.000000 4.000000 -39.602337
v -11.000000 4.000000 -39.602337
v -13.000000 4.000000 -37.602341
v -11.000000 4.000000 -37.602341
v -13.000000 2.000000 -37.602341
v -11.000000 2.000000 -37.602341
v -13.000000 4.000000 -39.602337
v -11.000000 4.000000 -39.602337
v -13.000000 4.000000 -37.602341
v -11.000000 4.000000 -37.602341
v -11.000000 2.000000 -39.602341
v -13.000000 2.000000 -39.602341
v -11.000000 2.000000 -37.602341
v -13.000000 2.000000 -37.602341
v -7.000000 4.000000 -39.602337
v -7.000000 2.000000 -39.602341
v -7.000000 4.000000 -37.602341
v -7.000000 2.000000 -37.602341
v -9.000000 2.000000 -39.602341
v -9.000000 4.000000 -39.602337
v -9.000000 2.000000 -37.602341
v -9.000000 4.000000 -37.602341
v -9.000000 2.000000 -39.602341
v -7.000000 2.000000 -39.602341
v -9.000000 4.000000 -39.602337
v -7.000000 4.000000 -39.602337
v -9.000000 4.000000 -37.602341
v -7.000000 4.000000 -37.602341
v -9.000000 2.000000 -37.602341
v -7.000000 2.000000 -37.602341
v -9.000000 4.000000 -39.602337
v -7.000000 4.000000 -39.602337
v -9.000000 4.000000 -37.602341
v -7.000000 4.000000 -37.602341
v -7.000000 2.000000 -39.602341
v -9.000000 2.000000 -39.602341
v -7.000000 2.000000 -37.602341
v -9.000000 2.000000 -37.602341
v -1.000000 4.000000 -39.602337
v -1.000000 2.000000 -39.602341
v -1.000000 4.000000 -37.602341
v -1.000000 2.000000 -37.602341
v -3.000000 2.000000 -39.602341
v -3.000000 4.000000 -39.602337
v -3.000000 2.000000 -37.602341
v -3.000000 4.000000 -37.602341
v -3.000000 2.000000 -39.602341
v -1.000000 2.000000 -39.602341
v -3.000000 4.000000 -39.602337
v -1.000000 4.000000 -39.602337
v -3.000000 4.000000 -37.602341
v -1.000000 4.000000 -37.602341
v -3.000000 2.000000 -37.602341
v -1.000000 2.000000 -37.602341
v -3.000000 4.000000 -39.602337
v -1.000000 4.000000 -39.602337
v -3.000000 4.000000 -37.602341
v -1.000000 4.000000 -37.602341
v -1.000000 2.000000 -39.602341
v -3.000000 2.000000 -39.602341
v -1.000000 2.000000 -37.602341
v -3.000000 2.000000 -37.602341
v 1.000000 4.000000 -39.602337
v 1.000000 2.000000 -39.602341
v 1.000000 4.000000 -37.602341
v 1.000000 2.000000 -37.602341
v -1.000000 2.000000 -39.602341
v -1.000000 4.000000 -39.602337
v -1.000000 2.000000 -37.602341
v -1.000000 4.000000 -37.602341
v -1.000000 2.000000 -39.602341
v 1.000000 2.000000 -39.602341
v -1.000000 4.000000 -39.602337
v 1.000000 4.000000 -39.602337
v -1.000000 4.000000 -37.602341
v 1.000000 4.000000 -37.602341
v -1.000000 2.000000 -37.602341
v 1.000000 2.000000 -37.602341
v -1.000000 4.000000 -39.602337
v 1.000000 4.000000 -39.602337
v -1.000000 4.000000 -37.602341
v 1.000000 4.000000 -37.602341
v 1.000000 2.000000 -39.602341
v -1.000000 2.000000 -39.602341
v 1.000000 2.000000 -37.602341
v -1.000000 2.000000 -37.602341
v 5.000000 4.000000 -39.602337
v 5.000000 2.000000 -39.602341
v 5.000000 4.000000 -37.602341
v 5.000000 2.000000 -37.602341
v 3.000000 2.000000 -39.602341
v 3.000000 4.000000 -39.602337
v 3.000000 2.000000 -37.602341
v 3.000000 4.000000 -37.602341
v 3.000000 2.000000 -39.602341
v 5.000000 2.000000 -39.602341
v 3.000000 4.000000 -39.602337
v 5.000000 4.000000 -39.602337
v 3.000000 4.000000 -37.602341
v 5.000000 4.000000 -37.602341
v 3.000000 2.000000 -37.602341
v 5.000000 2.000000 -37.602341
v 3.000000 4.000000 -39.602337
v 5.000000 4.000000 -39.602337
v 3.000000 4.000000 -37.602341
v 5.000000 4.000000 -37.602341
v 5.000000 2.000000 -39.602341
v 3.000000 2.000000 -39.602341
v 5.000000 2.000000 -37.602341
v 3.000000 2.000000 -37.602341
v 7.000000 4.000000 -39.602337
v 7.000000 2.000000 -39.602341
v 7.000000 4.000000 -37.602341
v 7.000000 2.000000 -37.602341
v 5.000000 2.000000 -39.602341
v 5.000000 4.000000 -39.602337
v 5.000000 2.000000 -37.602341
v 5.000000 4.000000 -37.602341
v 5.000000 2.000000 -39.602341
v 7.000000 2.000000 -39.602341
v 5.000000 4.000000 -39.602337
v 7.000000 4.000000 -39.602337
v 5.000000 4.000000 -37.602341
v 7.000000 4.000000 -37.602341
v 5.000000 2.000000 -37.602341
v 7.000000 2.000000 -37.602341
v 5.000000 4.000000 -39.602337
v 7.000000 4.000000 -39.602337
v 5.000000 4.000000 -37.602341
v 7.000000 4.000000 -37.602341
v 7.000000 2.000000 -39.602341
v 5.000000 2.000000 -39.602341
v 7.000000 2.000000 -37.602341
v 5.000000 2.000000 -37.602341
v 9.000000 4.000000 -39.602337
v 9.000000 2.000000 -39.602341
v 9.000000 4.000000 -37.602341
v 9.000000 2.000000 -37.602341
v 7.000000 2.000000 -39.602341
v 7.000000 4.000000 -39.602337
v 7.000000 2.000000 -37.602341
v 7.000000 4.000000 -37.602341
v 7.000000 2.000000 -39.602341
v 9.000000 2.000000 -39.602341
v 7.000000 4.000000 -39.602337
v 9.000000 4.000000 -39.602337
v 7.000000 4.000000 -37.602341
v 9.000000 4.000000 -37.602341
v 7.000000 2.000000 -37.602341
v 9.000000 2.000000 -37.602341
v 7.000000 4.000000 -39.602337
v 9.000000 4.000000 -39.602337
v 7.000000 4.000000 -37.602341
v 9.000000 4.000000 -37.602341
v 9.000000 2.000000 -39.602341
v 7.000000 2.000000 -39.602341
v 9.000000 2.000000 -37.602341
v 7.000000 2.000000 -37.602341
v 13.000000 4.000000 -39.602337
v 13.000000 2.000000 -39.602341
v 13.000000 4.000000 -37.602341
v 13.000000 2.000000 -37.602341
v 11.000000 2.000000 -39.602341
v 11.000000 4.000000 -39.602337
v 11.000000 2.000000 -37.602341
v 11.000000 4.000000 -37.602341
v 11.000000 2.000000 -39.602341
v 13.000000 2.000000 -39.602341
v 11.000000 4.000000 -39.602337
v 13.000000 4.000000 -39.602337
v 11.000000 4.000000 -37.602341
v 13.000000 4.000000 -37.602341
v 11.000000 2.000000 -37.602341
v 13.000000 2.000000 -37.602341
v 11.000000 4.000000 -39.602337
v 13.000000 4.000000 -39.602337
v 11.000000 4.000000 -37.602341
v 13.000000 4.000000 -37.602341
v 13.000000 2.000000 -39.602341
v 11.000000 2.000000 -39.602341
v 13.000000 2.000000 -37.602341
v 11.000000 2.000000 -37.602341
v 17.000000 4.000000 -39.602337
v 17.000000 2.000000 -39.602341
v 17.000000 4.000000 -37.602341
v 17.000000 2.000000 -37.602341
v 15.000000 2.000000 -39.602341
v 15.000000 4.000000 -39.602337
v 15.000000 2.000000 -37.602341
v 15.000000 4.000000 -37.602341
v 15.000000 2.000000 -39.602341
v 17.000000 2.000000 -39.602341
v 15.000000 4.000000 -39.602337
v 17.000000 4.000000 -39.602337
v 15.000000 4.000000 -37.602341
v 17.000000 4.000000 -37.602341
v 15.000000 2.000000 -37.602341
v 17.000000 2.000000 -37.602341
v 15.000000 4.000000 -39.602337
v 17.000000 4.000000 -39.602337
v 15.000000 4.000000 -37.602341
v 17.000000 4.000000 -37.602341
v 17.000000 2.000000 -39.602341
v 15.000000 2.000000 -39.602341
v 17.000000 2.000000 -37.602341
v 15.000000 2.000000 -37.602341
v 19.000000 4.000000 -39.602337
v 19.000000 2.000000 -39.602341
v 19.000000 4.000000 -37.602341
v 19.000000 2.000000 -37.602341
v 17.000000 2.000000 -39.602341
v 17.000000 4.000000 -39.602337
v 17.000000 2.000000 -37.602341
v 17.000000 4.000000 -37.602341
v 17.000000 2.000000 -39.602341
v 19.000000 2.000000 -39.602341
v 17.000000 4.000000 -39.602337
v 19.000000 4.000000 -39.602337
v 17.000000 4.000000 -37.602341
v 19.000000 4.000000 -37.602341
v 17.000000 2.000000 -37.602341
v 19.000000 2.000000 -37.602341
v 17.000000 4.000000 -39.602337
v 19.000000 4.000000 -39.602337
v 17.000000 4.000000 -37.602341
v 19.000000 4.000000 -37.602341
v 19.000000 2.000000 -39.602341
v 17.000000 2.000000 -39.602341
v 19.000000 2.000000 -37.602341
v 17.000000 2.000000 -37.602341
v 25.000000 4.000000 -39.602337
v 25.000000 2.000000 -39.602341
v 25.000000 4.000000 -37.602341
v 25.000000 2.000000 -37.602341
v 23.000000 2.000000 -39.602341
v 23.000000 4.000000 -39.602337
v 23.000000 2.000000 -37.602341
v 23.000000 4.000000 -37.602341
v 23.000000 2.000000 -39.602341
v 25.000000 2.000000 -39.602341
v 23.000000 4.000000 -39.602337
v 25.000000 4.000000 -39.602337
v 23.000000 4.000000 -37.602341
v 25.000000 4.000000 -37.602341
v 23.000000 2.000000 -37.602341
v 25.000000 2.000000 -37.602341
v 23.000000 4.000000 -39.602337
v 25.000000 4.000000 -39.602337
v 23.000000 4.000000 -37.602341
v 25.000000 4.000000 -37.602341
v 25.000000 2.000000 -39.602341
v 23.000000 2.000000 -39.602341
v 25.000000 2.000000 -37.602341
v 23.000000 2.000000 -37.602341
v -23.000000 4.000000 -37.602341
v -23.000000 2.000000 -37.602341
v -23.000000 4.000000 -35.602341
v -23.000000 2.000000 -35.602341
v -25.000000 2.000000 -37.602341
v -25.000000 4.000000 -37.602341
v -25.000000 2.000000 -35.602341
v -25.000000 4.000000 -35.602341
v -25.000000 2.000000 -37.602341
v -23.000000 2.000000 -37.602341
v -25.000000 4.000000 -37.602341
v -23.000000 4.000000 -37.602341
v -25.000000 4.000000 -35.602341
v -23.000000 4.000000 -35.602341
v -25.000000 2.000000 -35.602341
v -23.000000 2.000000 -35.602341
v -25.000000 4.000000 -37.602341
v -23.000000 4.000000 -37.602341
v -25.000000 4.000000 -35.602341
v -23.000000 4.000000 -35.602341
v -23.000000 2.000000 -37.602341
v -25.000000 2.000000 -37.602341
v -23.000000 2.000000 -35.602341
v -25.000000 2.000000 -35.602341
v -11.000000 4.000000 -37.602341
v -11.000000 2.000000 -37.602341
v -11.000000 4.000000 -35.602341
v -11.000000 2.000000 -35.602341
v -13.000000 2.000000 -37.602341
v -13.000000 4.000000 -37.602341
v -13.000000 2.000000 -35.602341
v -13.000000 4.000000 -35.602341
v -13.000000 2.000000 -37.602341
v -11.000000 2.000000 -37.602341
v -13.000000 4.000000 -37.602341
v -11.000000 4.000000 -37.602341
v -13.000000 4.000000 -35.602341
v -11.000000 4.000000 -35.602341
v -13.000000 2.000000 -35.602341
v -11.000000 2.000000 -35.602341
v -13.000000 4.000000 -37.602341
v -11.000000 4.000000 -37.602341
v -13.000000 4.000000 -35.602341
v -11.000000 4.000000 -35.602341
v -11.000000 2.000000 -37.602341
v -13.000000 2.000000 -37.602341
v -11.000000 2.000000 -35.602341
v -13.000000 2.000000 -35.602341
v -7.000000 4.000000 -37.602341
v -7.000000 2.000000 -37.602341
v -7.000000 4.000000 -35.602341
v -7.000000 2.000000 -35.602341
v -9.000000 2.000000 -37.602341
v -9.000000 4.000000 -37.602341
v -9.000000 2.000000 -35.602341
v -9.000000 4.000000 -35.602341
v -9.000000 2.000000 -37.602341
v -7.000000 2.000000 -37.602341
v -9.000000 4.000000 -37.602341
v -7.000000 4.000000 -37.602341
v -9.000000 4.000000 -35.602341
v -7.000000 4.000000 -35.602341
v -9.000000 2.000000 -35.602341
v -7.000000 2.000000 -35.602341
v -9.000000 4.000000 -37.602341
v -7.000000 4.000000 -37.602341
v -9.000000 4.000000 -35.602341
v -7.000000 4.000000 -35.602341
v -7.000000 2.000000 -37.602341
v -9.000000 2.000000 -37.602341
v -7.000000 2.000000 -35.602341
v -9.000000 2.000000 -35.602341
v -5.000000 4.000000 -37.602341
v -5.000000 2.000000 -37.602341
v -5.000000 4.000000 -35.602341
v -5.000000 2.000000 -35.602341
v -7.000000 2.000000 -37.602341
v -7.000000 4.000000 -37.602341
v -7.000000 2.000000 -35.602341
v -7.000000 4.000000 -35.602341
v -7.000000 2.000000 -37.602341
v -5.000000 2.000000 -37.602341
v -7.000000 4.000000 -37.602341
v -5.000000 4.000000 -37.602341
v -7.000000 4.000000 -35.602341
v -5.000000 4.000000 -35.602341
v -7.000000 2.000000 -35.602341
v -5.000000 2.000000 -35.602341
v -7.000000 4.000000 -37.602341
v -5.000000 4.000000 -37.602341
v -7.000000 4.000000 -35.602341
v -5.000000 4.000000 -35.602341
v -5.000000 2.000000 -37.602341
v -7.000000 2.000000 -37.602341
v -5.000000 2.000000 -35.602341
v -7.000000 2.000000 -35.602341
v -3.000000 4.000000 -37.602341
v -3.000000 2.000000 -37.602341
v -3.000000 4.000000 -35.602341
v -3.000000 2.000000 -35.602341
v -5.000000 2.000000 -37.602341
v -5.000000 4.000000 -37.602341
v -5.000000 2.000000 -35.602341
v -5.000000 4.000000 -35.602341
v -5.000000 2.000000 -37.602341
v -3.000000 2.000000 -37.602341
v -5.000000 4.000000 -37.602341
v -3.000000 4.000000 -37.602341
v -5.000000 4.000000 -35.602341
v -3.000000 4.000000 -35.602341
v -5.000000 2.000000 -35.602341
v -3.000000 2.000000 -35.602341
v -5.000000 4.000000 -37.602341
v -3.000000 4.000000 -37.602341
v -5.000000 4.000000 -35.602341
v -3.000000 4.000000 -35.602341
v -3.000000 2.000000 -37.602341
v -5.000000 2.000000 -37.602341
v -3.000000 2.000000 -35.602341
v -5.000000 2.000000 -35.602341
v -1.000000 4.000000 -37.602341
v -1.000000 2.000000 -37.602341
v -1.000000 4.000000 -35.602341
v -1.000000 2.000000 -35.602341
v -3.000000 2.000000 -37.602341
v -3.000000 4.000000 -37.602341
v -3.000000 2.000000 -35.602341
v -3.000000 4.000000 -35.602341
v -3.000000 2.000000 -37.602341
v -1.000000 2.000000 -37.602341
v -3.000000 4.000000 -37.602341
v -1.000000 4.000000 -37.602341
v -3.000000 4.000000 -35.602341
v -1.000000 4.000000 -35.602341
v -3.000000 2.000000 -35.602341
v -1.000000 2.000000 -35.602341
v -3.000000 4.000000 -37.602341
v -1.000000 4.000000 -37.602341
v -3.000000 4.000000 -35.602341
v -1.000000 4.000000 -35.602341
v -1.000000 2.000000 -37.602341
v -3.000000 2.000000 -37.602341
v -1.000000 2.000000 -35.602341
v -3.000000 2.000000 -35.602341
v 3.000000 4.000000 -37.602341
v 3.000000 2.000000 -37.602341
v 3.000000 4.000000 -35.602341
v 3.000000 2.000000 -35.602341
v 1.000000 2.000000 -37.602341
v 1.000000 4.000000 -37.602341
v 1.000000 2.000000 -35.602341
v 1.000000 4.000000 -35.602341
v 1.000000 2.000000 -37.602341
v 3.000000 2.000000 -37.602341
v 1.000000 4.000000 -37.602341
v 3.000000 4.000000 -37.602341
v 1.000000 4.000000 -35.602341
v 3.000000 4.000000 -35.602341
v 1.000000 2.000000 -35.602341
v 3.000000 2.000000 -35.602341
v 1.000000 4.000000 -37.602341
v 3.000000 4.000000 -37.602341
v 1.000000 4.000000 -35.602341
v 3.000000 4.000000 -35.602341
v 3.000000 2.000000 -37.602341
v 1.000000 2.000000 -37.602341
v 3.000000 2.000000 -35.602341
v 1.000000 2.000000 -35.602341
v 5.000000 4.000000 -37.602341
v 5.000000 2.000000 -37.602341
v 5.000000 4.000000 -35.602341
v 5.000000 2.000000 -35.602341
v 3.000000 2.000000 -37.602341
v 3.000000 4.000000 -37.602341
v 3.000000 2.000000 -35.602341
v 3.000000 4.000000 -35.602341
v 3.000000 2.000000 -37.602341
v 5.000000 2.000000 -37.602341
v 3.000000 4.000000 -37.602341
v 5.000000 4.000000 -37.602341
v 3.000000 4.000000 -35.602341
v 5.000000 4.000000 -35.602341
v 3.000000 2.000000 -35.602341
v 5.000000 2.000000 -35.602341
v 3.000000 4.000000 -37.602341
v 5.000000 4.000000 -37.602341
v 3.000000 4.000000 -35.602341
v 5.000000 4.000000 -35.602341
v 5.000000 2.000000 -37.602341
v 3.000000 2.000000 -37.602341
v 5.000000 2.000000 -35.602341
v 3.000000 2.000000 -35.602341
v 7.000000 4.000000 -37.602341
v 7.000000 2.000000 -37.602341
v 7.000000 4.000000 -35.602341
v 7.000000 2.000000 -35.602341
v 5.000000 2.000000 -37.602341
v 5.000000 4.000000 -37.602341
v 5.000000 2.000000 -35.602341
v 5.000000 4.000000 -35.602341
v 5.000000 2.000000 -37.602341
v 7.000000 2.000000 -37.602341
v 5.000000 4.000000 -37.602341
v 7.000000 4.000000 -37.602341
v 5.000000 4.000000 -35.602341
v 7.000000 4.000000 -35.602341
v 5.000000 2.000000 -35.602341
v 7.000000 2.000000 -35.602341
v 5.000000 4.000000 -37.602341
v 7.000000 4.000000 -37.602341
v 5.000000 4.000000 -35.602341
v 7.000000 4.000000 -35.602341
v 7.000000 2.000000 -37.602341
v 5.000000 2.000000 -37.602341
v 7.000000 2.000000 -35.602341
v 5.000000 2.000000 -35.602341
v 9.000000 4.000000 -37.602341
v 9.000000 2.000000 -37.602341
v 9.000000 4.000000 -35.602341
v 9.000000 2.000000 -35.602341
v 7.000000 2.000000 -37.602341
v 7.000000 4.000000 -37.602341
v 7.000000 2.000000 -35.602341
v 7.000000 4.000000 -35.602341
v 7.000000 2.000000 -37.602341
v 9.000000 2.000000 -37.602341
v 7.000000 4.000000 -37.602341
v 9.000000 4.000000 -37.602341
v 7.000000 4.000000 -35.602341
v 9.000000 4.000000 -35.602341
v 7.000000 2.000000 -35.602341
v 9.000000 2.000000 -35.602341
v 7.000000 4.000000 -37.602341
v 9.000000 4.000000 -37.602341
v 7.000000 4.000000 -35.602341
v 9.000000 4.000000 -35.602341
v 9.000000 2.000000 -37.602341
v 7.000000 2.000000 -37.602341
v 9.000000 2.000000 -35.602341
v 7.000000 2.000000 -35.602341
v 17.000000 4.000000 -37.602341
v 17.000000 2.000000 -37.602341
v 17.000000 4.000000 -35.602341
v 17.000000 2.000000 -35.602341
v 15.000000 2.000000 -37.602341
v 15.000000 4.000000 -37.602341
v 15.000000 2.000000 -35.602341
v 15.000000 4.000000 -35.602341
v 15.000000 2.000000 -37.602341
v 17.000000 2.000000 -37.602341
v 15.000000 4.000000 -37.602341
v 17.000000 4.000000 -37.602341
v 15.000000 4.000000 -35.602341
v 17.000000 4.000000 -35.602341
v 15.000000 2.000000 -35.602341
v 17.000000 2.000000 -35.602341
v 15.000000 4.000000 -37.602341
v 17.000000 4.000000 -37.602341
v 15.000000 4.000000 -35.602341
v 17.000000 4.000000 -35.602341
v 17.000000 2.000000 -37.602341
v 15.000000 2.000000 -37.602341
v 17.000000 2.000000 -35.602341
v 15.000000 2.000000 -35.602341
v 23.000000 4.000000 -37.602341
v 23.000000 2.000000 -37.602341
v 23.000000 4.000000 -35.602341
v 23.000000 2.000000 -35.602341
v 21.000000 2.000000 -37.602341
v 21.000000 4.000000 -37.602341
v 21.000000 2.000000 -35.602341
v 21.000000 4.000000 -35.602341
v 21.000000 2.000000 -37.602341
v 23.000000 2.000000 -37.602341
v 21.000000 4.000000 -37.602341
v 23.000000 4.000000 -37.602341
v 21.000000 4.000000 -35.602341
v 23.000000 4.000000 -35.602341
v 21.000000 2.000000 -35.602341
v 23.000000 2.000000 -35.602341
v 21.000000 4.000000 -37.602341
v 23.000000 4.000000 -37.602341
v 21.000000 4.000000 -35.602341
v 23.000000 4.000000 -35.602341
v 23.000000 2.000000 -37.602341
v 21.000000 2.000000 -37.602341
v 23.000000 2.000000 -35.602341
v 21.000000 2.000000 -35.602341
v 25.000000 4.000000 -37.602341
v 25.000000 2.000000 -37.602341
v 25.000000 4.000000 -35.602341
v 25.000000 2.000000 -35.602341
v 23.000000 2.000000 -37.602341
v 23.000000 4.000000 -37.602341
v 23.000000 2.000000 -35.602341
v 23.000000 4.000000 -35.602341
v 23.000000 2.000000 -37.602341
v 25.000000 2.000000 -37.602341
v 23.000000 4.000000 -37.602341
v 25.000000 4.000000 -37.602341
v 23.000000 4.000000 -35.602341
v 25.000000 4.000000 -35.602341
v 23.000000 2.000000 -35.602341
v 25.000000 2.000000 -35.602341
v 23.000000 4.000000 -37.602341
v 25.000000 4.000000 -37.602341
v 23.000000 4.000000 -35.602341
v 25.000000 4.000000 -35.602341
v 25.000000 2.000000 -37.602341
v 23.000000 2.000000 -37.602341
v 25.000000 2.000000 -35.602341
v 23.000000 2.000000 -35.602341
v -23.000000 4.000000 -35.602341
v -23.000000 2.000000 -35.602341
v -23.000000 4.000000 -33.602341
v -23.000000 2.000000 -33.602341
v -25.000000 2.000000 -35.602341
v -25.000000 4.000000 -35.602341
v -25.000000 2.000000 -33.602341
v -25.000000 4.000000 -33.602341
v -25.000000 2.000000 -35.602341
v -23.000000 2.000000 -35.602341
v -25.000000 4.000000 -35.602341
v -23.000000 4.000000 -35.602341
v -25.000000 4.000000 -33.602341
v -23.000000 4.000000 -33.602341
v -25.000000 2.000000 -33.602341
v -23.000000 2.000000 -33.602341
v -25.000000 4.000000 -35.602341
v -23.000000 4.000000 -35.602341
v -25.000000 4.000000 -33.602341
v -23.000000 4.000000 -33.602341
v -23.000000 2.000000 -35.602341
v -25.000000 2.000000 -35.602341
v -23.000000 2.000000 -33.602341
v -25.000000 2.000000 -33.602341
v -19.000000 4.000000 -35.602341
v -19.000000 2.000000 -35.602341
v -19.000000 4.000000 -33.602341
v -19.000000 2.000000 -33.602341
v -21.000000 2.000000 -35.602341
v -21.000000 4.000000 -35.602341
v -21.000000 2.000000 -33.602341
v -21.000000 4.000000 -33.602341
v -21.000000 2.000000 -35.602341
v -19.000000 2.000000 -35.602341
v -21.000000 4.000000 -35.602341
v -19.000000 4.000000 -35.602341
v -21.000000 4.000000 -33.602341
v -19.000000 4.000000 -33.602341
v -21.000000 2.000000 -33.602341
v -19.000000 2.000000 -33.602341
v -21.000000 4.000000 -35.602341
v -19.000000 4.000000 -35.602341
v -21.000000 4.000000 -33.602341
v -19.000000 4.000000 -33.602341
v -19.000000 2.000000 -35.602341
v -21.000000 2.000000 -35.602341
v -19.000000 2.000000 -33.602341
v -21.000000 2.000000 -33.602341
v -17.000000 4.000000 -35.602341
v -17.000000 2.000000 -35.602341
v -17.000000 4.000000 -33.602341
v -17.000000 2.000000 -33.602341
v -19.000000 2.000000 -35.602341
v -19.000000 4.000000 -35.602341
v -19.000000 2.000000 -33.602341
v -19.000000 4.000000 -33.602341
v -19.000000 2.000000 -35.602341
v -17.000000 2.000000 -35.602341
v -19.000000 4.000000 -35.602341
v -17.000000 4.000000 -35.602341
v -19.000000 4.000000 -33.602341
v -17.000000 4.000000 -33.602341
v -19.000000 2.000000 -33.602341
v -17.000000 2.000000 -33.602341
v -19.000000 4.000000 -35.602341
v -17.000000 4.000000 -35.602341
v -19.000000 4.000000 -33.602341
v -17.000000 4.000000 -33.602341
v -17.000000 2.000000 -35.602341
v -19.000000 2.000000 -35.602341
v -17.000000 2.000000 -33.602341
v -19.000000 2.000000 -33.602341
v -15.000000 4.000000 -35.602341
v -15.000000 2.000000 -35.602341
v -15.000000 4.000000 -33.602341
v -15.000000 2.000000 -33.602341
v -17.000000 2.000000 -35.602341
v -17.000000 4.000000 -35.602341
v -17.000000 2.000000 -33.602341
v -17.000000 4.000000 -33.602341
v -17.000000 2.000000 -35.602341
v -15.000000 2.000000 -35.602341
v -17.000000 4.000000 -35.602341
v -15.000000 4.000000 -35.602341
v -17.000000 4.000000 -33.602341
v -15.000000 4.000000 -33.602341
v -17.000000 2.000000 -33.602341
v -15.000000 2.000000 -33.602341
v -17.000000 4.000000 -35.602341
v -15.000000 4.000000 -35.602341
v -17.000000 4.000000 -33.602341
v -15.000000 4.000000 -33.602341
v -15.000000 2.000000 -35.602341
v -17.000000 2.000000 -35.602341
v -15.000000 2.000000 -33.602341
v -17.000000 2.000000 -33.602341
v -11.000000 4.000000 -35.602341
v -11.000000 2.000000 -35.602341
v -11.000000 4.000000 -33.602341
v -11.000000 2.000000 -33.602341
v -13.000000 2.000000 -35.602341
v -13.000000 4.000000 -35.602341
v -13.000000 2.000000 -33.602341
v -13.000000 4.000000 -33.602341
v -13.000000 2.000000 -35.602341
v -11.000000 2.000000 -35.602341
v -13.000000 4.000000 -35.602341
v -11.000000 4.000000 -35.602341
v -13.000000 4.000000 -33.602341
v -11.000000 4.000000 -33.602341
v -13.000000 2.000000 -33.602341
v -11.000000 2.000000 -33.602341
v -13.000000 4.000000 -35.602341
v -11.000000 4.000000 -35.602341
v -13.000000 4.000000 -33.602341
v -11.000000 4.000000 -33.602341
v -11.000000 2.000000 -35.602341
v -13.000000 2.000000 -35.602341
v -11.000000 2.000000 -33.602341
v -13.000000 2.000000 -33.602341
v -7.000000 4.000000 -35.602341
v -7.000000 2.000000 -35.602341
v -7.000000 4.000000 -33.602341
v -7.000000 2.000000 -33.602341
v -9.000000 2.000000 -35.602341
v -9.000000 4.000000 -35.602341
v -9.000000 2.000000 -33.602341
v -9.000000 4.000000 -33.602341
v -9.000000 2.000000 -35.602341
v -7.000000 2.000000 -35.602341
v -9.000000 4.000000 -35.602341
v -7.000000 4.000000 -35.602341
v -9.000000 4.000000 -33.602341
v -7.000000 4.000000 -33.602341
v -9.000000 2.000000 -33.602341
v -7.000000 2.000000 -33.602341
v -9.000000 4.000000 -35.602341
v -7.000000 4.000000 -35.602341
v -9.000000 4.000000 -33.602341
v -7.000000 4.000000 -33.602341
v -7.000000 2.000000 -35.602341
v -9.000000 2.000000 -35.602341
v -7.000000 2.000000 -33.602341
v -9.000000 2.000000 -33.602341
v 1.000000 4.000000 -35.602341
v 1.000000 2.000000 -35.602341
v 1.000000 4.000000 -33.602341
v 1.000000 2.000000 -33.602341
v -1.000000 2.000000 -35.602341
v -1.000000 4.000000 -35.602341
v -1.000000 2.000000 -33.602341
v -1.000000 4.000000 -33.602341
v -1.000000 2.000000 -35.602341
v 1.000000 2.000000 -35.602341
v -1.000000 4.000000 -35.602341
v 1.000000 4.000000 -35.602341
v -1.000000 4.000000 -33.602341
v 1.000000 4.000000 -33.602341
v -1.000000 2.000000 -33.602341
v 1.000000 2.000000 -33.602341
v -1.000000 4.000000 -35.602341
v 1.000000 4.000000 -35.602341
v -1.000000 4.000000 -33.602341
v 1.000000 4.000000 -33.602341
v 1.000000 2.000000 -35.602341
v -1.000000 2.000000 -35.602341
v 1.000000 2.000000 -33.602341
v -1.000000 2.000000 -33.602341
v 5.000000 4.000000 -35.602341
v 5.000000 2.000000 -35.602341
v 5.000000 4.000000 -33.602341
v 5.000000 2.000000 -33.602341
v 3.000000 2.000000 -35.602341
v 3.000000 4.000000 -35.602341
v 3.000000 2.000000 -33.602341
v 3.000000 4.000000 -33.602341
v 3.000000 2.000000 -35.602341
v 5.000000 2.000000 -35.602341
v 3.000000 4.000000 -35.602341
v 5.000000 4.000000 -35.602341
v 3.000000 4.000000 -33.602341
v 5.000000 4.000000 -33.602341
v 3.000000 2.000000 -33.602341
v 5.000000 2.000000 -33.602341
v 3.000000 4.000000 -35.602341
v 5.000000 4.000000 -35.602341
v 3.000000 4.000000 -33.602341
v 5.000000 4.000000 -33.602341
v 5.000000 2.000000 -35.602341
v 3.000000 2.000000 -35.602341
v 5.000000 2.000000 -33.602341
v 3.000000 2.000000 -33.602341
v 7.000000 4.000000 -35.602341
v 7.000000 2.000000 -35.602341
v 7.000000 4.000000 -33.602341
v 7.000000 2.000000 -33.602341
v 5.000000 2.000000 -35.602341
v 5.000000 4.000000 -35.602341
v 5.000000 2.000000 -33.602341
v 5.000000 4.000000 -33.602341
v 5.000000 2.000000 -35.602341
v 7.000000 2.000000 -35.602341
v 5.000000 4.000000 -35.602341
v 7.000000 4.000000 -35.602341
v 5.000000 4.000000 -33.602341
v 7.000000 4.000000 -33.602341
v 5.000000 2.000000 -33.602341
v 7.000000 2.000000 -33.602341
v 5.000000 4.000000 -35.602341
v 7.000000 4.000000 -35.602341
v 5.000000 4.000000 -33.602341
v 7.000000 4.000000 -33.602341
v 7.000000 2.000000 -35.602341
v 5.000000 2.000000 -35.602341
v 7.000000 2.000000 -33.602341
v 5.000000 2.000000 -33.602341
v 9.000000 4.000000 -35.602341
v 9.000000 2.000000 -35.602341
v 9.000000 4.000000 -33.602341
v 9.000000 2.000000 -33.602341
v 7.000000 2.000000 -35.602341
v 7.000000 4.000000 -35.602341
v 7.000000 2.000000 -33.602341
v 7.000000 4.000000 -33.602341
v 7.000000 2.000000 -35.602341
v 9.000000 2.000000 -35.602341
v 7.000000 4.000000 -35.602341
v 9.000000 4.000000 -35.602341
v 7.000000 4.000000 -33.602341
v 9.000000 4.000000 -33.602341
v 7.000000 2.000000 -33.602341
v 9.000000 2.000000 -33.602341
v 7.000000 4.000000 -35.602341
v 9.000000 4.000000 -35.602341
v 7.000000 4.000000 -33.602341
v 9.000000 4.000000 -33.602341
v 9.000000 2.000000 -35.602341
v 7.000000 2.000000 -35.602341
v 9.000000 2.000000 -33.602341
v 7.000000 2.000000 -33.602341
v 11.000000 4.000000 -35.602341
v 11.000000 2.000000 -35.602341
v 11.000000 4.000000 -33.602341
v 11.000000 2.000000 -33.602341
v 9.000000 2.000000 -35.602341
v 9.000000 4.000000 -35.602341
v 9.000000 2.000000 -33.602341
v 9.000000 4.000000 -33.602341
v 9.000000 2.000000 -35.602341
v 11.000000 2.000000 -35.602341
v 9.000000 4.000000 -35.602341
v 11.000000 4.000000 -35.602341
v 9.000000 4.000000 -33.602341
v 11.000000 4.000000 -33.602341
v 9.000000 2.000000 -33.602341
v 11.000000 2.000000 -33.602341
v 9.000000 4.000000 -35.602341
v 11.000000 4.000000 -35.602341
v 9.000000 4.000000 -33.602341
v 11.000000 4.000000 -33.602341
v 11.000000 2.000000 -35.602341
v 9.000000 2.000000 -35.602341
v 11.000000 2.000000 -33.602341
v 9.000000 2.000000 -33.602341
v 13.000000 4.000000 -35.602341
v 13.000000 2.000000 -35.602341
v 13.000000 4.000000 -33.602341
v 13.000000 2.000000 -33.602341
v 11.000000 2.000000 -35.602341
v 11.000000 4.000000 -35.602341
v 11.000000 2.000000 -33.602341
v 11.000000 4.000000 -33.602341
v 11.000000 2.000000 -35.602341
v 13.000000 2.000000 -35.602341
v 11.000000 4.000000 -35.602341
v 13.000000 4.000000 -35.602341
v 11.000000 4.000000 -33.602341
v 13.000000 4.000000 -33.602341
v 11.000000 2.000000 -33.602341
v 13.000000 2.000000 -33.602341
v 11.000000 4.000000 -35.602341
v 13.000000 4.000000 -35.602341
v 11.000000 4.000000 -33.602341
v 13.000000 4.000000 -33.602341
v 13.000000 2.000000 -35.602341
v 11.000000 2.000000 -35.602341
v 13.000000 2.000000 -33.602341
v 11.000000 2.000000 -33.602341
v 15.000000 4.000000 -35.602341
v 15.000000 2.000000 -35.602341
v 15.000000 4.000000 -33.602341
v 15.000000 2.000000 -33.602341
v 13.000000 2.000000 -35.602341
v 13.000000 4.000000 -35.602341
v 13.000000 2.000000 -33.602341
v 13.000000 4.000000 -33.602341
v 13.000000 2.000000 -35.602341
v 15.000000 2.000000 -35.602341
v 13.000000 4.000000 -35.602341
v 15.000000 4.000000 -35.602341
v 13.000000 4.000000 -33.602341
v 15.000000 4.000000 -33.602341
v 13.000000 2.000000 -33.602341
v 15.000000 2.000000 -33.602341
v 13.000000 4.000000 -35.602341
v 15.000000 4.000000 -35.602341
v 13.000000 4.000000 -33.602341
v 15.000000 4.000000 -33.602341
v 15.000000 2.000000 -35.602341
v 13.000000 2.000000 -35.602341
v 15.000000 2.000000 -33.602341
v 13.000000 2.000000 -33.602341
v 17.000000 4.000000 -35.602341
v 17.000000 2.000000 -35.602341
v 17.000000 4.000000 -33.602341
v 17.000000 2.000000 -33.602341
v 15.000000 2.000000 -35.602341
v 15.000000 4.000000 -35.602341
v 15.000000 2.000000 -33.602341
v 15.000000 4.000000 -33.602341
v 15.000000 2.000000 -35.602341
v 17.000000 2.000000 -35.602341
v 15.000000 4.000000 -35.602341
v 17.000000 4.000000 -35.602341
v 15.000000 4.000000 -33.602341
v 17.000000 4.000000 -33.602341
v 15.000000 2.000000 -33.602341
v 17.000000 2.000000 -33.602341
v 15.000000 4.000000 -35.602341
v 17.000000 4.000000 -35.602341
v 15.000000 4.000000 -33.602341
v 17.000000 4.000000 -33.602341
v 17.000000 2.000000 -35.602341
v 15.000000 2.000000 -35.602341
v 17.000000 2.000000 -33.602341
v 15.000000 2.000000 -33.602341
v 19.000000 4.000000 -35.602341
v 19.000000 2.000000 -35.602341
v 19.000000 4.000000 -33.602341
v 19.000000 2.000000 -33.602341
v 17.000000 2.000000 -35.602341
v 17.000000 4.000000 -35.602341
v 17.000000 2.000000 -33.602341
v 17.000000 4.000000 -33.602341
v 17.000000 2.000000 -35.602341
v 19.000000 2.000000 -35.602341
v 17.000000 4.000000 -35.602341
v 19.000000 4.000000 -35.602341
v 17.000000 4.000000 -33.602341
v 19.000000 4.000000 -33.602341
v 17.000000 2.000000 -33.602341
v 19.000000 2.000000 -33.602341
v 17.000000 4.000000 -35.602341
v 19.000000 4.000000 -35.602341
v 17.000000 4.000000 -33.602341
v 19.000000 4.000000 -33.602341
v 19.000000 2.000000 -35.602341
v 17.000000 2.000000 -35.602341
v 19.000000 2.000000 -33.602341
v 17.000000 2.000000 -33.602341
v 23.000000 4.000000 -35.602341
v 23.000000 2.000000 -35.602341
v 23.000000 4.000000 -33.602341
v 23.000000 2.000000 -33.602341
v 21.000000 2.000000 -35.602341
v 21.000000 4.000000 -35.602341
v 21.000000 2.000000 -33.602341
v 21.000000 4.000000 -33.602341
v 21.000000 2.000000 -35.602341
v 23.000000 2.000000 -35.602341
v 21.000000 4.000000 -35.602341
v 23.000000 4.000000 -35.602341
v 21.000000 4.000000 -33.602341
v 23.000000 4.000000 -33.602341
v 21.000000 2.000000 -33.602341
v 23.000000 2.000000 -33.602341
v 21.000000 4.000000 -35.602341
v 23.000000 4.000000 -35.602341
v 21.000000 4.000000 -33.602341
v 23.000000 4.000000 -33.602341
v 23.000000 2.000000 -35.602341
v 21.000000 2.000000 -35.602341
v 23.000000 2.000000 -33.602341
v 21.000000 2.000000 -33.602341
v 25.000000 4.000000 -35.602341
v 25.000000 2.000000 -35.602341
v 25.000000 4.000000 -33.602341
v 25.000000 2.000000 -33.602341
v 23.000000 2.000000 -35.602341
v 23.000000 4.000000 -35.602341
v 23.000000 2.000000 -33.602341
v 23.000000 4.000000 -33.602341
v 23.000000 2.000000 -35.602341
v 25.000000 2.000000 -35.602341
v 23.000000 4.000000 -35.602341
v 25.000000 4.000000 -35.602341
v 23.000000 4.000000 -33.602341
v 25.000000 4.000000 -33.602341
v 23.000000 2.000000 -33.602341
v 25.000000 2.000000 -33.602341
v 23.000000 4.000000 -35.602341
v 25.000000 4.000000 -35.602341
v 23.000000 4.000000 -33.602341
v 25.000000 4.000000 -33.602341
v 25.000000 2.000000 -35.602341
v 23.000000 2.000000 -35.602341
v 25.000000 2.000000 -33.602341
v 23.000000 2.000000 -33.602341
v -23.000000 4.000000 -33.602341
v -23.000000 2.000000 -33.602341
v -23.000000 4.000000 -31.602341
v -23.000000 2.000000 -31.602339
v -25.000000 2.000000 -33.602341
v -25.000000 4.000000 -33.602341
v -25.000000 2.000000 -31.602339
v -25.000000 4.000000 -31.602341
v -25.000000 2.000000 -33.602341
v -23.000000 2.000000 -33.602341
v -25.000000 4.000000 -33.602341
v -23.000000 4.000000 -33.602341
v -25.000000 4.000000 -31.602341
v -23.000000 4.000000 -31.602341
v -25.000000 2.000000 -31.602339
v -23.000000 2.000000 -31.602339
v -25.000000 4.000000 -33.602341
v -23.000000 4.000000 -33.602341
v -25.000000 4.000000 -31.602341
v -23.000000 4.000000 -31.602341
v -23.000000 2.000000 -33.602341
v -25.000000 2.000000 -33.602341
v -23.000000 2.000000 -31.602339
v -25.000000 2.000000 -31.602339
v -19.000000 4.000000 -33.602341
v -19.000000 2.000000 -33.602341
v -19.000000 4.000000 -31.602341
v -19.000000 2.000000 -31.602339
v -21.000000 2.000000 -33.602341
v -21.000000 4.000000 -33.602341
v -21.000000 2.000000 -31.602339
v -21.000000 4.000000 -31.602341
v -21.000000 2.000000 -33.602341
v -19.000000 2.000000 -33.602341
v -21.000000 4.000000 -33.602341
v -19.000000 4.000000 -33.602341
v -21.000000 4.000000 -31.602341
v -19.000000 4.000000 -31.602341
v -21.000000 2.000000 -31.602339
v -19.000000 2.000000 -31.602339
v -21.000000 4.000000 -33.602341
v -19.000000 4.000000 -33.602341
v -21.000000 4.000000 -31.602341
v -19.000000 4.000000 -31.602341
v -19.000000 2.000000 -33.602341
v -21.000000 2.000000 -33.602341
v -19.000000 2.000000 -31.602339
v -21.000000 2.000000 -31.602339
v -17.000000 4.000000 -33.602341
v -17.000000 2.000000 -33.602341
v -17.000000 4.000000 -31.602341
v -17.000000 2.000000 -31.602339
v -19.000000 2.000000 -33.602341
v -19.000000 4.000000 -33.602341
v -19.000000 2.000000 -31.602339
v -19.000000 4.000000 -31.602341
v -19.000000 2.000000 -33.602341
v -17.000000 2.000000 -33.602341
v -19.000000 4.000000 -33.602341
v -17.000000 4.000000 -33.602341
v -19.000000 4.000000 -31.602341
v -17.000000 4.000000 -31.602341
v -19.000000 2.000000 -31.602339
v -17.000000 2.000000 -31.602339
v -19.000000 4.000000 -33.602341
v -17.000000 4.000000 -33.602341
v -19.000000 4.000000 -31.602341
v -17.000000 4.000000 -31.602341
v -17.000000 2.000000 -33.602341
v -19.000000 2.000000 -33.602341
v -17.000000 2.000000 -31.602339
v -19.000000 2.000000 -31.602339
v -15.000000 4.000000 -33.602341
v -15.000000 2.000000 -33.602341
v -15.000000 4.000000 -31.602341
v -15.000000 2.000000 -31.602339
v -17.000000 2.000000 -33.602341
v -17.000000 4.000000 -33.602341
v -17.000000 2.000000 -31.602339
v -17.000000 4.000000 -31.602341
v -17.000000 2.000000 -33.602341
v -15.000000 2.000000 -33.602341
v -17.000000 4.000000 -33.602341
v -15.000000 4.000000 -33.602341
v -17.000000 4.000000 -31.602341
v -15.000000 4.000000 -31.602341
v -17.000000 2.000000 -31.602339
v -15.000000 2.000000 -31.602339
v -17.000000 4.000000 -33.602341
v -15.000000 4.000000 -33.602341
v -17.000000 4.000000 -31.602341
v -15.000000 4.000000 -31.602341
v -15.000000 2.000000 -33.602341
v -17.000000 2.000000 -33.602341
v -15.000000 2.000000 -31.602339
v -17.000000 2.000000 -31.602339
v -11.000000 4.000000 -33.602341
v -11.000000 2.000000 -33.602341
v -11.000000 4.000000 -31.602341
v -11.000000 2.000000 -31.602339
v -13.000000 2.000000 -33.602341
v -13.000000 4.000000 -33.602341
v -13.000000 2.000000 -31.602339
v -13.000000 4.000000 -31.602341
v -13.000000 2.000000 -33.602341
v -11.000000 2.000000 -33.602341
v -13.000000 4.000000 -33.602341
v -11.000000 4.000000 -33.602341
v -13.000000 4.000000 -31.602341
v -11.000000 4.000000 -31.602341
v -13.000000 2.000000 -31.602339
v -11.000000 2.000000 -31.602339
v -13.000000 4.000000 -33.602341
v -11.000000 4.000000 -33.602341
v -13.000000 4.000000 -31.602341
v -11.000000 4.000000 -31.602341
v -11.000000 2.000000 -33.602341
v -13.000000 2.000000 -33.602341
v -11.000000 2.000000 -31.602339
v -13.000000 2.000000 -31.602339
v -7.000000 4.000000 -33.602341
v -7.000000 2.000000 -33.602341
v -7.000000 4.000000 -31.602341
v -7.000000 2.000000 -31.602339
v -9.000000 2.000000 -33.602341
v -9.000000 4.000000 -33.602341
v -9.000000 2.000000 -31.602339
v -9.000000 4.000000 -31.602341
v -9.000000 2.000000 -33.602341
v -7.000000 2.000000 -33.602341
v -9.000000 4.000000 -33.602341
v -7.000000 4.000000 -33.602341
v -9.000000 4.000000 -31.602341
v -7.000000 4.000000 -31.602341
v -9.000000 2.000000 -31.602339
v -7.000000 2.000000 -31.602339
v -9.000000 4.000000 -33.602341
v -7.000000 4.000000 -33.602341
v -9.000000 4.000000 -31.602341
v -7.000000 4.000000 -31.602341
v -7.000000 2.000000 -33.602341
v -9.000000 2.000000 -33.602341
v -7.000000 2.000000 -31.602339
v -9.000000 2.000000 -31.602339
v -3.000000 4.000000 -33.602341
v -3.000000 2.000000 -33.602341
v -3.000000 4.000000 -31.602341
v -3.000000 2.000000 -31.602339
v -5.000000 2.000000 -33.602341
v -5.000000 4.000000 -33.602341
v -5.000000 2.000000 -31.602339
v -5.000000 4.000000 -31.602341
v -5.000000 2.000000 -33.602341
v -3.000000 2.000000 -33.602341
v -5.000000 4.000000 -33.602341
v -3.000000 4.000000 -33.602341
v -5.000000 4.000000 -31.602341
v -3.000000 4.000000 -31.602341
v -5.000000 2.000000 -31.602339
v -3.000000 2.000000 -31.602339
v -5.000000 4.000000 -33.602341
v -3.000000 4.000000 -33.602341
v -5.000000 4.000000 -31.602341
v -3.000000 4.000000 -31.602341
v -3.000000 2.000000 -33.602341
v -5.000000 2.000000 -33.602341
v -3.000000 2.000000 -31.602339
v -5.000000 2.000000 -31.602339
v 3.000000 4.000000 -33.602341
v 3.000000 2.000000 -33.602341
v 3.000000 4.000000 -31.602341
v 3.000000 2.000000 -31.602339
v 1.000000 2.000000 -33.602341
v 1.000000 4.000000 -33.602341
v 1.000000 2.000000 -31.602339
v 1.000000 4.000000 -31.602341
v 1.000000 2.000000 -33.602341
v 3.000000 2.000000 -33.602341
v 1.000000 4.000000 -33.602341
v 3.000000 4.000000 -33.602341
v 1.000000 4.000000 -31.602341
v 3.000000 4.000000 -31.602341
v 1.000000 2.000000 -31.602339
v 3.000000 2.000000 -31.602339
v 1.000000 4.000000 -33.602341
v 3.000000 4.000000 -33.602341
v 1.000000 4.000000 -31.602341
v 3.000000 4.000000 -31.602341
v 3.000000 2.000000 -33.602341
v 1.000000 2.000000 -33.602341
v 3.000000 2.000000 -31.602339
v 1.000000 2.000000 -31.602339
v 5.000000 4.000000 -33.602341
v 5.000000 2.000000 -33.602341
v 5.000000 4.000000 -31.602341
v 5.000000 2.000000 -31.602339
v 3.000000 2.000000 -33.602341
v 3.000000 4.000000 -33.602341
v 3.000000 2.000000 -31.602339
v 3.000000 4.000000 -31.602341
v 3.000000 2.000000 -33.602341
v 5.000000 2.000000 -33.602341
v 3.000000 4.000000 -33.602341
v 5.000000 4.000000 -33.602341
v 3.000000 4.000000 -31.602341
v 5.000000 4.000000 -31.602341
v 3.000000 2.000000 -31.602339
v 5.000000 2.000000 -31.602339
v 3.000000 4.000000 -33.602341
v 5.000000 4.000000 -33.602341
v 3.000000 4.000000 -31.602341
v 5.000000 4.000000 -31.602341
v 5.000000 2.000000 -33.602341
v 3.000000 2.000000 -33.602341
v 5.000000 2.000000 -31.602339
v 3.000000 2.000000 -31.602339
v 11.000000 4.000000 -33.602341
v 11.000000 2.000000 -33.602341
v 11.000000 4.000000 -31.602341
v 11.000000 2.000000 -31.602339
v 9.000000 2.000000 -33.602341
v 9.000000 4.000000 -33.602341
v 9.000000 2.000000 -31.602339
v 9.000000 4.000000 -31.602341
v 9.000000 2.000000 -33.602341
v 11.000000 2.000000 -33.602341
v 9.000000 4.000000 -33.602341
v 11.000000 4.000000 -33.602341
v 9.000000 4.000000 -31.602341
v 11.000000 4.000000 -31.602341
v 9.000000 2.000000 -31.602339
v 11.000000 2.000000 -31.602339
v 9.000000 4.000000 -33.602341
v 11.000000 4.000000 -33.602341
v 9.000000 4.000000 -31.602341
v 11.000000 4.000000 -31.602341
v 11.000000 2.000000 -33.602341
v 9.000000 2.000000 -33.602341
v 11.000000 2.000000 -31.602339
v 9.000000 2.000000 -31.602339
v 15.000000 4.000000 -33.602341
v 15.000000 2.000000 -33.602341
v 15.000000 4.000000 -31.602341
v 15.000000 2.000000 -31.602339
v 13.000000 2.000000 -33.602341
v 13.000000 4.000000 -33.602341
v 13.000000 2.000000 -31.602339
v 13.000000 4.000000 -31.602341
v 13.000000 2.000000 -33.602341
v 15.000000 2.000000 -33.602341
v 13.000000 4.000000 -33.602341
v 15.000000 4.000000 -33.602341
v 13.000000 4.000000 -31.602341
v 15.000000 4.000000 -31.602341
v 13.000000 2.000000 -31.602339
v 15.000000 2.000000 -31.602339
v 13.000000 4.000000 -33.602341
v 15.000000 4.000000 -33.602341
v 13.000000 4.000000 -31.602341
v 15.000000 4.000000 -31.602341
v 15.000000 2.000000 -33.602341
v 13.000000 2.000000 -33.602341
v 15.000000 2.000000 -31.602339
v 13.000000 2.000000 -31.602339
v 19.000000 4.000000 -33.602341
v 19.000000 2.000000 -33.602341
v 19.000000 4.000000 -31.602341
v 19.000000 2.000000 -31.602339
v 17.000000 2.000000 -33.602341
v 17.000000 4.000000 -33.602341
v 17.000000 2.000000 -31.602339
v 17.000000 4.000000 -31.602341
v 17.000000 2.000000 -33.602341
v 19.000000 2.000000 -33.602341
v 17.000000 4.000000 -33.602341
v 19.000000 4.000000 -33.602341
v 17.000000 4.000000 -31.602341
v 19.000000 4.000000 -31.602341
v 17.000000 2.000000 -31.602339
v 19.000000 2.000000 -31.602339
v 17.000000 4.000000 -33.602341
v 19.000000 4.000000 -33.602341
v 17.000000 4.000000 -31.602341
v 19.000000 4.000000 -31.602341
v 19.000000 2.000000 -33.602341
v 17.000000 2.000000 -33.602341
v 19.000000 2.000000 -31.602339
v 17.000000 2.000000 -31.602339
v 21.000000 4.000000 -33.602341
v 21.000000 2.000000 -33.602341
v 21.000000 4.000000 -31.602341
v 21.000000 2.000000 -31.602339
v 19.000000 2.000000 -33.602341
v 19.000000 4.000000 -33.602341
v 19.000000 2.000000 -31.602339
v 19.000000 4.000000 -31.602341
v 19.000000 2.000000 -33.602341
v 21.000000 2.000000 -33.602341
v 19.000000 4.000000 -33.602341
v 21.000000 4.000000 -33.602341
v 19.000000 4.000000 -31.602341
v 21.000000 4.000000 -31.602341
v 19.000000 2.000000 -31.602339
v 21.000000 2.000000 -31.602339
v 19.000000 4.000000 -33.602341
v 21.000000 4.000000 -33.602341
v 19.000000 4.000000 -31.602341
v 21.000000 4.000000 -31.602341
v 21.000000 2.000000 -33.602341
v 19.000000 2.000000 -33.602341
v 21.000000 2.000000 -31.602339
v 19.000000 2.000000 -31.602339
v 23.000000 4.000000 -33.602341
v 23.000000 2.000000 -33.602341
v 23.000000 4.000000 -31.602341
v 23.000000 2.000000 -31.602339
v 21.000000 2.000000 -33.602341
v 21.000000 4.000000 -33.602341
v 21.000000 2.000000 -31.602339
v 21.000000 4.000000 -31.602341
v 21.000000 2.000000 -33.602341
v 23.000000 2.000000 -33.602341
v 21.000000 4.000000 -33.602341
v 23.000000 4.000000 -33.602341
v 21.000000 4.000000 -31.602341
v 23.000000 4.000000 -31.602341
v 21.000000 2.000000 -31.602339
v 23.000000 2.000000 -31.602339
v 21.000000 4.000000 -33.602341
v 23.000000 4.000000 -33.602341
v 21.000000 4.000000 -31.602341
v 23.000000 4.000000 -31.602341
v 23.000000 2.000000 -33.602341
v 21.000000 2.000000 -33.602341
v 23.000000 2.000000 -31.602339
v 21.000000 2.000000 -31.602339
v 25.000000 4.000000 -33.602341
v 25.000000 2.000000 -33.602341
v 25.000000 4.000000 -31.602341
v 25.000000 2.000000 -31.602339
v 23.000000 2.000000 -33.602341
v 23.000000 4.000000 -33.602341
v 23.000000 2.000000 -31.602339
v 23.000000 4.000000 -31.602341
v 23.000000 2.000000 -33.602341
v 25.000000 2.000000 -33.602341
v 23.000000 4.000000 -33.602341
v 25.000000 4.000000 -33.602341
v 23.000000 4.000000 -31.602341
v 25.000000 4.000000 -31.602341
v 23.000000 2.000000 -31.602339
v 25.000000 2.000000 -31.602339
v 23.000000 4.000000 -33.602341
v 25.000000 4.000000 -33.602341
v 23.000000 4.000000 -31.602341
v 25.000000 4.000000 -31.602341
v 25.000000 2.000000 -33.602341
v 23.000000 2.000000 -33.602341
v 25.000000 2.000000 -31.602339
v 23.000000 2.000000 -31.602339
v -23.000000 4.000000 -31.602341
v -23.000000 2.000000 -31.602339
v -23.000000 4.000000 -29.602341
v -23.000000 2.000000 -29.602339
v -25.000000 2.000000 -31.602339
v -25.000000 4.000000 -31.602341
v -25.000000 2.000000 -29.602339
v -25.000000 4.000000 -29.602341
v -25.000000 2.000000 -31.602339
v -23.000000 2.000000 -31.602339
v -25.000000 4.000000 -31.602341
v -23.000000 4.000000 -31.602341
v -25.000000 4.000000 -29.602341
v -23.000000 4.000000 -29.602341
v -25.000000 2.000000 -29.602339
v -23.000000 2.000000 -29.602339
v -25.000000 4.000000 -31.602341
v -23.000000 4.000000 -31.602341
v -25.000000 4.000000 -29.602341
v -23.000000 4.000000 -29.602341
v -23.000000 2.000000 -31.602339
v -25.000000 2.000000 -31.602339
v -23.000000 2.000000 -29.602339
v -25.000000 2.000000 -29.602339
v -19.000000 4.000000 -31.602341
v -19.000000 2.000000 -31.602339
v -19.000000 4.000000 -29.602341
v -19.000000 2.000000 -29.602339
v -21.000000 2.000000 -31.602339
v -21.000000 4.000000 -31.602341
v -21.000000 2.000000 -29.602339
v -21.000000 4.000000 -29.602341
v -21.000000 2.000000 -31.602339
v -19.000000 2.000000 -31.602339
v -21.000000 4.000000 -31.602341
v -19.000000 4.000000 -31.602341
v -21.000000 4.000000 -29.602341
v -19.000000 4.000000 -29.602341
v -21.000000 2.000000 -29.602339
v -19.000000 2.000000 -29.602339
v -21.000000 4.000000 -31.602341
v -19.000000 4.000000 -31.602341
v -21.000000 4.000000 -29.602341
v -19.000000 4.000000 -29.602341
v -19.000000 2.000000 -31.602339
v -21.000000 2.000000 -31.602339
v -19.000000 2.000000 -29.602339
v -21.000000 2.000000 -29.602339
v -17.000000 4.000000 -31.602341
v -17.000000 2.000000 -31.602339
v -17.000000 4.000000 -29.602341
v -17.000000 2.000000 -29.602339
v -19.000000 2.000000 -31.602339
v -19.000000 4.000000 -31.602341
v -19.000000 2.000000 -29.602339
v -19.000000 4.000000 -29.602341
v -19.000000 2.000000 -31.602339
v -17.000000 2.000000 -31.602339
v -19.000000 4.000000 -31.602341
v -17.000000 4.000000 -31.602341
v -19.000000 4.000000 -29.602341
v -17.000000 4.000000 -29.602341
v -19.000000 2.000000 -29.602339
v -17.000000 2.000000 -29.602339
v -19.000000 4.000000 -31.602341
v -17.000000 4.000000 -31.602341
v -19.000000 4.000000 -29.602341
v -17.000000 4.000000 -29.602341
v -17.000000 2.000000 -31.602339
v -19.000000 2.000000 -31.602339
v -17.000000 2.000000 -29.602339
v -19.000000 2.000000 -29.602339
v -15.000000 4.000000 -31.602341
v -15.000000 2.000000 -31.602339
v -15.000000 4.000000 -29.602341
v -15.000000 2.000000 -29.602339
v -17.000000 2.000000 -31.602339
v -17.000000 4.000000 -31.602341
v -17.000000 2.000000 -29.602339
v -17.000000 4.000000 -29.602341
v -17.000000 2.000000 -31.602339
v -15.000000 2.000000 -31.602339
v -17.000000 4.000000 -31.602341
v -15.000000 4.000000 -31.602341
v -17.000000 4.000000 -29.602341
v -15.000000 4.000000 -29.602341
v -17.000000 2.000000 -29.602339
v -15.000000 2.000000 -29.602339
v -17.000000 4.000000 -31.602341
v -15.000000 4.000000 -31.602341
v -17.000000 4.000000 -29.602341
v -15.000000 4.000000 -29.602341
v -15.000000 2.000000 -31.602339
v -17.000000 2.000000 -31.602339
v -15.000000 2.000000 -29.602339
v -17.000000 2.000000 -29.602339
v -11.000000 4.000000 -31.602341
v -11.000000 2.000000 -31.602339
v -11.000000 4.000000 -29.602341
v -11.000000 2.000000 -29.602339
v -13.000000 2.000000 -31.602339
v -13.000000 4.000000 -31.602341
v -13.000000 2.000000 -29.602339
v -13.000000 4.000000 -29.602341
v -13.000000 2.000000 -31.602339
v -11.000000 2.000000 -31.602339
v -13.000000 4.000000 -31.602341
v -11.000000 4.000000 -31.602341
v -13.000000 4.000000 -29.602341
v -11.000000 4.000000 -29.602341
v -13.000000 2.000000 -29.602339
v -11.000000 2.000000 -29.602339
v -13.000000 4.000000 -31.602341
v -11.000000 4.000000 -31.602341
v -13.000000 4.000000 -29.602341
v -11.000000 4.000000 -29.602341
v -11.000000 2.000000 -31.602339
v -13.000000 2.000000 -31.602339
v -11.000000 2.000000 -29.602339
v -13.000000 2.000000 -29.602339
v -7.000000 4.000000 -31.602341
v -7.000000 2.000000 -31.602339
v -7.000000 4.000000 -29.602341
v -7.000000 2.000000 -29.602339
v -9.000000 2.000000 -31.602339
v -9.000000 4.000000 -31.602341
v -9.000000 2.000000 -29.602339
v -9.000000 4.000000 -29.602341
v -9.000000 2.000000 -31.602339
v -7.000000 2.000000 -31.602339
v -9.000000 4.000000 -31.602341
v -7.000000 4.000000 -31.602341
v -9.000000 4.000000 -29.602341
v -7.000000 4.000000 -29.602341
v -9.000000 2.000000 -29.602339
v -7.000000 2.000000 -29.602339
v -9.000000 4.000000 -31.602341
v -7.000000 4.000000 -31.602341
v -9.000000 4.000000 -29.602341
v -7.000000 4.000000 -29.602341
v -7.000000 2.000000 -31.602339
v -9.000000 2.000000 -31.602339
v -7.000000 2.000000 -29.602339
v -9.000000 2.000000 -29.602339
v 1.000000 4.000000 -31.602341
v 1.000000 2.000000 -31.602339
v 1.000000 4.000000 -29.602341
v 1.000000 2.000000 -29.602339
v -1.000000 2.000000 -31.602339
v -1.000000 4.000000 -31.602341
v -1.000000 2.000000 -29.602339
v -1.000000 4.000000 -29.602341
v -1.000000 2.000000 -31.602339
v 1.000000 2.000000 -31.602339
v -1.000000 4.000000 -31.602341
v 1.000000 4.000000 -31.602341
v -1.000000 4.000000 -29.602341
v 1.000000 4.000000 -29.602341
v -1.000000 2.000000 -29.602339
v 1.000000 2.000000 -29.602339
v -1.000000 4.000000 -31.602341
v 1.000000 4.000000 -31.602341
v -1.000000 4.000000 -29.602341
v 1.000000 4.000000 -29.602341
v 1.000000 2.000000 -31.602339
v -1.000000 2.000000 -31.602339
v 1.000000 2.000000 -29.602339
v -1.000000 2.000000 -29.602339
v 9.000000 4.000000 -31.602341
v 9.000000 2.000000 -31.602339
v 9.000000 4.000000 -29.602341
v 9.000000 2.000000 -29.602339
v 7.000000 2.000000 -31.602339
v 7.000000 4.000000 -31.602341
v 7.000000 2.000000 -29.602339
v 7.000000 4.000000 -29.602341
v 7.000000 2.000000 -31.602339
v 9.000000 2.000000 -31.602339
v 7.000000 4.000000 -31.602341
v 9.000000 4.000000 -31.602341
v 7.000000 4.000000 -29.602341
v 9.000000 4.000000 -29.602341
v 7.000000 2.000000 -29.602339
v 9.000000 2.000000 -29.602339
v 7.000000 4.000000 -31.602341
v 9.000000 4.000000 -31.602341
v 7.000000 4.000000 -29.602341
v 9.000000 4.000000 -29.602341
v 9.000000 2.000000 -31.602339
v 7.000000 2.000000 -31.602339
v 9.000000 2.000000 -29.602339
v 7.000000 2.000000 -29.602339
v 13.000000 4.000000 -31.602341
v 13.000000 2.000000 -31.602339
v 13.000000 4.000000 -29.602341
v 13.000000 2.000000 -29.602339
v 11.000000 2.000000 -31.602339
v 11.000000 4.000000 -31.602341
v 11.000000 2.000000 -29.602339
v 11.000000 4.000000 -29.602341
v 11.000000 2.000000 -31.602339
v 13.000000 2.000000 -31.602339
v 11.000000 4.000000 -31.602341
v 13.000000 4.000000 -31.602341
v 11.000000 4.000000 -29.602341
v 13.000000 4.000000 -29.602341
v 11.000000 2.000000 -29.602339
v 13.000000 2.000000 -29.602339
v 11.000000 4.000000 -31.602341
v 13.000000 4.000000 -31.602341
v 11.000000 4.000000 -29.602341
v 13.000000 4.000000 -29.602341
v 13.000000 2.000000 -31.602339
v 11.000000 2.000000 -31.602339
v 13.000000 2.000000 -29.602339
v 11.000000 2.000000 -29.602339
v 17.000000 4.000000 -31.602341
v 17.000000 2.000000 -31.602339
v 17.000000 4.000000 -29.602341
v 17.000000 2.000000 -29.602339
v 15.000000 2.000000 -31.602339
v 15.000000 4.000000 -31.602341
v 15.000000 2.000000 -29.602339
v 15.000000 4.000000 -29.602341
v 15.000000 2.000000 -31.602339
v 17.000000 2.000000 -31.602339
v 15.000000 4.000000 -31.602341
v 17.000000 4.000000 -31.602341
v 15.000000 4.000000 -29.602341
v 17.000000 4.000000 -29.602341
v 15.000000 2.000000 -29.602339
v 17.000000 2.000000 -29.602339
v 15.000000 4.000000 -31.602341
v 17.000000 4.000000 -31.602341
v 15.000000 4.000000 -29.602341
v 17.000000 4.000000 -29.602341
v 17.000000 2.000000 -31.602339
v 15.000000 2.000000 -31.602339
v 17.000000 2.000000 -29.602339
v 15.000000 2.000000 -29.602339
v 19.000000 4.000000 -31.602341
v 19.000000 2.000000 -31.602339
v 19.000000 4.000000 -29.602341
v 19.000000 2.000000 -29.602339
v 17.000000 2.000000 -31.602339
v 17.000000 4.000000 -31.602341
v 17.000000 2.000000 -29.602339
v 17.000000 4.000000 -29.602341
v 17.000000 2.000000 -31.602339
v 19.000000 2.000000 -31.602339
v 17.000000 4.000000 -31.602341
v 19.000000 4.000000 -31.602341
v 17.000000 4.000000 -29.602341
v 19.000000 4.000000 -29.602341
v 17.000000 2.000000 -29.602339
v 19.000000 2.000000 -29.602339
v 17.000000 4.000000 -31.602341
v 19.000000 4.000000 -31.602341
v 17.000000 4.000000 -29.602341
v 19.000000 4.000000 -29.602341
v 19.000000 2.000000 -31.602339
v 17.000000 2.000000 -31.602339
v 19.000000 2.000000 -29.602339
v 17.000000 2.000000 -29.602339
v 21.000000 4.000000 -31.602341
v 21.000000 2.000000 -31.602339
v 21.000000 4.000000 -29.602341
v 21.000000 2.000000 -29.602339
v 19.000000 2.000000 -31.602339
v 19.000000 4.000000 -31.602341
v 19.000000 2.000000 -29.602339
v 19.000000 4.000000 -29.602341
v 19.000000 2.000000 -31.602339
v 21.000000 2.000000 -31.602339
v 19.000000 4.000000 -31.602341
v 21.000000 4.000000 -31.602341
v 19.000000 4.000000 -29.602341
v 21.000000 4.000000 -29.602341
v 19.000000 2.000000 -29.602339
v 21.000000 2.000000 -29.602339
v 19.000000 4.000000 -31.602341
v 21.000000 4.000000 -31.602341
v 19.000000 4.000000 -29.602341
v 21.000000 4.000000 -29.602341
v 21.000000 2.000000 -31.602339
v 19.000000 2.000000 -31.602339
v 21.000000 2.000000 -29.602339
v 19.000000 2.000000 -29.602339
v 25.000000 4.000000 -31.602341
v 25.000000 2.000000 -31.602339
v 25.000000 4.000000 -29.602341
v 25.000000 2.000000 -29.602339
v 23.000000 2.000000 -31.602339
v 23.000000 4.000000 -31.602341
v 23.000000 2.000000 -29.602339
v 23.000000 4.000000 -29.602341
v 23.000000 2.000000 -31.602339
v 25.000000 2.000000 -31.602339
v 23.000000 4.000000 -31.602341
v 25.000000 4.000000 -31.602341
v 23.000000 4.000000 -29.602341
v 25.000000 4.000000 -29.602341
v 23.000000 2.000000 -29.602339
v 25.000000 2.000000 -29.602339
v 23.000000 4.000000 -31.602341
v 25.000000 4.000000 -31.602341
v 23.000000 4.000000 -29.602341
v 25.000000 4.000000 -29.602341
v 25.000000 2.000000 -31.602339
v 23.000000 2.000000 -31.602339
v 25.000000 2.000000 -29.602339
v 23.000000 2.000000 -29.602339
v -23.000000 4.000000 -29.602341
v -23.000000 2.000000 -29.602339
v -23.000000 4.000000 -27.602339
v -23.000000 2.000000 -27.602341
v -25.000000 2.000000 -29.602339
v -25.000000 4.000000 -29.602341
v -25.000000 2.000000 -27.602341
v -25.000000 4.000000 -27.602339
v -25.000000 2.000000 -29.602339
v -23.000000 2.000000 -29.602339
v -25.000000 4.000000 -29.602341
v -23.000000 4.000000 -29.602341
v -25.000000 4.000000 -27.602339
v -23.000000 4.000000 -27.602339
v -25.000000 2.000000 -27.602341
v -23.000000 2.000000 -27.602341
v -25.000000 4.000000 -29.602341
v -23.000000 4.000000 -29.602341
v -25.000000 4.000000 -27.602339
v -23.000000 4.000000 -27.602339
v -23.000000 2.000000 -29.602339
v -25.000000 2.000000 -29.602339
v -23.000000 2.000000 -27.602341
v -25.000000 2.000000 -27.602341
v -11.000000 4.000000 -29.602341
v -11.000000 2.000000 -29.602339
v -11.000000 4.000000 -27.602339
v -11.000000 2.000000 -27.602341
v -13.000000 2.000000 -29.602339
v -13.000000 4.000000 -29.602341
v -13.000000 2.000000 -27.602341
v -13.000000 4.000000 -27.602339
v -13.000000 2.000000 -29.602339
v -11.000000 2.000000 -29.602339
v -13.000000 4.000000 -29.602341
v -11.000000 4.000000 -29.602341
v -13.000000 4.000000 -27.602339
v -11.000000 4.000000 -27.602339
v -13.000000 2.000000 -27.602341
v -11.000000 2.000000 -27.602341
v -13.000000 4.000000 -29.602341
v -11.000000 4.000000 -29.602341
v -13.000000 4.000000 -27.602339
v -11.000000 4.000000 -27.602339
v -11.000000 2.000000 -29.602339
v -13.000000 2.000000 -29.602339
v -11.000000 2.000000 -27.602341
v -13.000000 2.000000 -27.602341
v -5.000000 4.000000 -29.602341
v -5.000000 2.000000 -29.602339
v -5.000000 4.000000 -27.602339
v -5.000000 2.000000 -27.602341
v -7.000000 2.000000 -29.602339
v -7.000000 4.000000 -29.602341
v -7.000000 2.000000 -27.602341
v -7.000000 4.000000 -27.602339
v -7.000000 2.000000 -29.602339
v -5.000000 2.000000 -29.602339
v -7.000000 4.000000 -29.602341
v -5.000000 4.000000 -29.602341
v -7.000000 4.000000 -27.602339
v -5.000000 4.000000 -27.602339
v -7.000000 2.000000 -27.602341
v -5.000000 2.000000 -27.602341
v -7.000000 4.000000 -29.602341
v -5.000000 4.000000 -29.602341
v -7.000000 4.000000 -27.602339
v -5.000000 4.000000 -27.602339
v -5.000000 2.000000 -29.602339
v -7.000000 2.000000 -29.602339
v -5.000000 2.000000 -27.602341
v -7.000000 2.000000 -27.602341
v -3.000000 4.000000 -29.602341
v -3.000000 2.000000 -29.602339
v -3.000000 4.000000 -27.602339
v -3.000000 2.000000 -27.602341
v -5.000000 2.000000 -29.602339
v -5.000000 4.000000 -29.602341
v -5.000000 2.000000 -27.602341
v -5.000000 4.000000 -27.602339
v -5.000000 2.000000 -29.602339
v -3.000000 2.000000 -29.602339
v -5.000000 4.000000 -29.602341
v -3.000000 4.000000 -29.602341
v -5.000000 4.000000 -27.602339
v -3.000000 4.000000 -27.602339
v -5.000000 2.000000 -27.602341
v -3.000000 2.000000 -27.602341
v -5.000000 4.000000 -29.602341
v -3.000000 4.000000 -29.602341
v -5.000000 4.000000 -27.602339
v -3.000000 4.000000 -27.602339
v -3.000000 2.000000 -29.602339
v -5.000000 2.000000 -29.602339
v -3.000000 2.000000 -27.602341
v -5.000000 2.000000 -27.602341
v 1.000000 4.000000 -29.602341
v 1.000000 2.000000 -29.602339
v 1.000000 4.000000 -27.602339
v 1.000000 2.000000 -27.602341
v -1.000000 2.000000 -29.602339
v -1.000000 4.000000 -29.602341
v -1.000000 2.000000 -27.602341
v -1.000000 4.000000 -27.602339
v -1.000000 2.000000 -29.602339
v 1.000000 2.000000 -29.602339
v -1.000000 4.000000 -29.602341
v 1.000000 4.000000 -29.602341
v -1.000000 4.000000 -27.602339
v 1.000000 4.000000 -27.602339
v -1.000000 2.000000 -27.602341
v 1.000000 2.000000 -27.602341
v -1.000000 4.000000 -29.602341
v 1.000000 4.000000 -29.602341
v -1.000000 4.000000 -27.602339
v 1.000000 4.000000 -27.602339
v 1.000000 2.000000 -29.602339
v -1.000000 2.000000 -29.602339
v 1.000000 2.000000 -27.602341
v -1.000000 2.000000 -27.602341
v 3.000000 4.000000 -29.602341
v 3.000000 2.000000 -29.602339
v 3.000000 4.000000 -27.602339
v 3.000000 2.000000 -27.602341
v 1.000000 2.000000 -29.602339
v 1.000000 4.000000 -29.602341
v 1.000000 2.000000 -27.602341
v 1.000000 4.000000 -27.602339
v 1.000000 2.000000 -29.602339
v 3.000000 2.000000 -29.602339
v 1.000000 4.000000 -29.602341
v 3.000000 4.000000 -29.602341
v 1.000000 4.000000 -27.602339
v 3.000000 4.000000 -27.602339
v 1.000000 2.000000 -27.602341
v 3.000000 2.000000 -27.602341
v 1.000000 4.000000 -29.602341
v 3.000000 4.000000 -29.602341
v 1.000000 4.000000 -27.602339
v 3.000000 4.000000 -27.602339
v 3.000000 2.000000 -29.602339
v 1.000000 2.000000 -29.602339
v 3.000000 2.000000 -27.602341
v 1.000000 2.000000 -27.602341
v 5.000000 4.000000 -29.602341
v 5.000000 2.000000 -29.602339
v 5.000000 4.000000 -27.602339
v 5.000000 2.000000 -27.602341
v 3.000000 2.000000 -29.602339
v 3.000000 4.000000 -29.602341
v 3.000000 2.000000 -27.602341
v 3.000000 4.000000 -27.602339
v 3.000000 2.000000 -29.602339
v 5.000000 2.000000 -29.602339
v 3.000000 4.000000 -29.602341
v 5.000000 4.000000 -29.602341
v 3.000000 4.000000 -27.602339
v 5.000000 4.000000 -27.602339
v 3.000000 2.000000 -27.602341
v 5.000000 2.000000 -27.602341
v 3.000000 4.000000 -29.602341
v 5.000000 4.000000 -29.602341
v 3.000000 4.000000 -27.602339
v 5.000000 4.000000 -27.602339
v 5.000000 2.000000 -29.602339
v 3.000000 2.000000 -29.602339
v 5.000000 2.000000 -27.602341
v 3.000000 2.000000 -27.602341
v 13.000000 4.000000 -29.602341
v 13.000000 2.000000 -29.602339
v 13.000000 4.000000 -27.602339
v 13.000000 2.000000 -27.602341
v 11.000000 2.000000 -29.602339
v 11.000000 4.000000 -29.602341
v 11.000000 2.000000 -27.602341
v 11.000000 4.000000 -27.602339
v 11.000000 2.000000 -29.602339
v 13.000000 2.000000 -29.602339
v 11.000000 4.000000 -29.602341
v 13.000000 4.000000 -29.602341
v 11.000000 4.000000 -27.602339
v 13.000000 4.000000 -27.602339
v 11.000000 2.000000 -27.602341
v 13.000000 2.000000 -27.602341
v 11.000000 4.000000 -29.602341
v 13.000000 4.000000 -29.602341
v 11.000000 4.000000 -27.602339
v 13.000000 4.000000 -27.602339
v 13.000000 2.000000 -29.602339
v 11.000000 2.000000 -29.602339
v 13.000000 2.000000 -27.602341
v 11.000000 2.000000 -27.602341
v 15.000000 4.000000 -29.602341
v 15.000000 2.000000 -29.602339
v 15.000000 4.000000 -27.602339
v 15.000000 2.000000 -27.602341
v 13.000000 2.000000 -29.602339
v 13.000000 4.000000 -29.602341
v 13.000000 2.000000 -27.602341
v 13.000000 4.000000 -27.602339
v 13.000000 2.000000 -29.602339
v 15.000000 2.000000 -29.602339
v 13.000000 4.000000 -29.602341
v 15.000000 4.000000 -29.602341
v 13.000000 4.000000 -27.602339
v 15.000000 4.000000 -27.602339
v 13.000000 2.000000 -27.602341
v 15.000000 2.000000 -27.602341
v 13.000000 4.000000 -29.602341
v 15.000000 4.000000 -29.602341
v 13.000000 4.000000 -27.602339
v 15.000000 4.000000 -27.602339
v 15.000000 2.000000 -29.602339
v 13.000000 2.000000 -29.602339
v 15.000000 2.000000 -27.602341
v 13.000000 2.000000 -27.602341
v 19.000000 4.000000 -29.602341
v 19.000000 2.000000 -29.602339
v 19.000000 4.000000 -27.602339
v 19.000000 2.000000 -27.602341
v 17.000000 2.000000 -29.602339
v 17.000000 4.000000 -29.602341
v 17.000000 2.000000 -27.602341
v 17.000000 4.000000 -27.602339
v 17.000000 2.000000 -29.602339
v 19.000000 2.000000 -29.602339
v 17.000000 4.000000 -29.602341
v 19.000000 4.000000 -29.602341
v 17.000000 4.000000 -27.602339
v 19.000000 4.000000 -27.602339
v 17.000000 2.000000 -27.602341
v 19.000000 2.000000 -27.602341
v 17.000000 4.000000 -29.602341
v 19.000000 4.000000 -29.602341
v 17.000000 4.000000 -27.602339
v 19.000000 4.000000 -27.602339
v 19.000000 2.000000 -29.602339
v 17.000000 2.000000 -29.602339
v 19.000000 2.000000 -27.602341
v 17.000000 2.000000 -27.602341
v 25.000000 4.000000 -29.602341
v 25.000000 2.000000 -29.602339
v 25.000000 4.000000 -27.602339
v 25.000000 2.000000 -27.602341
v 23.000000 2.000000 -29.602339
v 23.000000 4.000000 -29.602341
v 23.000000 2.000000 -27.602341
v 23.000000 4.000000 -27.602339
v 23.000000 2.000000 -29.602339
v 25.000000 2.000000 -29.602339
v 23.000000 4.000000 -29.602341
v 25.000000 4.000000 -29.602341
v 23.000000 4.000000 -27.602339
v 25.000000 4.000000 -27.602339
v 23.000000 2.000000 -27.602341
v 25.000000 2.000000 -27.602341
v 23.000000 4.000000 -29.602341
v 25.000000 4.000000 -29.602341
v 23.000000 4.000000 -27.602339
v 25.000000 4.000000 -27.602339
v 25.000000 2.000000 -29.602339
v 23.000000 2.000000 -29.602339
v 25.000000 2.000000 -27.602341
v 23.000000 2.000000 -27.602341
v -23.000000 4.000000 -27.602339
v -23.000000 2.000000 -27.602341
v -23.000000 4.000000 -25.602339
v -23.000000 2.000000 -25.602341
v -25.000000 2.000000 -27.602341
v -25.000000 4.000000 -27.602339
v -25.000000 2.000000 -25.602341
v -25.000000 4.000000 -25.602339
v -25.000000 2.000000 -27.602341
v -23.000000 2.000000 -27.602341
v -25.000000 4.000000 -27.602339
v -23.000000 4.000000 -27.602339
v -25.000000 4.000000 -25.602339
v -23.000000 4.000000 -25.602339
v -25.000000 2.000000 -25.602341
v -23.000000 2.000000 -25.602341
v -25.000000 4.000000 -27.602339
v -23.000000 4.000000 -27.602339
v -25.000000 4.000000 -25.602339
v -23.000000 4.000000 -25.602339
v -23.000000 2.000000 -27.602341
v -25.000000 2.000000 -27.602341
v -23.000000 2.000000 -25.602341
v -25.000000 2.000000 -25.602341
v -21.000000 4.000000 -27.602339
v -21.000000 2.000000 -27.602341
v -21.000000 4.000000 -25.602339
v -21.000000 2.000000 -25.602341
v -23.000000 2.000000 -27.602341
v -23.000000 4.000000 -27.602339
v -23.000000 2.000000 -25.602341
v -23.000000 4.000000 -25.602339
v -23.000000 2.000000 -27.602341
v -21.000000 2.000000 -27.602341
v -23.000000 4.000000 -27.602339
v -21.000000 4.000000 -27.602339
v -23.000000 4.000000 -25.602339
v -21.000000 4.000000 -25.602339
v -23.000000 2.000000 -25.602341
v -21.000000 2.000000 -25.602341
v -23.000000 4.000000 -27.602339
v -21.000000 4.000000 -27.602339
v -23.000000 4.000000 -25.602339
v -21.000000 4.000000 -25.602339
v -21.000000 2.000000 -27.602341
v -23.000000 2.000000 -27.602341
v -21.000000 2.000000 -25.602341
v -23.000000 2.000000 -25.602341
v -19.000000 4.000000 -27.602339
v -19.000000 2.000000 -27.602341
v -19.000000 4.000000 -25.602339
v -19.000000 2.000000 -25.602341
v -21.000000 2.000000 -27.602341
v -21.000000 4.000000 -27.602339
v -21.000000 2.000000 -25.602341
v -21.000000 4.000000 -25.602339
v -21.000000 2.000000 -27.602341
v -19.000000 2.000000 -27.602341
v -21.000000 4.000000 -27.602339
v -19.000000 4.000000 -27.602339
v -21.000000 4.000000 -25.602339
v -19.000000 4.000000 -25.602339
v -21.000000 2.000000 -25.602341
v -19.000000 2.000000 -25.602341
v -21.000000 4.000000 -27.602339
v -19.000000 4.000000 -27.602339
v -21.000000 4.000000 -25.602339
v -19.000000 4.000000 -25.602339
v -19.000000 2.000000 -27.602341
v -21.000000 2.000000 -27.602341
v -19.000000 2.000000 -25.602341
v -21.000000 2.000000 -25.602341
v -17.000000 4.000000 -27.602339
v -17.000000 2.000000 -27.602341
v -17.000000 4.000000 -25.602339
v -17.000000 2.000000 -25.602341
v -19.000000 2.000000 -27.602341
v -19.000000 4.000000 -27.602339
v -19.000000 2.000000 -25.602341
v -19.000000 4.000000 -25.602339
v -19.000000 2.000000 -27.602341
v -17.000000 2.000000 -27.602341
v -19.000000 4.000000 -27.602339
v -17.000000 4.000000 -27.602339
v -19.000000 4.000000 -25.602339
v -17.000000 4.000000 -25.602339
v -19.000000 2.000000 -25.602341
v -17.000000 2.000000 -25.602341
v -19.000000 4.000000 -27.602339
v -17.000000 4.000000 -27.602339
v -19.000000 4.000000 -25.602339
v -17.000000 4.000000 -25.602339
v -17.000000 2.000000 -27.602341
v -19.000000 2.000000 -27.602341
v -17.000000 2.000000 -25.602341
v -19.000000 2.000000 -25.602341
v -15.000000 4.000000 -27.602339
v -15.000000 2.000000 -27.602341
v -15.000000 4.000000 -25.602339
v -15.000000 2.000000 -25.602341
v -17.000000 2.000000 -27.602341
v -17.000000 4.000000 -27.602339
v -17.000000 2.000000 -25.602341
v -17.000000 4.000000 -25.602339
v -17.000000 2.000000 -27.602341
v -15.000000 2.000000 -27.602341
v -17.000000 4.000000 -27.602339
v -15.000000 4.000000 -27.602339
v -17.000000 4.000000 -25.602339
v -15.000000 4.000000 -25.602339
v -17.000000 2.000000 -25.602341
v -15.000000 2.000000 -25.602341
v -17.000000 4.000000 -27.602339
v -15.000000 4.000000 -27.602339
v -17.000000 4.000000 -25.602339
v -15.000000 4.000000 -25.602339
v -15.000000 2.000000 -27.602341
v -17.000000 2.000000 -27.602341
v -15.000000 2.000000 -25.602341
v -17.000000 2.000000 -25.602341
v -13.000000 4.000000 -27.602339
v -13.000000 2.000000 -27.602341
v -13.000000 4.000000 -25.602339
v -13.000000 2.000000 -25.602341
v -15.000000 2.000000 -27.602341
v -15.000000 4.000000 -27.602339
v -15.000000 2.000000 -25.602341
v -15.000000 4.000000 -25.602339
v -15.000000 2.000000 -27.602341
v -13.000000 2.000000 -27.602341
v -15.000000 4.000000 -27.602339
v -13.000000 4.000000 -27.602339
v -15.000000 4.000000 -25.602339
v -13.000000 4.000000 -25.602339
v -15.000000 2.000000 -25.602341
v -13.000000 2.000000 -25.602341
v -15.000000 4.000000 -27.602339
v -13.000000 4.000000 -27.602339
v -15.000000 4.000000 -25.602339
v -13.000000 4.000000 -25.602339
v -13.000000 2.000000 -27.602341
v -15.000000 2.000000 -27.602341
v -13.000000 2.000000 -25.602341
v -15.000000 2.000000 -25.602341
v -11.000000 4.000000 -27.602339
v -11.000000 2.000000 -27.602341
v -11.000000 4.000000 -25.602339
v -11.000000 2.000000 -25.602341
v -13.000000 2.000000 -27.602341
v -13.000000 4.000000 -27.602339
v -13.000000 2.000000 -25.602341
v -13.000000 4.000000 -25.602339
v -13.000000 2.000000 -27.602341
v -11.000000 2.000000 -27.602341
v -13.000000 4.000000 -27.602339
v -11.000000 4.000000 -27.602339
v -13.000000 4.000000 -25.602339
v -11.000000 4.000000 -25.602339
v -13.000000 2.000000 -25.602341
v -11.000000 2.000000 -25.602341
v -13.000000 4.000000 -27.602339
v -11.000000 4.000000 -27.602339
v -13.000000 4.000000 -25.602339
v -11.000000 4.000000 -25.602339
v -11.000000 2.000000 -27.602341
v -13.000000 2.000000 -27.602341
v -11.000000 2.000000 -25.602341
v -13.000000 2.000000 -25.602341
v -3.000000 4.000000 -27.602339
v -3.000000 2.000000 -27.602341
v -3.000000 4.000000 -25.602339
v -3.000000 2.000000 -25.602341
v -5.000000 2.000000 -27.602341
v -5.000000 4.000000 -27.602339
v -5.000000 2.000000 -25.602341
v -5.000000 4.000000 -25.602339
v -5.000000 2.000000 -27.602341
v -3.000000 2.000000 -27.602341
v -5.000000 4.000000 -27.602339
v -3.000000 4.000000 -27.602339
v -5.000000 4.000000 -25.602339
v -3.000000 4.000000 -25.602339
v -5.000000 2.000000 -25.602341
v -3.000000 2.000000 -25.602341
v -5.000000 4.000000 -27.602339
v -3.000000 4.000000 -27.602339
v -5.000000 4.000000 -25.602339
v -3.000000 4.000000 -25.602339
v -3.000000 2.000000 -27.602341
v -5.000000 2.000000 -27.602341
v -3.000000 2.000000 -25.602341
v -5.000000 2.000000 -25.602341
v -1.000000 4.000000 -27.602339
v -1.000000 2.000000 -27.602341
v -1.000000 4.000000 -25.602339
v -1.000000 2.000000 -25.602341
v -3.000000 2.000000 -27.602341
v -3.000000 4.000000 -27.602339
v -3.000000 2.000000 -25.602341
v -3.000000 4.000000 -25.602339
v -3.000000 2.000000 -27.602341
v -1.000000 2.000000 -27.602341
v -3.000000 4.000000 -27.602339
v -1.000000 4.000000 -27.602339
v -3.000000 4.000000 -25.602339
v -1.000000 4.000000 -25.602339
v -3.000000 2.000000 -25.602341
v -1.000000 2.000000 -25.602341
v -3.000000 4.000000 -27.602339
v -1.000000 4.000000 -27.602339
v -3.000000 4.000000 -25.602339
v -1.000000 4.000000 -25.602339
v -1.000000 2.000000 -27.602341
v -3.000000 2.000000 -27.602341
v -1.000000 2.000000 -25.602341
v -3.000000 2.000000 -25.602341
v 1.000000 4.000000 -27.602339
v 1.000000 2.000000 -27.602341
v 1.000000 4.000000 -25.602339
v 1.000000 2.000000 -25.602341
v -1.000000 2.000000 -27.602341
v -1.000000 4.000000 -27.602339
v -1.000000 2.000000 -25.602341
v -1.000000 4.000000 -25.602339
v -1.000000 2.000000 -27.602341
v 1.000000 2.000000 -27.602341
v -1.000000 4.000000 -27.602339
v 1.000000 4.000000 -27.602339
v -1.000000 4.000000 -25.602339
v 1.000000 4.000000 -25.602339
v -1.000000 2.000000 -25.602341
v 1.000000 2.000000 -25.602341
v -1.000000 4.000000 -27.602339
v 1.000000 4.000000 -27.602339
v -1.000000 4.000000 -25.602339
v 1.000000 4.000000 -25.602339
v 1.000000 2.000000 -27.602341
v -1.000000 2.000000 -27.602341
v 1.000000 2.000000 -25.602341
v -1.000000 2.000000 -25.602341
v 5.000000 4.000000 -27.602339
v 5.000000 2.000000 -27.602341
v 5.000000 4.000000 -25.602339
v 5.000000 2.000000 -25.602341
v 3.000000 2.000000 -27.602341
v 3.000000 4.000000 -27.602339
v 3.000000 2.000000 -25.602341
v 3.000000 4.000000 -25.602339
v 3.000000 2.000000 -27.602341
v 5.000000 2.000000 -27.602341
v 3.000000 4.000000 -27.602339
v 5.000000 4.000000 -27.602339
v 3.000000 4.000000 -25.602339
v 5.000000 4.000000 -25.602339
v 3.000000 2.000000 -25.602341
v 5.000000 2.000000 -25.602341
v 3.000000 4.000000 -27.602339
v 5.000000 4.000000 -27.602339
v 3.000000 4.000000 -25.602339
v 5.000000 4.000000 -25.602339
v 5.000000 2.000000 -27.602341
v 3.000000 2.000000 -27.602341
v 5.000000 2.000000 -25.602341
v 3.000000 2.000000 -25.602341
v 7.000000 4.000000 -27.602339
v 7.000000 2.000000 -27.602341
v 7.000000 4.000000 -25.602339
v 7.000000 2.000000 -25.602341
v 5.000000 2.000000 -27.602341
v 5.000000 4.000000 -27.602339
v 5.000000 2.000000 -25.602341
v 5.000000 4.000000 -25.602339
v 5.000000 2.000000 -27.602341
v 7.000000 2.000000 -27.602341
v 5.000000 4.000000 -27.602339
v 7.000000 4.000000 -27.602339
v 5.000000 4.000000 -25.602339
v 7.000000 4.000000 -25.602339
v 5.000000 2.000000 -25.602341
v 7.000000 2.000000 -25.602341
v 5.000000 4.000000 -27.602339
v 7.000000 4.000000 -27.602339
v 5.000000 4.000000 -25.602339
v 7.000000 4.000000 -25.602339
v 7.000000 2.000000 -27.602341
v 5.000000 2.000000 -27.602341
v 7.000000 2.000000 -25.602341
v 5.000000 2.000000 -25.602341
v 13.000000 4.000000 -27.602339
v 13.000000 2.000000 -27.602341
v 13.000000 4.000000 -25.602339
v 13.000000 2.000000 -25.602341
v 11.000000 2.000000 -27.602341
v 11.000000 4.000000 -27.602339
v 11.000000 2.000000 -25.602341
v 11.000000 4.000000 -25.602339
v 11.000000 2.000000 -27.602341
v 13.000000 2.000000 -27.602341
v 11.000000 4.000000 -27.602339
v 13.000000 4.000000 -27.602339
v 11.000000 4.000000 -25.602339
v 13.000000 4.000000 -25.602339
v 11.000000 2.000000 -25.602341
v 13.000000 2.000000 -25.602341
v 11.000000 4.000000 -27.602339
v 13.000000 4.000000 -27.602339
v 11.000000 4.000000 -25.602339
v 13.000000 4.000000 -25.602339
v 13.000000 2.000000 -27.602341
v 11.000000 2.000000 -27.602341
v 13.000000 2.000000 -25.602341
v 11.000000 2.000000 -25.602341
v 17.000000 4.000000 -27.602339
v 17.000000 2.000000 -27.602341
v 17.000000 4.000000 -25.602339
v 17.000000 2.000000 -25.602341
v 15.000000 2.000000 -27.602341
v 15.000000 4.000000 -27.602339
v 15.000000 2.000000 -25.602341
v 15.000000 4.000000 -25.602339
v 15.000000 2.000000 -27.602341
v 17.000000 2.000000 -27.602341
v 15.000000 4.000000 -27.602339
v 17.000000 4.000000 -27.602339
v 15.000000 4.000000 -25.602339
v 17.000000 4.000000 -25.602339
v 15.000000 2.000000 -25.602341
v 17.000000 2.000000 -25.602341
v 15.000000 4.000000 -27.602339
v 17.000000 4.000000 -27.602339
v 15.000000 4.000000 -25.602339
v 17.000000 4.000000 -25.602339
v 17.000000 2.000000 -27.602341
v 15.000000 2.000000 -27.602341
v 17.000000 2.000000 -25.602341
v 15.000000 2.000000 -25.602341
v 19.000000 4.000000 -27.602339
v 19.000000 2.000000 -27.602341
v 19.000000 4.000000 -25.602339
v 19.000000 2.000000 -25.602341
v 17.000000 2.000000 -27.602341
v 17.000000 4.000000 -27.602339
v 17.000000 2.000000 -25.602341
v 17.000000 4.000000 -25.602339
v 17.000000 2.000000 -27.602341
v 19.000000 2.000000 -27.602341
v 17.000000 4.000000 -27.602339
v 19.000000 4.000000 -27.602339
v 17.000000 4.000000 -25.602339
v 19.000000 4.000000 -25.602339
v 17.000000 2.000000 -25.602341
v 19.000000 2.000000 -25.602341
v 17.000000 4.000000 -27.602339
v 19.000000 4.000000 -27.602339
v 17.000000 4.000000 -25.602339
v 19.000000 4.000000 -25.602339
v 19.000000 2.000000 -27.602341
v 17.000000 2.000000 -27.602341
v 19.000000 2.000000 -25.602341
v 17.000000 2.000000 -25.602341
v 21.000000 4.000000 -27.602339
v 21.000000 2.000000 -27.602341
v 21.000000 4.000000 -25.602339
v 21.000000 2.000000 -25.602341
v 19.000000 2.000000 -27.602341
v 19.000000 4.000000 -27.602339
v 19.000000 2.000000 -25.602341
v 19.000000 4.000000 -25.602339
v 19.000000 2.000000 -27.602341
v 21.000000 2.000000 -27.602341
v 19.000000 4.000000 -27.602339
v 21.000000 4.000000 -27.602339
v 19.000000 4.000000 -25.602339
v 21.000000 4.000000 -25.602339
v 19.000000 2.000000 -25.602341
v 21.000000 2.000000 -25.602341
v 19.000000 4.000000 -27.602339
v 21.000000 4.000000 -27.602339
v 19.000000 4.000000 -25.602339
v 21.000000 4.000000 -25.602339
v 21.000000 2.000000 -27.602341
v 19.000000 2.000000 -27.602341
v 21.000000 2.000000 -25.602341
v 19.000000 2.000000 -25.602341
v 23.000000 4.000000 -27.602339
v 23.000000 2.000000 -27.602341
v 23.000000 4.000000 -25.602339
v 23.000000 2.000000 -25.602341
v 21.000000 2.000000 -27.602341
v 21.000000 4.000000 -27.602339
v 21.000000 2.000000 -25.602341
v 21.000000 4.000000 -25.602339
v 21.000000 2.000000 -27.602341
v 23.000000 2.000000 -27.602341
v 21.000000 4.000000 -27.602339
v 23.000000 4.000000 -27.602339
v 21.000000 4.000000 -25.602339
v 23.000000 4.000000 -25.602339
v 21.000000 2.000000 -25.602341
v 23.000000 2.000000 -25.602341
v 21.000000 4.000000 -27.602339
v 23.000000 4.000000 -27.602339
v 21.000000 4.000000 -25.602339
v 23.000000 4.000000 -25.602339
v 23.000000 2.000000 -27.602341
v 21.000000 2.000000 -27.602341
v 23.000000 2.000000 -25.602341
v 21.000000 2.000000 -25.602341
v 25.000000 4.000000 -27.602339
v 25.000000 2.000000 -27.602341
v 25.000000 4.000000 -25.602339
v 25.000000 2.000000 -25.602341
v 23.000000 2.000000 -27.602341
v 23.000000 4.000000 -27.602339
v 23.000000 2.000000 -25.602341
v 23.000000 4.000000 -25.602339
v 23.000000 2.000000 -27.602341
v 25.000000 2.000000 -27.602341
v 23.000000 4.000000 -27.602339
v 25.000000 4.000000 -27.602339
v 23.000000 4.000000 -25.602339
v 25.000000 4.000000 -25.602339
v 23.000000 2.000000 -25.602341
v 25.000000 2.000000 -25.602341
v 23.000000 4.000000 -27.602339
v 25.000000 4.000000 -27.602339
v 23.000000 4.000000 -25.602339
v 25.000000 4.000000 -25.602339
v 25.000000 2.000000 -27.602341
v 23.000000 2.000000 -27.602341
v 25.000000 2.000000 -25.602341
v 23.000000 2.000000 -25.602341
f 25 27 26
f 27 28 26
f 29 31 30
f 31 32 30
f 33 35 34
f 35 36 34
f 37 39 38
f 39 40 38
f 41 43 42
f 43 44 42
f 45 47 46
f 47 48 46
f 49 51 50
f 51 52 50
f 53 55 54
f 55 56 54
f 57 59 58
f 59 60 58
f 61 63 62
f 63 64 62
f 65 67 66
f 67 68 66
f 69 71 70
f 71 72 70
f 73 75 74
f 75 76 74
f 77 79 78
f 79 80 78
f 81 83 82
f 83 84 82
f 85 87 86
f 87 88 86
f 89 91 90
f 91 92 90
f 93 95 94
f 95 96 94
f 97 99 98
f 99 100 98
f 101 103 102
f 103 104 102
f 105 107 106
f 107 108 106
f 109 111 110
f 111 112 110
f 113 115 114
f 115 116 114
f 117 119 118
f 119 120 118
f 121 123 122
f 123 124 122
f 125 127 126
f 127 128 126
f 129 131 130
f 131 132 130
f 133 135 134
f 135 136 134
f 137 139 138
f 139 140 138
f 141 143 142
f 143 144 142
f 145 147 146
f 147 148 146
f 149 151 150
f 151 152 150
f 153 155 154
f 155 156 154
f 157 159 158
f 159 160 158
f 161 163 162
f 163 164 162
f 165 167 166
f 167 168 166
f 169 171 170
f 171 172 170
f 173 175 174
f 175 176 174
f 177 179 178
f 179 180 178
f 181 183 182
f 183 184 182
f 185 187 186
f 187 188 186
f 189 191 190
f 191 192 190
f 193 195 194
f 195 196 194
f 197 199 198
f 199 200 198
f 201 203 202
f 203 204 202
f 205 207 206
f 207 208 206
f 209 211 210
f 211 212 210
f 213 215 214
f 215 216 214
f 217 219 218
f 219 220 218
f 221 223 222
f 223 224 222
f 225 227 226
f 227 228 226
f 229 231 230
f 231 232 230
f 233 235 234
f 235 236 234
f 237 239 238
f 239 240 238
f 241 243 242
f 243 244 242
f 245 247 246
f 247 248 246
f 249 251 250
f 251 252 250
f 253 255 254
f 255 256 254
f 257 259 258
f 259 260 258
f 261 263 262
f 263 264 262
f 265 267 266
f 267 268 266
f 269 271 270
f 271 272 270
f 273 275 274
f 275 276 274
f 277 279 278
f 279 280 278
f 281 283 282
f 283 284 282
f 285 287 286
f 287 288 286
f 289 291 290
f 291 292 290
f 293 295 294
f 295 296 294
f 297 299 298
f 299 300 298
f 301 303 302
f 303 304 302
f 305 307 306
f 307 308 306
f 309 311 310
f 311 312 310
f 313 315 314
f 315 316 314
f 317 319 318
f 319 320 318
f 321 323 322
f 323 324 322
f 325 327 326
f 327 328 326
f 329 331 330
f 331 332 330
f 333 335 334
f 335 336 334
f 337 339 338
f 339 340 338
f 341 343 342
f 343 344 342
f 345 347 346
f 347 348 346
f 349 351 350
f 351 352 350
f 353 355 354
f 355 356 354
f 357 359 358
f 359 360 358
f 361 363 362
f 363 364 362
f 365 367 366
f 367 368 366
f 369 371 370
f 371 372 370
f 373 375 374
f 375 376 374
f 377 379 378
f 379 380 378
f 381 383 382
f 383 384 382
f 385 387 386
f 387 388 386
f 389 391 390
f 391 392 390
f 393 395 394
f 395 396 394
f 397 399 398
f 399 400 398
f 401 403 402
f 403 404 402
f 405 407 406
f 407 408 406
f 409 411 410
f 411 412 410
f 413 415 414
f 415 416 414
f 417 419 418
f 419 420 418
f 421 423 422
f 423 424 422
f 425 427 426
f 427 428 426
f 429 431 430
f 431 432 430
f 433 435 434
f 435 436 434
f 437 439 438
f 439 440 438
f 441 443 442
f 443 444 442
f 445 447 446
f 447 448 446
f 449 451 450
f 451 452 450
f 453 455 454
f 455 456 454
f 457 459 458
f 459 460 458
f 461 463 462
f 463 464 462
f 465 467 466
f 467 468 466
f 469 471 470
f 471 472 470
f 473 475 474
f 475 476 474
f 477 479 478
f 479 480 478
f 481 483 482
f 483 484 482
f 485 487 486
f 487 488 486
f 489 491 490
f 491 492 490
f 493 495 494
f 495 496 494
f 497 499 498
f 499 500 498
f 501 503 502
f 503 504 502
f 505 507 506
f 507 508 506
f 509 511 510
f 511 512 510
f 513 515 514
f 515 516 514
f 517 519 518
f 519 520 518
f 521 523 522
f 523 524 522
f 525 527 526
f 527 528 526
f 529 531 530
f 531 532 530
f 533 535 534
f 535 536 534
f 537 539 538
f 539 540 538
f 541 543 542
f 543 544 542
f 545 547 546
f 547 548 546
f 549 551 550
f 551 552 550
f 553 555 554
f 555 556 554
f 557 559 558
f 559 560 558
f 561 563 562
f 563 564 562
f 565 567 566
f 567 568 566
f 569 571 570
f 571 572 570
f 573 575 574
f 575 576 574
f 577 579 578
f 579 580 578
f 581 583 582
f 583 584 582
f 585 587 586
f 587 588 586
f 589 591 590
f 591 592 590
f 593 595 594
f 595 596 594
f 597 599 598
f 599 600 598
f 601 603 602
f 603 604 602
f 605 607 606
f 607 608 606
f 609 611 610
f 611 612 610
f 613 615 614
f 615 616 614
f 617 619 618
f 619 620 618
f 621 623 622
f 623 624 622
f 625 627 626
f 627 628 626
f 629 631 630
f 631 632 630
f 633 635 634
f 635 636 634
f 637 639 638
f 639 640 638
f 641 643 642
f 643 644 642
f 645 647 646
f 647 648 646
f 649 651 650
f 651 652 650
f 653 655 654
f 655 656 654
f 657 659 658
f 659 660 658
f 661 663 662
f 663 664 662
f 665 667 666
f 667 668 666
f 669 671 670
f 671 672 670
f 673 675 674
f 675 676 674
f 677 679 678
f 679 680 678
f 681 683 682
f 683 684 682
f 685 687 686
f 687 688 686
f 689 691 690
f 691 692 690
f 693 695 694
f 695 696 694
f 697 699 698
f 699 700 698
f 701 703 702
f 703 704 702
f 705 707 706
f 707 708 706
f 709 711 710
f 711 712 710
f 713 715 714
f 715 716 714
f 717 719 718
f 719 720 718
f 721 723 722
f 723 724 722
f 725 727 726
f 727 728 726
f 729 731 730
f 731 732 730
f 733 735 734
f 735 736 734
f 737 739 738
f 739 740 738
f 741 743 742
f 743 744 742
f 745 747 746
f 747 748 746
f 749 751 750
f 751 752 750
f 753 755 754
f 755 756 754
f 757 759 758
f 759 760 758
f 761 763 762
f 763 764 762
f 765 767 766
f 767 768 766
f 769 771 770
f 771 772 770
f 773 775 774
f 775 776 774
f 777 779 778
f 779 780 778
f 781 783 782
f 783 784 782
f 785 787 786
f 787 788 786
f 789 791 790
f 791 792 790
f 793 795 794
f 795 796 794
f 797 799 798
f 799 800 798
f 801 803 802
f 803 804 802
f 805 807 806
f 807 808 806
f 809 811 810
f 811 812 810
f 813 815 814
f 815 816 814
f 817 819 818
f 819 820 818
f 821 823 822
f 823 824 822
f 825 827 826
f 827 828 826
f 829 831 830
f 831 832 830
f 833 835 834
f 835 836 834
f 837 839 838
f 839 840 838
f 841 843 842
f 843 844 842
f 845 847 846
f 847 848 846
f 849 851 850
f 851 852 850
f 853 855 854
f 855 856 854
f 857 859 858
f 859 860 858
f 861 863 862
f 863 864 862
f 865 867 866
f 867 868 866
f 869 871 870
f 871 872 870
f 873 875 874
f 875 876 874
f 877 879 878
f 879 880 878
f 881 883 882
f 883 884 882
f 885 887 886
f 887 888 886
f 889 891 890
f 891 892 890
f 893 895 894
f 895 896 894
f 897 899 898
f 899 900 898
f 901 903 902
f 903 904 902
f 905 907 906
f 907 908 906
f 909 911 910
f 911 912 910
f 913 915 914
f 915 916 914
f 917 919 918
f 919 920 918
f 921 923 922
f 923 924 922
f 925 927 926
f 927 928 926
f 929 931 930
f 931 932 930
f 933 935 934
f 935 936 934
f 937 939 938
f 939 940 938
f 941 943 942
f 943 944 942
f 945 947 946
f 947 948 946
f 949 951 950
f 951 952 950
f 953 955 954
f 955 956 954
f 957 959 958
f 959 960 958
f 961 963 962
f 963 964 962
f 965 967 966
f 967 968 966
f 969 971 970
f 971 972 970
f 973 975 974
f 975 976 974
f 977 979 978
f 979 980 978
f 981 983 982
f 983 984 982
f 985 987 986
f 987 988 986
f 989 991 990
f 991 992 990
f 993 995 994
f 995 996 994
f 997 999 998
f 999 1000 998
f 1001 1003 1002
f 1003 1004 1002
f 1005 1007 1006
f 1007 1008 1006
f 1009 1011 1010
f 1011 1012 1010
f 1013 1015 1014
f 1015 1016 1014
f 1017 1019 1018
f 1019 1020 1018
f 1021 1023 1022
f 1023 1024 1022
f 1025 1027 1026
f 1027 1028 1026
f 1029 1031 1030
f 1031 1032 1030
f 1033 1035 1034
f 1035 1036 1034
f 1037 1039 1038
f 1039 1040 1038
f 1041 1043 1042
f 1043 1044 1042
f 1045 1047 1046
f 1047 1048 1046
f 1049 1051 1050
f 1051 1052 1050
f 1053 1055 1054
f 1055 1056 1054
f 1057 1059 1058
f 1059 1060 1058
f 1061 1063 1062
f 1063 1064 1062
f 1065 1067 1066
f 1067 1068 1066
f 1069 1071 1070
f 1071 1072 1070
f 1073 1075 1074
f 1075 1076 1074
f 1077 1079 1078
f 1079 1080 1078
f 1081 1083 1082
f 1083 1084 1082
f 1085 1087 1086
f 1087 1088 1086
f 1089 1091 1090
f 1091 1092 1090
f 1093 1095 1094
f 1095 1096 1094
f 1097 1099 1098
f 1099 1100 1098
f 1101 1103 1102
f 1103 1104 1102
f 1105 1107 1106
f 1107 1108 1106
f 1109 1111 1110
f 1111 1112 1110
f 1113 1115 1114
f 1115 1116 1114
f 1117 1119 1118
f 1119 1120 1118
f 1121 1123 1122
f 1123 1124 1122
f 1125 1127 1126
f 1127 1128 1126
f 1129 1131 1130
f 1131 1132 1130
f 1133 1135 1134
f 1135 1136 1134
f 1137 1139 1138
f 1139 1140 1138
f 1141 1143 1142
f 1143 1144 1142
f 1145 1147 1146
f 1147 1148 1146
f 1149 1151 1150
f 1151 1152 1150
f 1153 1155 1154
f 1155 1156 1154
f 1157 1159 1158
f 1159 1160 1158
f 1161 1163 1162
f 1163 1164 1162
f 1165 1167 1166
f 1167 1168 1166
f 1169 1171 1170
f 1171 1172 1170
f 1173 1175 1174
f 1175 1176 1174
f 1177 1179 1178
f 1179 1180 1178
f 1181 1183 1182
f 1183 1184 1182
f 1185 1187 1186
f 1187 1188 1186
f 1189 1191 1190
f 1191 1192 1190
f 1193 1195 1194
f 1195 1196 1194
f 1197 1199 1198
f 1199 1200 1198
f 1201 1203 1202
f 1203 1204 1202
f 1205 1207 1206
f 1207 1208 1206
f 1209 1211 1210
f 1211 1212 1210
f 1213 1215 1214
f 1215 1216 1214
f 1217 1219 1218
f 1219 1220 1218
f 1221 1223 1222
f 1223 1224 1222
f 1225 1227 1226
f 1227 1228 1226
f 1229 1231 1230
f 1231 1232 1230
f 1233 1235 1234
f 1235 1236 1234
f 1237 1239 1238
f 1239 1240 1238
f 1241 1243 1242
f 1243 1244 1242
f 1245 1247 1246
f 1247 1248 1246
f 1249 1251 1250
f 1251 1252 1250
f 1253 1255 1254
f 1255 1256 1254
f 1257 1259 1258
f 1259 1260 1258
f 1261 1263 1262
f 1263 1264 1262
f 1265 1267 1266
f 1267 1268 1266
f 1269 1271 1270
f 1271 1272 1270
f 1273 1275 1274
f 1275 1276 1274
f 1277 1279 1278
f 1279 1280 1278
f 1281 1283 1282
f 1283 1284 1282
f 1285 1287 1286
f 1287 1288 1286
f 1289 1291 1290
f 1291 1292 1290
f 1293 1295 1294
f 1295 1296 1294
f 1297 1299 1298
f 1299 1300 1298
f 1301 1303 1302
f 1303 1304 1302
f 1305 1307 1306
f 1307 1308 1306
f 1309 1311 1310
f 1311 1312 1310
f 1313 1315 1314
f 1315 1316 1314
f 1317 1319 1318
f 1319 1320 1318
f 1321 1323 1322
f 1323 1324 1322
f 1325 1327 1326
f 1327 1328 1326
f 1329 1331 1330
f 1331 1332 1330
f 1333 1335 1334
f 1335 1336 1334
f 1337 1339 1338
f 1339 1340 1338
f 1341 1343 1342
f 1343 1344 1342
f 1345 1347 1346
f 1347 1348 1346
f 1349 1351 1350
f 1351 1352 1350
f 1353 1355 1354
f 1355 1356 1354
f 1357 1359 1358
f 1359 1360 1358
f 1361 1363 1362
f 1363 1364 1362
f 1365 1367 1366
f 1367 1368 1366
f 1369 1371 1370
f 1371 1372 1370
f 1373 1375 1374
f 1375 1376 1374
f 1377 1379 1378
f 1379 1380 1378
f 1381 1383 1382
f 1383 1384 1382
f 1385 1387 1386
f 1387 1388 1386
f 1389 1391 1390
f 1391 1392 1390
f 1393 1395 1394
f 1395 1396 1394
f 1397 1399 1398
f 1399 1400 1398
f 1401 1403 1402
f 1403 1404 1402
f 1405 1407 1406
f 1407 1408 1406
f 1409 1411 1410
f 1411 1412 1410
f 1413 1415 1414
f 1415 1416 1414
f 1417 1419 1418
f 1419 1420 1418
f 1421 1423 1422
f 1423 1424 1422
f 1425 1427 1426
f 1427 1428 1426
f 1429 1431 1430
f 1431 1432 1430
f 1433 1435 1434
f 1435 1436 1434
f 1437 1439 1438
f 1439 1440 1438
f 1441 1443 1442
f 1443 1444 1442
f 1445 1447 1446
f 1447 1448 1446
f 1449 1451 1450
f 1451 1452 1450
f 1453 1455 1454
f 1455 1456 1454
f 1457 1459 1458
f 1459 1460 1458
f 1461 1463 1462
f 1463 1464 1462
f 1465 1467 1466
f 1467 1468 1466
f 1469 1471 1470
f 1471 1472 1470
f 1473 1475 1474
f 1475 1476 1474
f 1477 1479 1478
f 1479 1480 1478
f 1481 1483 1482
f 1483 1484 1482
f 1485 1487 1486
f 1487 1488 1486
f 1489 1491 1490
f 1491 1492 1490
f 1493 1495 1494
f 1495 1496 1494
f 1497 1499 1498
f 1499 1500 1498
f 1501 1503 1502
f 1503 1504 1502
f 1505 1507 1506
f 1507 1508 1506
f 1509 1511 1510
f 1511 1512 1510
f 1513 1515 1514
f 1515 1516 1514
f 1517 1519 1518
f 1519 1520 1518
f 1521 1523 1522
f 1523 1524 1522
f 1525 1527 1526
f 1527 1528 1526
f 1529 1531 1530
f 1531 1532 1530
f 1533 1535 1534
f 1535 1536 1534
f 1537 1539 1538
f 1539 1540 1538
f 1541 1543 1542
f 1543 1544 1542
f 1545 1547 1546
f 1547 1548 1546
f 1549 1551 1550
f 1551 1552 1550
f 1553 1555 1554
f 1555 1556 1554
f 1557 1559 1558
f 1559 1560 1558
f 1561 1563 1562
f 1563 1564 1562
f 1565 1567 1566
f 1567 1568 1566
f 1569 1571 1570
f 1571 1572 1570
f 1573 1575 1574
f 1575 1576 1574
f 1577 1579 1578
f 1579 1580 1578
f 1581 1583 1582
f 1583 1584 1582
f 1585 1587 1586
f 1587 1588 1586
f 1589 1591 1590
f 1591 1592 1590
f 1593 1595 1594
f 1595 1596 1594
f 1597 1599 1598
f 1599 1600 1598
f 1601 1603 1602
f 1603 1604 1602
f 1605 1607 1606
f 1607 1608 1606
f 1609 1611 1610
f 1611 1612 1610
f 1613 1615 1614
f 1615 1616 1614
f 1617 1619 1618
f 1619 1620 1618
f 1621 1623 1622
f 1623 1624 1622
f 1625 1627 1626
f 1627 1628 1626
f 1629 1631 1630
f 1631 1632 1630
f 1633 1635 1634
f 1635 1636 1634
f 1637 1639 1638
f 1639 1640 1638
f 1641 1643 1642
f 1643 1644 1642
f 1645 1647 1646
f 1647 1648 1646
f 1649 1651 1650
f 1651 1652 1650
f 1653 1655 1654
f 1655 1656 1654
f 1657 1659 1658
f 1659 1660 1658
f 1661 1663 1662
f 1663 1664 1662
f 1665 1667 1666
f 1667 1668 1666
f 1669 1671 1670
f 1671 1672 1670
f 1673 1675 1674
f 1675 1676 1674
f 1677 1679 1678
f 1679 1680 1678
f 1681 1683 1682
f 1683 1684 1682
f 1685 1687 1686
f 1687 1688 1686
f 1689 1691 1690
f 1691 1692 1690
f 1693 1695 1694
f 1695 1696 1694
f 1697 1699 1698
f 1699 1700 1698
f 1701 1703 1702
f 1703 1704 1702
f 1705 1707 1706
f 1707 1708 1706
f 1709 1711 1710
f 1711 1712 1710
f 1713 1715 1714
f 1715 1716 1714
f 1717 1719 1718
f 1719 1720 1718
f 1721 1723 1722
f 1723 1724 1722
f 1725 1727 1726
f 1727 1728 1726
f 1729 1731 1730
f 1731 1732 1730
f 1733 1735 1734
f 1735 1736 1734
f 1737 1739 1738
f 1739 1740 1738
f 1741 1743 1742
f 1743 1744 1742
f 1745 1747 1746
f 1747 1748 1746
f 1749 1751 1750
f 1751 1752 1750
f 1753 1755 1754
f 1755 1756 1754
f 1757 1759 1758
f 1759 1760 1758
f 1761 1763 1762
f 1763 1764 1762
f 1765 1767 1766
f 1767 1768 1766
f 1769 1771 1770
f 1771 1772 1770
f 1773 1775 1774
f 1775 1776 1774
f 1777 1779 1778
f 1779 1780 1778
f 1781 1783 1782
f 1783 1784 1782
f 1785 1787 1786
f 1787 1788 1786
f 1789 1791 1790
f 1791 1792 1790
f 1793 1795 1794
f 1795 1796 1794
f 1797 1799 1798
f 1799 1800 1798
f 1801 1803 1802
f 1803 1804 1802
f 1805 1807 1806
f 1807 1808 1806
f 1809 1811 1810
f 1811 1812 1810
f 1813 1815 1814
f 1815 1816 1814
f 1817 1819 1818
f 1819 1820 1818
f 1821 1823 1822
f 1823 1824 1822
f 1825 1827 1826
f 1827 1828 1826
f 1829 1831 1830
f 1831 1832 1830
f 1833 1835 1834
f 1835 1836 1834
f 1837 1839 1838
f 1839 1840 1838
f 1841 1843 1842
f 1843 1844 1842
f 1845 1847 1846
f 1847 1848 1846
f 1849 1851 1850
f 1851 1852 1850
f 1853 1855 1854
f 1855 1856 1854
f 1857 1859 1858
f 1859 1860 1858
f 1861 1863 1862
f 1863 1864 1862
f 1865 1867 1866
f 1867 1868 1866
f 1869 1871 1870
f 1871 1872 1870
f 1873 1875 1874
f 1875 1876 1874
f 1877 1879 1878
f 1879 1880 1878
f 1881 1883 1882
f 1883 1884 1882
f 1885 1887 1886
f 1887 1888 1886
f 1889 1891 1890
f 1891 1892 1890
f 1893 1895 1894
f 1895 1896 1894
f 1897 1899 1898
f 1899 1900 1898
f 1901 1903 1902
f 1903 1904 1902
f 1905 1907 1906
f 1907 1908 1906
f 1909 1911 1910
f 1911 1912 1910
f 1913 1915 1914
f 1915 1916 1914
f 1917 1919 1918
f 1919 1920 1918
f 1921 1923 1922
f 1923 1924 1922
f 1925 1927 1926
f 1927 1928 1926
f 1929 1931 1930
f 1931 1932 1930
f 1933 1935 1934
f 1935 1936 1934
f 1937 1939 1938
f 1939 1940 1938
f 1941 1943 1942
f 1943 1944 1942
f 1945 1947 1946
f 1947 1948 1946
f 1949 1951 1950
f 1951 1952 1950
f 1953 1955 1954
f 1955 1956 1954
f 1957 1959 1958
f 1959 1960 1958
f 1961 1963 1962
f 1963 1964 1962
f 1965 1967 1966
f 1967 1968 1966
f 1969 1971 1970
f 1971 1972 1970
f 1973 1975 1974
f 1975 1976 1974
f 1977 1979 1978
f 1979 1980 1978
f 1981 1983 1982
f 1983 1984 1982
f 1985 1987 1986
f 1987 1988 1986
f 1989 1991 1990
f 1991 1992 1990
f 1993 1995 1994
f 1995 1996 1994
f 1997 1999 1998
f 1999 2000 1998
f 2001 2003 2002
f 2003 2004 2002
f 2005 2007 2006
f 2007 2008 2006
f 2009 2011 2010
f 2011 2012 2010
f 2013 2015 2014
f 2015 2016 2014
f 2017 2019 2018
f 2019 2020 2018
f 2021 2023 2022
f 2023 2024 2022
f 2025 2027 2026
f 2027 2028 2026
f 2029 2031 2030
f 2031 2032 2030
f 2033 2035 2034
f 2035 2036 2034
f 2037 2039 2038
f 2039 2040 2038
f 2041 2043 2042
f 2043 2044 2042
f 2045 2047 2046
f 2047 2048 2046
f 2049 2051 2050
f 2051 2052 2050
f 2053 2055 2054
f 2055 2056 2054
f 2057 2059 2058
f 2059 2060 2058
f 2061 2063 2062
f 2063 2064 2062
f 2065 2067 2066
f 2067 2068 2066
f 2069 2071 2070
f 2071 2072 2070
f 2073 2075 2074
f 2075 2076 2074
f 2077 2079 2078
f 2079 2080 2078
f 2081 2083 2082
f 2083 2084 2082
f 2085 2087 2086
f 2087 2088 2086
f 2089 2091 2090
f 2091 2092 2090
f 2093 2095 2094
f 2095 2096 2094
f 2097 2099 2098
f 2099 2100 2098
f 2101 2103 2102
f 2103 2104 2102
f 2105 2107 2106
f 2107 2108 2106
f 2109 2111 2110
f 2111 2112 2110
f 2113 2115 2114
f 2115 2116 2114
f 2117 2119 2118
f 2119 2120 2118
f 2121 2123 2122
f 2123 2124 2122
f 2125 2127 2126
f 2127 2128 2126
f 2129 2131 2130
f 2131 2132 2130
f 2133 2135 2134
f 2135 2136 2134
f 2137 2139 2138
f 2139 2140 2138
f 2141 2143 2142
f 2143 2144 2142
f 2145 2147 2146
f 2147 2148 2146
f 2149 2151 2150
f 2151 2152 2150
f 2153 2155 2154
f 2155 2156 2154
f 2157 2159 2158
f 2159 2160 2158
f 2161 2163 2162
f 2163 2164 2162
f 2165 2167 2166
f 2167 2168 2166
f 2169 2171 2170
f 2171 2172 2170
f 2173 2175 2174
f 2175 2176 2174
f 2177 2179 2178
f 2179 2180 2178
f 2181 2183 2182
f 2183 2184 2182
f 2185 2187 2186
f 2187 2188 2186
f 2189 2191 2190
f 2191 2192 2190
f 2193 2195 2194
f 2195 2196 2194
f 2197 2199 2198
f 2199 2200 2198
f 2201 2203 2202
f 2203 2204 2202
f 2205 2207 2206
f 2207 2208 2206
f 2209 2211 2210
f 2211 2212 2210
f 2213 2215 2214
f 2215 2216 2214
f 2217 2219 2218
f 2219 2220 2218
f 2221 2223 2222
f 2223 2224 2222
f 2225 2227 2226
f 2227 2228 2226
f 2229 2231 2230
f 2231 2232 2230
f 2233 2235 2234
f 2235 2236 2234
f 2237 2239 2238
f 2239 2240 2238
f 2241 2243 2242
f 2243 2244 2242
f 2245 2247 2246
f 2247 2248 2246
f 2249 2251 2250
f 2251 2252 2250
f 2253 2255 2254
f 2255 2256 2254
f 2257 2259 2258
f 2259 2260 2258
f 2261 2263 2262
f 2263 2264 2262
f 2265 2267 2266
f 2267 2268 2266
f 2269 2271 2270
f 2271 2272 2270
f 2273 2275 2274
f 2275 2276 2274
f 2277 2279 2278
f 2279 2280 2278
f 2281 2283 2282
f 2283 2284 2282
f 2285 2287 2286
f 2287 2288 2286
f 2289 2291 2290
f 2291 2292 2290
f 2293 2295 2294
f 2295 2296 2294
f 2297 2299 2298
f 2299 2300 2298
f 2301 2303 2302
f 2303 2304 2302
f 2305 2307 2306
f 2307 2308 2306
f 2309 2311 2310
f 2311 2312 2310
f 2313 2315 2314
f 2315 2316 2314
f 2317 2319 2318
f 2319 2320 2318
f 2321 2323 2322
f 2323 2324 2322
f 2325 2327 2326
f 2327 2328 2326
f 2329 2331 2330
f 2331 2332 2330
f 2333 2335 2334
f 2335 2336 2334
f 2337 2339 2338
f 2339 2340 2338
f 2341 2343 2342
f 2343 2344 2342
f 2345 2347 2346
f 2347 2348 2346
f 2349 2351 2350
f 2351 2352 2350
f 2353 2355 2354
f 2355 2356 2354
f 2357 2359 2358
f 2359 2360 2358
f 2361 2363 2362
f 2363 2364 2362
f 2365 2367 2366
f 2367 2368 2366
f 2369 2371 2370
f 2371 2372 2370
f 2373 2375 2374
f 2375 2376 2374
f 2377 2379 2378
f 2379 2380 2378
f 2381 2383 2382
f 2383 2384 2382
f 2385 2387 2386
f 2387 2388 2386
f 2389 2391 2390
f 2391 2392 2390
f 2393 2395 2394
f 2395 2396 2394
f 2397 2399 2398
f 2399 2400 2398
f 2401 2403 2402
f 2403 2404 2402
f 2405 2407 2406
f 2407 2408 2406
f 2409 2411 2410
f 2411 2412 2410
f 2413 2415 2414
f 2415 2416 2414
f 2417 2419 2418
f 2419 2420 2418
f 2421 2423 2422
f 2423 2424 2422
f 2425 2427 2426
f 2427 2428 2426
f 2429 2431 2430
f 2431 2432 2430
f 2433 2435 2434
f 2435 2436 2434
f 2437 2439 2438
f 2439 2440 2438
f 2441 2443 2442
f 2443 2444 2442
f 2445 2447 2446
f 2447 2448 2446
f 2449 2451 2450
f 2451 2452 2450
f 2453 2455 2454
f 2455 2456 2454
f 2457 2459 2458
f 2459 2460 2458
f 2461 2463 2462
f 2463 2464 2462
f 2465 2467 2466
f 2467 2468 2466
f 2469 2471 2470
f 2471 2472 2470
f 2473 2475 2474
f 2475 2476 2474
f 2477 2479 2478
f 2479 2480 2478
f 2481 2483 2482
f 2483 2484 2482
f 2485 2487 2486
f 2487 2488 2486
f 2489 2491 2490
f 2491 2492 2490
f 2493 2495 2494
f 2495 2496 2494
f 2497 2499 2498
f 2499 2500 2498
f 2501 2503 2502
f 2503 2504 2502
f 2505 2507 2506
f 2507 2508 2506
f 2509 2511 2510
f 2511 2512 2510
f 2513 2515 2514
f 2515 2516 2514
f 2517 2519 2518
f 2519 2520 2518
f 2521 2523 2522
f 2523 2524 2522
f 2525 2527 2526
f 2527 2528 2526
f 2529 2531 2530
f 2531 2532 2530
f 2533 2535 2534
f 2535 2536 2534
f 2537 2539 2538
f 2539 2540 2538
f 2541 2543 2542
f 2543 2544 2542
f 2545 2547 2546
f 2547 2548 2546
f 2549 2551 2550
f 2551 2552 2550
f 2553 2555 2554
f 2555 2556 2554
f 2557 2559 2558
f 2559 2560 2558
f 2561 2563 2562
f 2563 2564 2562
f 2565 2567 2566
f 2567 2568 2566
f 2569 2571 2570
f 2571 2572 2570
f 2573 2575 2574
f 2575 2576 2574
f 2577 2579 2578
f 2579 2580 2578
f 2581 2583 2582
f 2583 2584 2582
f 2585 2587 2586
f 2587 2588 2586
f 2589 2591 2590
f 2591 2592 2590
f 2593 2595 2594
f 2595 2596 2594
f 2597 2599 2598
f 2599 2600 2598
f 2601 2603 2602
f 2603 2604 2602
f 2605 2607 2606
f 2607 2608 2606
f 2609 2611 2610
f 2611 2612 2610
f 2613 2615 2614
f 2615 2616 2614
f 2617 2619 2618
f 2619 2620 2618
f 2621 2623 2622
f 2623 2624 2622
f 2625 2627 2626
f 2627 2628 2626
f 2629 2631 2630
f 2631 2632 2630
f 2633 2635 2634
f 2635 2636 2634
f 2637 2639 2638
f 2639 2640 2638
f 2641 2643 2642
f 2643 2644 2642
f 2645 2647 2646
f 2647 2648 2646
f 2649 2651 2650
f 2651 2652 2650
f 2653 2655 2654
f 2655 2656 2654
f 2657 2659 2658
f 2659 2660 2658
f 2661 2663 2662
f 2663 2664 2662
f 2665 2667 2666
f 2667 2668 2666
f 2669 2671 2670
f 2671 2672 2670
f 2673 2675 2674
f 2675 2676 2674
f 2677 2679 2678
f 2679 2680 2678
f 2681 2683 2682
f 2683 2684 2682
f 2685 2687 2686
f 2687 2688 2686
f 2689 2691 2690
f 2691 2692 2690
f 2693 2695 2694
f 2695 2696 2694
f 2697 2699 2698
f 2699 2700 2698
f 2701 2703 2702
f 2703 2704 2702
f 2705 2707 2706
f 2707 2708 2706
f 2709 2711 2710
f 2711 2712 2710
f 2713 2715 2714
f 2715 2716 2714
f 2717 2719 2718
f 2719 2720 2718
f 2721 2723 2722
f 2723 2724 2722
f 2725 2727 2726
f 2727 2728 2726
f 2729 2731 2730
f 2731 2732 2730
f 2733 2735 2734
f 2735 2736 2734
f 2737 2739 2738
f 2739 2740 2738
f 2741 2743 2742
f 2743 2744 2742
f 2745 2747 2746
f 2747 2748 2746
f 2749 2751 2750
f 2751 2752 2750
f 2753 2755 2754
f 2755 2756 2754
f 2757 2759 2758
f 2759 2760 2758
f 2761 2763 2762
f 2763 2764 2762
f 2765 2767 2766
f 2767 2768 2766
f 2769 2771 2770
f 2771 2772 2770
f 2773 2775 2774
f 2775 2776 2774
f 2777 2779 2778
f 2779 2780 2778
f 2781 2783 2782
f 2783 2784 2782
f 2785 2787 2786
f 2787 2788 2786
f 2789 2791 2790
f 2791 2792 2790
f 2793 2795 2794
f 2795 2796 2794
f 2797 2799 2798
f 2799 2800 2798
f 2801 2803 2802
f 2803 2804 2802
f 2805 2807 2806
f 2807 2808 2806
f 2809 2811 2810
f 2811 2812 2810
f 2813 2815 2814
f 2815 2816 2814
f 2817 2819 2818
f 2819 2820 2818
f 2821 2823 2822
f 2823 2824 2822
f 2825 2827 2826
f 2827 2828 2826
f 2829 2831 2830
f 2831 2832 2830
f 2833 2835 2834
f 2835 2836 2834
f 2837 2839 2838
f 2839 2840 2838
f 2841 2843 2842
f 2843 2844 2842
f 2845 2847 2846
f 2847 2848 2846
f 2849 2851 2850
f 2851 2852 2850
f 2853 2855 2854
f 2855 2856 2854
f 2857 2859 2858
f 2859 2860 2858
f 2861 2863 2862
f 2863 2864 2862
f 2865 2867 2866
f 2867 2868 2866
f 2869 2871 2870
f 2871 2872 2870
f 2873 2875 2874
f 2875 2876 2874
f 2877 2879 2878
f 2879 2880 2878
f 2881 2883 2882
f 2883 2884 2882
f 2885 2887 2886
f 2887 2888 2886
f 2889 2891 2890
f 2891 2892 2890
f 2893 2895 2894
f 2895 2896 2894
f 2897 2899 2898
f 2899 2900 2898
f 2901 2903 2902
f 2903 2904 2902
f 2905 2907 2906
f 2907 2908 2906
f 2909 2911 2910
f 2911 2912 2910
f 2913 2915 2914
f 2915 2916 2914
f 2917 2919 2918
f 2919 2920 2918
f 2921 2923 2922
f 2923 2924 2922
f 2925 2927 2926
f 2927 2928 2926
f 2929 2931 2930
f 2931 2932 2930
f 2933 2935 2934
f 2935 2936 2934
f 2937 2939 2938
f 2939 2940 2938
f 2941 2943 2942
f 2943 2944 2942
f 2945 2947 2946
f 2947 2948 2946
f 2949 2951 2950
f 2951 2952 2950
f 2953 2955 2954
f 2955 2956 2954
f 2957 2959 2958
f 2959 2960 2958
f 2961 2963 2962
f 2963 2964 2962
f 2965 2967 2966
f 2967 2968 2966
f 2969 2971 2970
f 2971 2972 2970
f 2973 2975 2974
f 2975 2976 2974
f 2977 2979 2978
f 2979 2980 2978
f 2981 2983 2982
f 2983 2984 2982
f 2985 2987 2986
f 2987 2988 2986
f 2989 2991 2990
f 2991 2992 2990
f 2993 2995 2994
f 2995 2996 2994
f 2997 2999 2998
f 2999 3000 2998
f 3001 3003 3002
f 3003 3004 3002
f 3005 3007 3006
f 3007 3008 3006
f 3009 3011 3010
f 3011 3012 3010
f 3013 3015 3014
f 3015 3016 3014
f 3017 3019 3018
f 3019 3020 3018
f 3021 3023 3022
f 3023 3024 3022
f 3025 3027 3026
f 3027 3028 3026
f 3029 3031 3030
f 3031 3032 3030
f 3033 3035 3034
f 3035 3036 3034
f 3037 3039 3038
f 3039 3040 3038
f 3041 3043 3042
f 3043 3044 3042
f 3045 3047 3046
f 3047 3048 3046
f 3049 3051 3050
f 3051 3052 3050
f 3053 3055 3054
f 3055 3056 3054
f 3057 3059 3058
f 3059 3060 3058
f 3061 3063 3062
f 3063 3064 3062
f 3065 3067 3066
f 3067 3068 3066
f 3069 3071 3070
f 3071 3072 3070
f 3073 3075 3074
f 3075 3076 3074
f 3077 3079 3078
f 3079 3080 3078
f 3081 3083 3082
f 3083 3084 3082
f 3085 3087 3086
f 3087 3088 3086
f 3089 3091 3090
f 3091 3092 3090
f 3093 3095 3094
f 3095 3096 3094
f 3097 3099 3098
f 3099 3100 3098
f 3101 3103 3102
f 3103 3104 3102
f 3105 3107 3106
f 3107 3108 3106
f 3109 3111 3110
f 3111 3112 3110
f 3113 3115 3114
f 3115 3116 3114
f 3117 3119 3118
f 3119 3120 3118
f 3121 3123 3122
f 3123 3124 3122
f 3125 3127 3126
f 3127 3128 3126
f 3129 3131 3130
f 3131 3132 3130
f 3133 3135 3134
f 3135 3136 3134
f 3137 3139 3138
f 3139 3140 3138
f 3141 3143 3142
f 3143 3144 3142
f 3145 3147 3146
f 3147 3148 3146
f 3149 3151 3150
f 3151 3152 3150
f 3153 3155 3154
f 3155 3156 3154
f 3157 3159 3158
f 3159 3160 3158
f 3161 3163 3162
f 3163 3164 3162
f 3165 3167 3166
f 3167 3168 3166
f 3169 3171 3170
f 3171 3172 3170
f 3173 3175 3174
f 3175 3176 3174
f 3177 3179 3178
f 3179 3180 3178
f 3181 3183 3182
f 3183 3184 3182
f 3185 3187 3186
f 3187 3188 3186
f 3189 3191 3190
f 3191 3192 3190
f 3193 3195 3194
f 3195 3196 3194
f 3197 3199 3198
f 3199 3200 3198
f 3201 3203 3202
f 3203 3204 3202
f 3205 3207 3206
f 3207 3208 3206
f 3209 3211 3210
f 3211 3212 3210
f 3213 3215 3214
f 3215 3216 3214
f 3217 3219 3218
f 3219 3220 3218
f 3221 3223 3222
f 3223 3224 3222
f 3225 3227 3226
f 3227 3228 3226
f 3229 3231 3230
f 3231 3232 3230
f 3233 3235 3234
f 3235 3236 3234
f 3237 3239 3238
f 3239 3240 3238
f 3241 3243 3242
f 3243 3244 3242
f 3245 3247 3246
f 3247 3248 3246
f 3249 3251 3250
f 3251 3252 3250
f 3253 3255 3254
f 3255 3256 3254
f 3257 3259 3258
f 3259 3260 3258
f 3261 3263 3262
f 3263 3264 3262
f 3265 3267 3266
f 3267 3268 3266
f 3269 3271 3270
f 3271 3272 3270
f 3273 3275 3274
f 3275 3276 3274
f 3277 3279 3278
f 3279 3280 3278
f 3281 3283 3282
f 3283 3284 3282
f 3285 3287 3286
f 3287 3288 3286
f 3289 3291 3290
f 3291 3292 3290
f 3293 3295 3294
f 3295 3296 3294
f 3297 3299 3298
f 3299 3300 3298
f 3301 3303 3302
f 3303 3304 3302
f 3305 3307 3306
f 3307 3308 3306
f 3309 3311 3310
f 3311 3312 3310
f 3313 3315 3314
f 3315 3316 3314
f 3317 3319 3318
f 3319 3320 3318
f 3321 3323 3322
f 3323 3324 3322
f 3325 3327 3326
f 3327 3328 3326
f 3329 3331 3330
f 3331 3332 3330
f 3333 3335 3334
f 3335 3336 3334
f 3337 3339 3338
f 3339 3340 3338
f 3341 3343 3342
f 3343 3344 3342
f 3345 3347 3346
f 3347 3348 3346
f 3349 3351 3350
f 3351 3352 3350
f 3353 3355 3354
f 3355 3356 3354
f 3357 3359 3358
f 3359 3360 3358
f 3361 3363 3362
f 3363 3364 3362
f 3365 3367 3366
f 3367 3368 3366
f 3369 3371 3370
f 3371 3372 3370
f 3373 3375 3374
f 3375 3376 3374
f 3377 3379 3378
f 3379 3380 3378
f 3381 3383 3382
f 3383 3384 3382
f 3385 3387 3386
f 3387 3388 3386
f 3389 3391 3390
f 3391 3392 3390
f 3393 3395 3394
f 3395 3396 3394
f 3397 3399 3398
f 3399 3400 3398
f 3401 3403 3402
f 3403 3404 3402
f 3405 3407 3406
f 3407 3408 3406
f 3409 3411 3410
f 3411 3412 3410
f 3413 3415 3414
f 3415 3416 3414
f 3417 3419 3418
f 3419 3420 3418
f 3421 3423 3422
f 3423 3424 3422
f 3425 3427 3426
f 3427 3428 3426
f 3429 3431 3430
f 3431 3432 3430
f 3433 3435 3434
f 3435 3436 3434
f 3437 3439 3438
f 3439 3440 3438
f 3441 3443 3442
f 3443 3444 3442
f 3445 3447 3446
f 3447 3448 3446
f 3449 3451 3450
f 3451 3452 3450
f 3453 3455 3454
f 3455 3456 3454
f 3457 3459 3458
f 3459 3460 3458
f 3461 3463 3462
f 3463 3464 3462
f 3465 3467 3466
f 3467 3468 3466
f 3469 3471 3470
f 3471 3472 3470
f 3473 3475 3474
f 3475 3476 3474
f 3477 3479 3478
f 3479 3480 3478
f 3481 3483 3482
f 3483 3484 3482
f 3485 3487 3486
f 3487 3488 3486
f 3489 3491 3490
f 3491 3492 3490
f 3493 3495 3494
f 3495 3496 3494
f 3497 3499 3498
f 3499 3500 3498
f 3501 3503 3502
f 3503 3504 3502
f 3505 3507 3506
f 3507 3508 3506
f 3509 3511 3510
f 3511 3512 3510
f 3513 3515 3514
f 3515 3516 3514
f 3517 3519 3518
f 3519 3520 3518
f 3521 3523 3522
f 3523 3524 3522
f 3525 3527 3526
f 3527 3528 3526
f 3529 3531 3530
f 3531 3532 3530
f 3533 3535 3534
f 3535 3536 3534
f 3537 3539 3538
f 3539 3540 3538
f 3541 3543 3542
f 3543 3544 3542
f 3545 3547 3546
f 3547 3548 3546
f 3549 3551 3550
f 3551 3552 3550
f 3553 3555 3554
f 3555 3556 3554
f 3557 3559 3558
f 3559 3560 3558
f 3561 3563 3562
f 3563 3564 3562
f 3565 3567 3566
f 3567 3568 3566
f 3569 3571 3570
f 3571 3572 3570
f 3573 3575 3574
f 3575 3576 3574
f 3577 3579 3578
f 3579 3580 3578
f 3581 3583 3582
f 3583 3584 3582
f 3585 3587 3586
f 3587 3588 3586
f 3589 3591 3590
f 3591 3592 3590
f 3593 3595 3594
f 3595 3596 3594
f 3597 3599 3598
f 3599 3600 3598
f 3601 3603 3602
f 3603 3604 3602
f 3605 3607 3606
f 3607 3608 3606
f 3609 3611 3610
f 3611 3612 3610
f 3613 3615 3614
f 3615 3616 3614
f 3617 3619 3618
f 3619 3620 3618
f 3621 3623 3622
f 3623 3624 3622
f 3625 3627 3626
f 3627 3628 3626
f 3629 3631 3630
f 3631 3632 3630
f 3633 3635 3634
f 3635 3636 3634
f 3637 3639 3638
f 3639 3640 3638
f 3641 3643 3642
f 3643 3644 3642
f 3645 3647 3646
f 3647 3648 3646
f 3649 3651 3650
f 3651 3652 3650
f 3653 3655 3654
f 3655 3656 3654
f 3657 3659 3658
f 3659 3660 3658
f 3661 3663 3662
f 3663 3664 3662
f 3665 3667 3666
f 3667 3668 3666
f 3669 3671 3670
f 3671 3672 3670
f 3673 3675 3674
f 3675 3676 3674
f 3677 3679 3678
f 3679 3680 3678
f 3681 3683 3682
f 3683 3684 3682
f 3685 3687 3686
f 3687 3688 3686
f 3689 3691 3690
f 3691 3692 3690
f 3693 3695 3694
f 3695 3696 3694
f 3697 3699 3698
f 3699 3700 3698
f 3701 3703 3702
f 3703 3704 3702
f 3705 3707 3706
f 3707 3708 3706
f 3709 3711 3710
f 3711 3712 3710
f 3713 3715 3714
f 3715 3716 3714
f 3717 3719 3718
f 3719 3720 3718
f 3721 3723 3722
f 3723 3724 3722
f 3725 3727 3726
f 3727 3728 3726
f 3729 3731 3730
f 3731 3732 3730
f 3733 3735 3734
f 3735 3736 3734
f 3737 3739 3738
f 3739 3740 3738
f 3741 3743 3742
f 3743 3744 3742
f 3745 3747 3746
f 3747 3748 3746
f 3749 3751 3750
f 3751 3752 3750
f 3753 3755 3754
f 3755 3756 3754
f 3757 3759 3758
f 3759 3760 3758
f 3761 3763 3762
f 3763 3764 3762
f 3765 3767 3766
f 3767 3768 3766
f 3769 3771 3770
f 3771 3772 3770
f 3773 3775 3774
f 3775 3776 3774
f 3777 3779 3778
f 3779 3780 3778
f 3781 3783 3782
f 3783 3784 3782
f 3785 3787 3786
f 3787 3788 3786
f 3789 3791 3790
f 3791 3792 3790
f 3793 3795 3794
f 3795 3796 3794
f 3797 3799 3798
f 3799 3800 3798
f 3801 3803 3802
f 3803 3804 3802
f 3805 3807 3806
f 3807 3808 3806
f 3809 3811 3810
f 3811 3812 3810
f 3813 3815 3814
f 3815 3816 3814
f 3817 3819 3818
f 3819 3820 3818
f 3821 3823 3822
f 3823 3824 3822
f 3825 3827 3826
f 3827 3828 3826
f 3829 3831 3830
f 3831 3832 3830
f 3833 3835 3834
f 3835 3836 3834
f 3837 3839 3838
f 3839 3840 3838
f 3841 3843 3842
f 3843 3844 3842
f 3845 3847 3846
f 3847 3848 3846
f 3849 3851 3850
f 3851 3852 3850
f 3853 3855 3854
f 3855 3856 3854
f 3857 3859 3858
f 3859 3860 3858
f 3861 3863 3862
f 3863 3864 3862
f 3865 3867 3866
f 3867 3868 3866
f 3869 3871 3870
f 3871 3872 3870
f 3873 3875 3874
f 3875 3876 3874
f 3877 3879 3878
f 3879 3880 3878
f 3881 3883 3882
f 3883 3884 3882
f 3885 3887 3886
f 3887 3888 3886
f 3889 3891 3890
f 3891 3892 3890
f 3893 3895 3894
f 3895 3896 3894
f 3897 3899 3898
f 3899 3900 3898
f 3901 3903 3902
f 3903 3904 3902
f 3905 3907 3906
f 3907 3908 3906
f 3909 3911 3910
f 3911 3912 3910
f 3913 3915 3914
f 3915 3916 3914
f 3917 3919 3918
f 3919 3920 3918
f 3921 3923 3922
f 3923 3924 3922
f 3925 3927 3926
f 3927 3928 3926
f 3929 3931 3930
f 3931 3932 3930
f 3933 3935 3934
f 3935 3936 3934
f 3937 3939 3938
f 3939 3940 3938
f 3941 3943 3942
f 3943 3944 3942
f 3945 3947 3946
f 3947 3948 3946
f 3949 3951 3950
f 3951 3952 3950
f 3953 3955 3954
f 3955 3956 3954
f 3957 3959 3958
f 3959 3960 3958
f 3961 3963 3962
f 3963 3964 3962
f 3965 3967 3966
f 3967 3968 3966
f 3969 3971 3970
f 3971 3972 3970
f 3973 3975 3974
f 3975 3976 3974
f 3977 3979 3978
f 3979 3980 3978
f 3981 3983 3982
f 3983 3984 3982
f 3985 3987 3986
f 3987 3988 3986
f 3989 3991 3990
f 3991 3992 3990
f 3993 3995 3994
f 3995 3996 3994
f 3997 3999 3998
f 3999 4000 3998
f 4001 4003 4002
f 4003 4004 4002
f 4005 4007 4006
f 4007 4008 4006
f 4009 4011 4010
f 4011 4012 4010
f 4013 4015 4014
f 4015 4016 4014
f 4017 4019 4018
f 4019 4020 4018
f 4021 4023 4022
f 4023 4024 4022
f 4025 4027 4026
f 4027 4028 4026
f 4029 4031 4030
f 4031 4032 4030
f 4033 4035 4034
f 4035 4036 4034
f 4037 4039 4038
f 4039 4040 4038
f 4041 4043 4042
f 4043 4044 4042
f 4045 4047 4046
f 4047 4048 4046
f 4049 4051 4050
f 4051 4052 4050
f 4053 4055 4054
f 4055 4056 4054
f 4057 4059 4058
f 4059 4060 4058
f 4061 4063 4062
f 4063 4064 4062
f 4065 4067 4066
f 4067 4068 4066
f 4069 4071 4070
f 4071 4072 4070
f 4073 4075 4074
f 4075 4076 4074
f 4077 4079 4078
f 4079 4080 4078
f 4081 4083 4082
f 4083 4084 4082
f 4085 4087 4086
f 4087 4088 4086
f 4089 4091 4090
f 4091 4092 4090
f 4093 4095 4094
f 4095 4096 4094
f 4097 4099 4098
f 4099 4100 4098
f 4101 4103 4102
f 4103 4104 4102
f 4105 4107 4106
f 4107 4108 4106
f 4109 4111 4110
f 4111 4112 4110
f 4113 4115 4114
f 4115 4116 4114
f 4117 4119 4118
f 4119 4120 4118
f 4121 4123 4122
f 4123 4124 4122
f 4125 4127 4126
f 4127 4128 4126
f 4129 4131 4130
f 4131 4132 4130
f 4133 4135 4134
f 4135 4136 4134
f 4137 4139 4138
f 4139 4140 4138
f 4141 4143 4142
f 4143 4144 4142
f 4145 4147 4146
f 4147 4148 4146
f 4149 4151 4150
f 4151 4152 4150
f 4153 4155 4154
f 4155 4156 4154
f 4157 4159 4158
f 4159 4160 4158
f 4161 4163 4162
f 4163 4164 4162
f 4165 4167 4166
f 4167 4168 4166
f 4169 4171 4170
f 4171 4172 4170
f 4173 4175 4174
f 4175 4176 4174
f 4177 4179 4178
f 4179 4180 4178
f 4181 4183 4182
f 4183 4184 4182
f 4185 4187 4186
f 4187 4188 4186
f 4189 4191 4190
f 4191 4192 4190
f 4193 4195 4194
f 4195 4196 4194
f 4197 4199 4198
f 4199 4200 4198
f 4201 4203 4202
f 4203 4204 4202
f 4205 4207 4206
f 4207 4208 4206
f 4209 4211 4210
f 4211 4212 4210
f 4213 4215 4214
f 4215 4216 4214
f 4217 4219 4218
f 4219 4220 4218
f 4221 4223 4222
f 4223 4224 4222
f 4225 4227 4226
f 4227 4228 4226
f 4229 4231 4230
f 4231 4232 4230
f 4233 4235 4234
f 4235 4236 4234
f 4237 4239 4238
f 4239 4240 4238
f 4241 4243 4242
f 4243 4244 4242
f 4245 4247 4246
f 4247 4248 4246
f 4249 4251 4250
f 4251 4252 4250
f 4253 4255 4254
f 4255 4256 4254
f 4257 4259 4258
f 4259 4260 4258
f 4261 4263 4262
f 4263 4264 4262
f 4265 4267 4266
f 4267 4268 4266
f 4269 4271 4270
f 4271 4272 4270
f 4273 4275 4274
f 4275 4276 4274
f 4277 4279 4278
f 4279 4280 4278
f 4281 4283 4282
f 4283 4284 4282
f 4285 4287 4286
f 4287 4288 4286
f 4289 4291 4290
f 4291 4292 4290
f 4293 4295 4294
f 4295 4296 4294
f 4297 4299 4298
f 4299 4300 4298
f 4301 4303 4302
f 4303 4304 4302
f 4305 4307 4306
f 4307 4308 4306
f 4309 4311 4310
f 4311 4312 4310
f 4313 4315 4314
f 4315 4316 4314
f 4317 4319 4318
f 4319 4320 4318
f 4321 4323 4322
f 4323 4324 4322
f 4325 4327 4326
f 4327 4328 4326
f 4329 4331 4330
f 4331 4332 4330
f 4333 4335 4334
f 4335 4336 4334
f 4337 4339 4338
f 4339 4340 4338
f 4341 4343 4342
f 4343 4344 4342
f 4345 4347 4346
f 4347 4348 4346
f 4349 4351 4350
f 4351 4352 4350
f 4353 4355 4354
f 4355 4356 4354
f 4357 4359 4358
f 4359 4360 4358
f 4361 4363 4362
f 4363 4364 4362
f 4365 4367 4366
f 4367 4368 4366
f 4369 4371 4370
f 4371 4372 4370
f 4373 4375 4374
f 4375 4376 4374
f 4377 4379 4378
f 4379 4380 4378
f 4381 4383 4382
f 4383 4384 4382
f 4385 4387 4386
f 4387 4388 4386
f 4389 4391 4390
f 4391 4392 4390
f 4393 4395 4394
f 4395 4396 4394
f 4397 4399 4398
f 4399 4400 4398
f 4401 4403 4402
f 4403 4404 4402
f 4405 4407 4406
f 4407 4408 4406
f 4409 4411 4410
f 4411 4412 4410
f 4413 4415 4414
f 4415 4416 4414
f 4417 4419 4418
f 4419 4420 4418
f 4421 4423 4422
f 4423 4424 4422
f 4425 4427 4426
f 4427 4428 4426
f 4429 4431 4430
f 4431 4432 4430
f 4433 4435 4434
f 4435 4436 4434
f 4437 4439 4438
f 4439 4440 4438
f 4441 4443 4442
f 4443 4444 4442
f 4445 4447 4446
f 4447 4448 4446
f 4449 4451 4450
f 4451 4452 4450
f 4453 4455 4454
f 4455 4456 4454
f 4457 4459 4458
f 4459 4460 4458
f 4461 4463 4462
f 4463 4464 4462
f 4465 4467 4466
f 4467 4468 4466
f 4469 4471 4470
f 4471 4472 4470
f 4473 4475 4474
f 4475 4476 4474
f 4477 4479 4478
f 4479 4480 4478
f 4481 4483 4482
f 4483 4484 4482
f 4485 4487 4486
f 4487 4488 4486
f 4489 4491 4490
f 4491 4492 4490
f 4493 4495 4494
f 4495 4496 4494
f 4497 4499 4498
f 4499 4500 4498
f 4501 4503 4502
f 4503 4504 4502
f 4505 4507 4506
f 4507 4508 4506
f 4509 4511 4510
f 4511 4512 4510
f 4513 4515 4514
f 4515 4516 4514
f 4517 4519 4518
f 4519 4520 4518
f 4521 4523 4522
f 4523 4524 4522
f 4525 4527 4526
f 4527 4528 4526
f 4529 4531 4530
f 4531 4532 4530
f 4533 4535 4534
f 4535 4536 4534
f 4537 4539 4538
f 4539 4540 4538
f 4541 4543 4542
f 4543 4544 4542
f 4545 4547 4546
f 4547 4548 4546
f 4549 4551 4550
f 4551 4552 4550
f 4553 4555 4554
f 4555 4556 4554
f 4557 4559 4558
f 4559 4560 4558
f 4561 4563 4562
f 4563 4564 4562
f 4565 4567 4566
f 4567 4568 4566
f 4569 4571 4570
f 4571 4572 4570
f 4573 4575 4574
f 4575 4576 4574
f 4577 4579 4578
f 4579 4580 4578
f 4581 4583 4582
f 4583 4584 4582
f 4585 4587 4586
f 4587 4588 4586
f 4589 4591 4590
f 4591 4592 4590
f 4593 4595 4594
f 4595 4596 4594
f 4597 4599 4598
f 4599 4600 4598
f 4601 4603 4602
f 4603 4604 4602
f 4605 4607 4606
f 4607 4608 4606
f 4609 4611 4610
f 4611 4612 4610
f 4613 4615 4614
f 4615 4616 4614
f 4617 4619 4618
f 4619 4620 4618
f 4621 4623 4622
f 4623 4624 4622
f 4625 4627 4626
f 4627 4628 4626
f 4629 4631 4630
f 4631 4632 4630
f 4633 4635 4634
f 4635 4636 4634
f 4637 4639 4638
f 4639 4640 4638
f 4641 4643 4642
f 4643 4644 4642
f 4645 4647 4646
f 4647 4648 4646
f 4649 4651 4650
f 4651 4652 4650
f 4653 4655 4654
f 4655 4656 4654
f 4657 4659 4658
f 4659 4660 4658
f 4661 4663 4662
f 4663 4664 4662
f 4665 4667 4666
f 4667 4668 4666
f 4669 4671 4670
f 4671 4672 4670
f 4673 4675 4674
f 4675 4676 4674
f 4677 4679 4678
f 4679 4680 4678
f 4681 4683 4682
f 4683 4684 4682
f 4685 4687 4686
f 4687 4688 4686
f 4689 4691 4690
f 4691 4692 4690
f 4693 4695 4694
f 4695 4696 4694
f 4697 4699 4698
f 4699 4700 4698
f 4701 4703 4702
f 4703 4704 4702
f 4705 4707 4706
f 4707 4708 4706
f 4709 4711 4710
f 4711 4712 4710
f 4713 4715 4714
f 4715 4716 4714
f 4717 4719 4718
f 4719 4720 4718
f 4721 4723 4722
f 4723 4724 4722
f 4725 4727 4726
f 4727 4728 4726
f 4729 4731 4730
f 4731 4732 4730
f 4733 4735 4734
f 4735 4736 4734
f 4737 4739 4738
f 4739 4740 4738
f 4741 4743 4742
f 4743 4744 4742
f 4745 4747 4746
f 4747 4748 4746
f 4749 4751 4750
f 4751 4752 4750
f 4753 4755 4754
f 4755 4756 4754
f 4757 4759 4758
f 4759 4760 4758
f 4761 4763 4762
f 4763 4764 4762
f 4765 4767 4766
f 4767 4768 4766
f 4769 4771 4770
f 4771 4772 4770
f 4773 4775 4774
f 4775 4776 4774
f 4777 4779 4778
f 4779 4780 4778
f 4781 4783 4782
f 4783 4784 4782
f 4785 4787 4786
f 4787 4788 4786
f 4789 4791 4790
f 4791 4792 4790
f 4793 4795 4794
f 4795 4796 4794
f 4797 4799 4798
f 4799 4800 4798
f 4801 4803 4802
f 4803 4804 4802
f 4805 4807 4806
f 4807 4808 4806
f 4809 4811 4810
f 4811 4812 4810
f 4813 4815 4814
f 4815 4816 4814
f 4817 4819 4818
f 4819 4820 4818
f 4821 4823 4822
f 4823 4824 4822
f 4825 4827 4826
f 4827 4828 4826
f 4829 4831 4830
f 4831 4832 4830
f 4833 4835 4834
f 4835 4836 4834
f 4837 4839 4838
f 4839 4840 4838
f 4841 4843 4842
f 4843 4844 4842
f 4845 4847 4846
f 4847 4848 4846
f 4849 4851 4850
f 4851 4852 4850
f 4853 4855 4854
f 4855 4856 4854
f 4857 4859 4858
f 4859 4860 4858
f 4861 4863 4862
f 4863 4864 4862
f 4865 4867 4866
f 4867 4868 4866
f 4869 4871 4870
f 4871 4872 4870
f 4873 4875 4874
f 4875 4876 4874
f 4877 4879 4878
f 4879 4880 4878
f 4881 4883 4882
f 4883 4884 4882
f 4885 4887 4886
f 4887 4888 4886
f 4889 4891 4890
f 4891 4892 4890
f 4893 4895 4894
f 4895 4896 4894
f 4897 4899 4898
f 4899 4900 4898
f 4901 4903 4902
f 4903 4904 4902
f 4905 4907 4906
f 4907 4908 4906
f 4909 4911 4910
f 4911 4912 4910
f 4913 4915 4914
f 4915 4916 4914
f 4917 4919 4918
f 4919 4920 4918
f 4921 4923 4922
f 4923 4924 4922
f 4925 4927 4926
f 4927 4928 4926
f 4929 4931 4930
f 4931 4932 4930
f 4933 4935 4934
f 4935 4936 4934
f 4937 4939 4938
f 4939 4940 4938
f 4941 4943 4942
f 4943 4944 4942
f 4945 4947 4946
f 4947 4948 4946
f 4949 4951 4950
f 4951 4952 4950
f 4953 4955 4954
f 4955 4956 4954
f 4957 4959 4958
f 4959 4960 4958
f 4961 4963 4962
f 4963 4964 4962
f 4965 4967 4966
f 4967 4968 4966
f 4969 4971 4970
f 4971 4972 4970
f 4973 4975 4974
f 4975 4976 4974
f 4977 4979 4978
f 4979 4980 4978
f 4981 4983 4982
f 4983 4984 4982
f 4985 4987 4986
f 4987 4988 4986
f 4989 4991 4990
f 4991 4992 4990
f 4993 4995 4994
f 4995 4996 4994
f 4997 4999 4998
f 4999 5000 4998
f 5001 5003 5002
f 5003 5004 5002
f 5005 5007 5006
f 5007 5008 5006
f 5009 5011 5010
f 5011 5012 5010
f 5013 5015 5014
f 5015 5016 5014
f 5017 5019 5018
f 5019 5020 5018
f 5021 5023 5022
f 5023 5024 5022
f 5025 5027 5026
f 5027 5028 5026
f 5029 5031 5030
f 5031 5032 5030
f 5033 5035 5034
f 5035 5036 5034
f 5037 5039 5038
f 5039 5040 5038
f 5041 5043 5042
f 5043 5044 5042
f 5045 5047 5046
f 5047 5048 5046
f 5049 5051 5050
f 5051 5052 5050
f 5053 5055 5054
f 5055 5056 5054
f 5057 5059 5058
f 5059 5060 5058
f 5061 5063 5062
f 5063 5064 5062
f 5065 5067 5066
f 5067 5068 5066
f 5069 5071 5070
f 5071 5072 5070
f 5073 5075 5074
f 5075 5076 5074
f 5077 5079 5078
f 5079 5080 5078
f 5081 5083 5082
f 5083 5084 5082
f 5085 5087 5086
f 5087 5088 5086
f 5089 5091 5090
f 5091 5092 5090
f 5093 5095 5094
f 5095 5096 5094
f 5097 5099 5098
f 5099 5100 5098
f 5101 5103 5102
f 5103 5104 5102
f 5105 5107 5106
f 5107 5108 5106
f 5109 5111 5110
f 5111 5112 5110
f 5113 5115 5114
f 5115 5116 5114
f 5117 5119 5118
f 5119 5120 5118
f 5121 5123 5122
f 5123 5124 5122
f 5125 5127 5126
f 5127 5128 5126
f 5129 5131 5130
f 5131 5132 5130
f 5133 5135 5134
f 5135 5136 5134
f 5137 5139 5138
f 5139 5140 5138
f 5141 5143 5142
f 5143 5144 5142
f 5145 5147 5146
f 5147 5148 5146
f 5149 5151 5150
f 5151 5152 5150
f 5153 5155 5154
f 5155 5156 5154
f 5157 5159 5158
f 5159 5160 5158
f 5161 5163 5162
f 5163 5164 5162
f 5165 5167 5166
f 5167 5168 5166
f 5169 5171 5170
f 5171 5172 5170
f 5173 5175 5174
f 5175 5176 5174
f 5177 5179 5178
f 5179 5180 5178
f 5181 5183 5182
f 5183 5184 5182
f 5185 5187 5186
f 5187 5188 5186
f 5189 5191 5190
f 5191 5192 5190
f 5193 5195 5194
f 5195 5196 5194
f 5197 5199 5198
f 5199 5200 5198
f 5201 5203 5202
f 5203 5204 5202
f 5205 5207 5206
f 5207 5208 5206
f 5209 5211 5210
f 5211 5212 5210
f 5213 5215 5214
f 5215 5216 5214
f 5217 5219 5218
f 5219 5220 5218
f 5221 5223 5222
f 5223 5224 5222
f 5225 5227 5226
f 5227 5228 5226
f 5229 5231 5230
f 5231 5232 5230
f 5233 5235 5234
f 5235 5236 5234
f 5237 5239 5238
f 5239 5240 5238
f 5241 5243 5242
f 5243 5244 5242
f 5245 5247 5246
f 5247 5248 5246
f 5249 5251 5250
f 5251 5252 5250
f 5253 5255 5254
f 5255 5256 5254
f 5257 5259 5258
f 5259 5260 5258
f 5261 5263 5262
f 5263 5264 5262
f 5265 5267 5266
f 5267 5268 5266
f 5269 5271 5270
f 5271 5272 5270
f 5273 5275 5274
f 5275 5276 5274
f 5277 5279 5278
f 5279 5280 5278
f 5281 5283 5282
f 5283 5284 5282
f 5285 5287 5286
f 5287 5288 5286
f 5289 5291 5290
f 5291 5292 5290
f 5293 5295 5294
f 5295 5296 5294
f 5297 5299 5298
f 5299 5300 5298
f 5301 5303 5302
f 5303 5304 5302
f 5305 5307 5306
f 5307 5308 5306
f 5309 5311 5310
f 5311 5312 5310
f 5313 5315 5314
f 5315 5316 5314
f 5317 5319 5318
f 5319 5320 5318
f 5321 5323 5322
f 5323 5324 5322
f 5325 5327 5326
f 5327 5328 5326
f 5329 5331 5330
f 5331 5332 5330
f 5333 5335 5334
f 5335 5336 5334
f 5337 5339 5338
f 5339 5340 5338
f 5341 5343 5342
f 5343 5344 5342
f 5345 5347 5346
f 5347 5348 5346
f 5349 5351 5350
f 5351 5352 5350
f 5353 5355 5354
f 5355 5356 5354
f 5357 5359 5358
f 5359 5360 5358
f 5361 5363 5362
f 5363 5364 5362
f 5365 5367 5366
f 5367 5368 5366
f 5369 5371 5370
f 5371 5372 5370
f 5373 5375 5374
f 5375 5376 5374
f 5377 5379 5378
f 5379 5380 5378
f 5381 5383 5382
f 5383 5384 5382
f 5385 5387 5386
f 5387 5388 5386
f 5389 5391 5390
f 5391 5392 5390
f 5393 5395 5394
f 5395 5396 5394
f 5397 5399 5398
f 5399 5400 5398
f 5401 5403 5402
f 5403 5404 5402
f 5405 5407 5406
f 5407 5408 5406
f 5409 5411 5410
f 5411 5412 5410
f 5413 5415 5414
f 5415 5416 5414
f 5417 5419 5418
f 5419 5420 5418
f 5421 5423 5422
f 5423 5424 5422
f 5425 5427 5426
f 5427 5428 5426
f 5429 5431 5430
f 5431 5432 5430
f 5433 5435 5434
f 5435 5436 5434
f 5437 5439 5438
f 5439 5440 5438
f 5441 5443 5442
f 5443 5444 5442
f 5445 5447 5446
f 5447 5448 5446
f 5449 5451 5450
f 5451 5452 5450
f 5453 5455 5454
f 5455 5456 5454
f 5457 5459 5458
f 5459 5460 5458
f 5461 5463 5462
f 5463 5464 5462
f 5465 5467 5466
f 5467 5468 5466
f 5469 5471 5470
f 5471 5472 5470
f 5473 5475 5474
f 5475 5476 5474
f 5477 5479 5478
f 5479 5480 5478
f 5481 5483 5482
f 5483 5484 5482
f 5485 5487 5486
f 5487 5488 5486
f 5489 5491 5490
f 5491 5492 5490
f 5493 5495 5494
f 5495 5496 5494
f 5497 5499 5498
f 5499 5500 5498
f 5501 5503 5502
f 5503 5504 5502
f 5505 5507 5506
f 5507 5508 5506
f 5509 5511 5510
f 5511 5512 5510
f 5513 5515 5514
f 5515 5516 5514
f 5517 5519 5518
f 5519 5520 5518
f 5521 5523 5522
f 5523 5524 5522
f 5525 5527 5526
f 5527 5528 5526
f 5529 5531 5530
f 5531 5532 5530
f 5533 5535 5534
f 5535 5536 5534
f 5537 5539 5538
f 5539 5540 5538
f 5541 5543 5542
f 5543 5544 5542
f 5545 5547 5546
f 5547 5548 5546
f 5549 5551 5550
f 5551 5552 5550
f 5553 5555 5554
f 5555 5556 5554
f 5557 5559 5558
f 5559 5560 5558
f 5561 5563 5562
f 5563 5564 5562
f 5565 5567 5566
f 5567 5568 5566
f 5569 5571 5570
f 5571 5572 5570
f 5573 5575 5574
f 5575 5576 5574
f 5577 5579 5578
f 5579 5580 5578
f 5581 5583 5582
f 5583 5584 5582
f 5585 5587 5586
f 5587 5588 5586
f 5589 5591 5590
f 5591 5592 5590
f 5593 5595 5594
f 5595 5596 5594
f 5597 5599 5598
f 5599 5600 5598
f 5601 5603 5602
f 5603 5604 5602
f 5605 5607 5606
f 5607 5608 5606
f 5609 5611 5610
f 5611 5612 5610
f 5613 5615 5614
f 5615 5616 5614
f 5617 5619 5618
f 5619 5620 5618
f 5621 5623 5622
f 5623 5624 5622
f 5625 5627 5626
f 5627 5628 5626
f 5629 5631 5630
f 5631 5632 5630
f 5633 5635 5634
f 5635 5636 5634
f 5637 5639 5638
f 5639 5640 5638
f 5641 5643 5642
f 5643 5644 5642
f 5645 5647 5646
f 5647 5648 5646
f 5649 5651 5650
f 5651 5652 5650
f 5653 5655 5654
f 5655 5656 5654
f 5657 5659 5658
f 5659 5660 5658
f 5661 5663 5662
f 5663 5664 5662
f 5665 5667 5666
f 5667 5668 5666
f 5669 5671 5670
f 5671 5672 5670
f 5673 5675 5674
f 5675 5676 5674
f 5677 5679 5678
f 5679 5680 5678
f 5681 5683 5682
f 5683 5684 5682
f 5685 5687 5686
f 5687 5688 5686
f 5689 5691 5690
f 5691 5692 5690
f 5693 5695 5694
f 5695 5696 5694
f 5697 5699 5698
f 5699 5700 5698
f 5701 5703 5702
f 5703 5704 5702
f 5705 5707 5706
f 5707 5708 5706
f 5709 5711 5710
f 5711 5712 5710
f 5713 5715 5714
f 5715 5716 5714
f 5717 5719 5718
f 5719 5720 5718
f 5721 5723 5722
f 5723 5724 5722
f 5725 5727 5726
f 5727 5728 5726
f 5729 5731 5730
f 5731 5732 5730
f 5733 5735 5734
f 5735 5736 5734
f 5737 5739 5738
f 5739 5740 5738
f 5741 5743 5742
f 5743 5744 5742
f 5745 5747 5746
f 5747 5748 5746
f 5749 5751 5750
f 5751 5752 5750
f 5753 5755 5754
f 5755 5756 5754
f 5757 5759 5758
f 5759 5760 5758
f 5761 5763 5762
f 5763 5764 5762
f 5765 5767 5766
f 5767 5768 5766
f 5769 5771 5770
f 5771 5772 5770
f 5773 5775 5774
f 5775 5776 5774
f 5777 5779 5778
f 5779 5780 5778
f 5781 5783 5782
f 5783 5784 5782
f 5785 5787 5786
f 5787 5788 5786
f 5789 5791 5790
f 5791 5792 5790
f 5793 5795 5794
f 5795 5796 5794
f 5797 5799 5798
f 5799 5800 5798
f 5801 5803 5802
f 5803 5804 5802
f 5805 5807 5806
f 5807 5808 5806
f 5809 5811 5810
f 5811 5812 5810
f 5813 5815 5814
f 5815 5816 5814
f 5817 5819 5818
f 5819 5820 5818
f 5821 5823 5822
f 5823 5824 5822
f 5825 5827 5826
f 5827 5828 5826
f 5829 5831 5830
f 5831 5832 5830
f 5833 5835 5834
f 5835 5836 5834
f 5837 5839 5838
f 5839 5840 5838
f 5841 5843 5842
f 5843 5844 5842
f 5845 5847 5846
f 5847 5848 5846
f 5849 5851 5850
f 5851 5852 5850
f 5853 5855 5854
f 5855 5856 5854
f 5857 5859 5858
f 5859 5860 5858
f 5861 5863 5862
f 5863 5864 5862
f 5865 5867 5866
f 5867 5868 5866
f 5869 5871 5870
f 5871 5872 5870
f 5873 5875 5874
f 5875 5876 5874
f 5877 5879 5878
f 5879 5880 5878
f 5881 5883 5882
f 5883 5884 5882
f 5885 5887 5886
f 5887 5888 5886
f 5889 5891 5890
f 5891 5892 5890
f 5893 5895 5894
f 5895 5896 5894
f 5897 5899 5898
f 5899 5900 5898
f 5901 5903 5902
f 5903 5904 5902
f 5905 5907 5906
f 5907 5908 5906
f 5909 5911 5910
f 5911 5912 5910
f 5913 5915 5914
f 5915 5916 5914
f 5917 5919 5918
f 5919 5920 5918
f 5921 5923 5922
f 5923 5924 5922
f 5925 5927 5926
f 5927 5928 5926
f 5929 5931 5930
f 5931 5932 5930
f 5933 5935 5934
f 5935 5936 5934
f 5937 5939 5938
f 5939 5940 5938
f 5941 5943 5942
f 5943 5944 5942
f 5945 5947 5946
f 5947 5948 5946
f 5949 5951 5950
f 5951 5952 5950
f 5953 5955 5954
f 5955 5956 5954
f 5957 5959 5958
f 5959 5960 5958
f 5961 5963 5962
f 5963 5964 5962
f 5965 5967 5966
f 5967 5968 5966
f 5969 5971 5970
f 5971 5972 5970
f 5973 5975 5974
f 5975 5976 5974
f 5977 5979 5978
f 5979 5980 5978
f 5981 5983 5982
f 5983 5984 5982
f 5985 5987 5986
f 5987 5988 5986
f 5989 5991 5990
f 5991 5992 5990
f 5993 5995 5994
f 5995 5996 5994
f 5997 5999 5998
f 5999 6000 5998
f 6001 6003 6002
f 6003 6004 6002
f 6005 6007 6006
f 6007 6008 6006
f 6009 6011 6010
f 6011 6012 6010
f 6013 6015 6014
f 6015 6016 6014
f 6017 6019 6018
f 6019 6020 6018
f 6021 6023 6022
f 6023 6024 6022
f 6025 6027 6026
f 6027 6028 6026
f 6029 6031 6030
f 6031 6032 6030
f 6033 6035 6034
f 6035 6036 6034
f 6037 6039 6038
f 6039 6040 6038
f 6041 6043 6042
f 6043 6044 6042
f 6045 6047 6046
f 6047 6048 6046
f 6049 6051 6050
f 6051 6052 6050
f 6053 6055 6054
f 6055 6056 6054
f 6057 6059 6058
f 6059 6060 6058
f 6061 6063 6062
f 6063 6064 6062
f 6065 6067 6066
f 6067 6068 6066
f 6069 6071 6070
f 6071 6072 6070
f 6073 6075 6074
f 6075 6076 6074
f 6077 6079 6078
f 6079 6080 6078
f 6081 6083 6082
f 6083 6084 6082
f 6085 6087 6086
f 6087 6088 6086
f 6089 6091 6090
f 6091 6092 6090
f 6093 6095 6094
f 6095 6096 6094
f 6097 6099 6098
f 6099 6100 6098
f 6101 6103 6102
f 6103 6104 6102
f 6105 6107 6106
f 6107 6108 6106
f 6109 6111 6110
f 6111 6112 6110
f 6113 6115 6114
f 6115 6116 6114
f 6117 6119 6118
f 6119 6120 6118
f 6121 6123 6122
f 6123 6124 6122
f 6125 6127 6126
f 6127 6128 6126
f 6129 6131 6130
f 6131 6132 6130
f 6133 6135 6134
f 6135 6136 6134
f 6137 6139 6138
f 6139 6140 6138
f 6141 6143 6142
f 6143 6144 6142
f 6145 6147 6146
f 6147 6148 6146
f 6149 6151 6150
f 6151 6152 6150
f 6153 6155 6154
f 6155 6156 6154
f 6157 6159 6158
f 6159 6160 6158
f 6161 6163 6162
f 6163 6164 6162
f 6165 6167 6166
f 6167 6168 6166
f 6169 6171 6170
f 6171 6172 6170
f 6173 6175 6174
f 6175 6176 6174
f 6177 6179 6178
f 6179 6180 6178
f 6181 6183 6182
f 6183 6184 6182
f 6185 6187 6186
f 6187 6188 6186
f 6189 6191 6190
f 6191 6192 6190
f 6193 6195 6194
f 6195 6196 6194
f 6197 6199 6198
f 6199 6200 6198
f 6201 6203 6202
f 6203 6204 6202
f 6205 6207 6206
f 6207 6208 6206
f 6209 6211 6210
f 6211 6212 6210
f 6213 6215 6214
f 6215 6216 6214
f 6217 6219 6218
f 6219 6220 6218
f 6221 6223 6222
f 6223 6224 6222
f 6225 6227 6226
f 6227 6228 6226
f 6229 6231 6230
f 6231 6232 6230
f 6233 6235 6234
f 6235 6236 6234
f 6237 6239 6238
f 6239 6240 6238
f 6241 6243 6242
f 6243 6244 6242
f 6245 6247 6246
f 6247 6248 6246
f 6249 6251 6250
f 6251 6252 6250
f 6253 6255 6254
f 6255 6256 6254
f 6257 6259 6258
f 6259 6260 6258
f 6261 6263 6262
f 6263 6264 6262
f 6265 6267 6266
f 6267 6268 6266
f 6269 6271 6270
f 6271 6272 6270
f 6273 6275 6274
f 6275 6276 6274
f 6277 6279 6278
f 6279 6280 6278
f 6281 6283 6282
f 6283 6284 6282
f 6285 6287 6286
f 6287 6288 6286
f 6289 6291 6290
f 6291 6292 6290
f 6293 6295 6294
f 6295 6296 6294
f 6297 6299 6298
f 6299 6300 6298
f 6301 6303 6302
f 6303 6304 6302
f 6305 6307 6306
f 6307 6308 6306
f 6309 6311 6310
f 6311 6312 6310
f 6313 6315 6314
f 6315 6316 6314
f 6317 6319 6318
f 6319 6320 6318
f 6321 6323 6322
f 6323 6324 6322
f 6325 6327 6326
f 6327 6328 6326
f 6329 6331 6330
f 6331 6332 6330
f 6333 6335 6334
f 6335 6336 6334
f 6337 6339 6338
f 6339 6340 6338
f 6341 6343 6342
f 6343 6344 6342
f 6345 6347 6346
f 6347 6348 6346
f 6349 6351 6350
f 6351 6352 6350
f 6353 6355 6354
f 6355 6356 6354
f 6357 6359 6358
f 6359 6360 6358
f 6361 6363 6362
f 6363 6364 6362
f 6365 6367 6366
f 6367 6368 6366
f 6369 6371 6370
f 6371 6372 6370
f 6373 6375 6374
f 6375 6376 6374
f 6377 6379 6378
f 6379 6380 6378
f 6381 6383 6382
f 6383 6384 6382
f 6385 6387 6386
f 6387 6388 6386
f 6389 6391 6390
f 6391 6392 6390
f 6393 6395 6394
f 6395 6396 6394
f 6397 6399 6398
f 6399 6400 6398
f 6401 6403 6402
f 6403 6404 6402
f 6405 6407 6406
f 6407 6408 6406
f 6409 6411 6410
f 6411 6412 6410
f 6413 6415 6414
f 6415 6416 6414
f 6417 6419 6418
f 6419 6420 6418
f 6421 6423 6422
f 6423 6424 6422
f 6425 6427 6426
f 6427 6428 6426
f 6429 6431 6430
f 6431 6432 6430
f 6433 6435 6434
f 6435 6436 6434
f 6437 6439 6438
f 6439 6440 6438
f 6441 6443 6442
f 6443 6444 6442
f 6445 6447 6446
f 6447 6448 6446
f 6449 6451 6450
f 6451 6452 6450
f 6453 6455 6454
f 6455 6456 6454
f 6457 6459 6458
f 6459 6460 6458
f 6461 6463 6462
f 6463 6464 6462
f 6465 6467 6466
f 6467 6468 6466
f 6469 6471 6470
f 6471 6472 6470
f 6473 6475 6474
f 6475 6476 6474
f 6477 6479 6478
f 6479 6480 6478
f 6481 6483 6482
f 6483 6484 6482
f 6485 6487 6486
f 6487 6488 6486
f 6489 6491 6490
f 6491 6492 6490
f 6493 6495 6494
f 6495 6496 6494
f 6497 6499 6498
f 6499 6500 6498
f 6501 6503 6502
f 6503 6504 6502
f 6505 6507 6506
f 6507 6508 6506
f 6509 6511 6510
f 6511 6512 6510
f 6513 6515 6514
f 6515 6516 6514
f 6517 6519 6518
f 6519 6520 6518
f 6521 6523 6522
f 6523 6524 6522
f 6525 6527 6526
f 6527 6528 6526
f 6529 6531 6530
f 6531 6532 6530
f 6533 6535 6534
f 6535 6536 6534
f 6537 6539 6538
f 6539 6540 6538
f 6541 6543 6542
f 6543 6544 6542
f 6545 6547 6546
f 6547 6548 6546
f 6549 6551 6550
f 6551 6552 6550
f 6553 6555 6554
f 6555 6556 6554
f 6557 6559 6558
f 6559 6560 6558
f 6561 6563 6562
f 6563 6564 6562
f 6565 6567 6566
f 6567 6568 6566
f 6569 6571 6570
f 6571 6572 6570
f 6573 6575 6574
f 6575 6576 6574
f 6577 6579 6578
f 6579 6580 6578
f 6581 6583 6582
f 6583 6584 6582
f 6585 6587 6586
f 6587 6588 6586
f 6589 6591 6590
f 6591 6592 6590
f 6593 6595 6594
f 6595 6596 6594
f 6597 6599 6598
f 6599 6600 6598
f 6601 6603 6602
f 6603 6604 6602
f 6605 6607 6606
f 6607 6608 6606
f 6609 6611 6610
f 6611 6612 6610
f 6613 6615 6614
f 6615 6616 6614
f 6617 6619 6618
f 6619 6620 6618
f 6621 6623 6622
f 6623 6624 6622
f 6625 6627 6626
f 6627 6628 6626
f 6629 6631 6630
f 6631 6632 6630
f 6633 6635 6634
f 6635 6636 6634
f 6637 6639 6638
f 6639 6640 6638
f 6641 6643 6642
f 6643 6644 6642
f 6645 6647 6646
f 6647 6648 6646
f 6649 6651 6650
f 6651 6652 6650
f 6653 6655 6654
f 6655 6656 6654
f 6657 6659 6658
f 6659 6660 6658
f 6661 6663 6662
f 6663 6664 6662
f 6665 6667 6666
f 6667 6668 6666
f 6669 6671 6670
f 6671 6672 6670
f 6673 6675 6674
f 6675 6676 6674
f 6677 6679 6678
f 6679 6680 6678
f 6681 6683 6682
f 6683 6684 6682
f 6685 6687 6686
f 6687 6688 6686
f 6689 6691 6690
f 6691 6692 6690
f 6693 6695 6694
f 6695 6696 6694
f 6697 6699 6698
f 6699 6700 6698
f 6701 6703 6702
f 6703 6704 6702
f 6705 6707 6706
f 6707 6708 6706
f 6709 6711 6710
f 6711 6712 6710
f 6713 6715 6714
f 6715 6716 6714
f 6717 6719 6718
f 6719 6720 6718
f 6721 6723 6722
f 6723 6724 6722
f 6725 6727 6726
f 6727 6728 6726
f 6729 6731 6730
f 6731 6732 6730
f 6733 6735 6734
f 6735 6736 6734
f 6737 6739 6738
f 6739 6740 6738
f 6741 6743 6742
f 6743 6744 6742
f 6745 6747 6746
f 6747 6748 6746
f 6749 6751 6750
f 6751 6752 6750
f 6753 6755 6754
f 6755 6756 6754
f 6757 6759 6758
f 6759 6760 6758
f 6761 6763 6762
f 6763 6764 6762
f 6765 6767 6766
f 6767 6768 6766
f 6769 6771 6770
f 6771 6772 6770
f 6773 6775 6774
f 6775 6776 6774
f 6777 6779 6778
f 6779 6780 6778
f 6781 6783 6782
f 6783 6784 6782
f 6785 6787 6786
f 6787 6788 6786
f 6789 6791 6790
f 6791 6792 6790
f 6793 6795 6794
f 6795 6796 6794
f 6797 6799 6798
f 6799 6800 6798
f 6801 6803 6802
f 6803 6804 6802
f 6805 6807 6806
f 6807 6808 6806
f 6809 6811 6810
f 6811 6812 6810
f 6813 6815 6814
f 6815 6816 6814
f 6817 6819 6818
f 6819 6820 6818
f 6821 6823 6822
f 6823 6824 6822
f 6825 6827 6826
f 6827 6828 6826
f 6829 6831 6830
f 6831 6832 6830
f 6833 6835 6834
f 6835 6836 6834
f 6837 6839 6838
f 6839 6840 6838
f 6841 6843 6842
f 6843 6844 6842
f 6845 6847 6846
f 6847 6848 6846
f 6849 6851 6850
f 6851 6852 6850
f 6853 6855 6854
f 6855 6856 6854
f 6857 6859 6858
f 6859 6860 6858
f 6861 6863 6862
f 6863 6864 6862
f 6865 6867 6866
f 6867 6868 6866
f 6869 6871 6870
f 6871 6872 6870
f 6873 6875 6874
f 6875 6876 6874
f 6877 6879 6878
f 6879 6880 6878
f 6881 6883 6882
f 6883 6884 6882
f 6885 6887 6886
f 6887 6888 6886
f 6889 6891 6890
f 6891 6892 6890
f 6893 6895 6894
f 6895 6896 6894
f 6897 6899 6898
f 6899 6900 6898
f 6901 6903 6902
f 6903 6904 6902
f 6905 6907 6906
f 6907 6908 6906
f 6909 6911 6910
f 6911 6912 6910
f 6913 6915 6914
f 6915 6916 6914
f 6917 6919 6918
f 6919 6920 6918
f 6921 6923 6922
f 6923 6924 6922
f 6925 6927 6926
f 6927 6928 6926
f 6929 6931 6930
f 6931 6932 6930
f 6933 6935 6934
f 6935 6936 6934
f 6937 6939 6938
f 6939 6940 6938
f 6941 6943 6942
f 6943 6944 6942
f 6945 6947 6946
f 6947 6948 6946
f 6949 6951 6950
f 6951 6952 6950
f 6953 6955 6954
f 6955 6956 6954
f 6957 6959 6958
f 6959 6960 6958
f 6961 6963 6962
f 6963 6964 6962
f 6965 6967 6966
f 6967 6968 6966
f 6969 6971 6970
f 6971 6972 6970
f 6973 6975 6974
f 6975 6976 6974
f 6977 6979 6978
f 6979 6980 6978
f 6981 6983 6982
f 6983 6984 6982
f 6985 6987 6986
f 6987 6988 6986
f 6989 6991 6990
f 6991 6992 6990
f 6993 6995 6994
f 6995 6996 6994
f 6997 6999 6998
f 6999 7000 6998
f 7001 7003 7002
f 7003 7004 7002
f 7005 7007 7006
f 7007 7008 7006
f 7009 7011 7010
f 7011 7012 7010
f 7013 7015 7014
f 7015 7016 7014
f 7017 7019 7018
f 7019 7020 7018
f 7021 7023 7022
f 7023 7024 7022
f 7025 7027 7026
f 7027 7028 7026
f 7029 7031 7030
f 7031 7032 7030
f 7033 7035 7034
f 7035 7036 7034
f 7037 7039 7038
f 7039 7040 7038
f 7041 7043 7042
f 7043 7044 7042
f 7045 7047 7046
f 7047 7048 7046
f 7049 7051 7050
f 7051 7052 7050
f 7053 7055 7054
f 7055 7056 7054
f 7057 7059 7058
f 7059 7060 7058
f 7061 7063 7062
f 7063 7064 7062
f 7065 7067 7066
f 7067 7068 7066
f 7069 7071 7070
f 7071 7072 7070
f 7073 7075 7074
f 7075 7076 7074
f 7077 7079 7078
f 7079 7080 7078
f 7081 7083 7082
f 7083 7084 7082
f 7085 7087 7086
f 7087 7088 7086
f 7089 7091 7090
f 7091 7092 7090
f 7093 7095 7094
f 7095 7096 7094
f 7097 7099 7098
f 7099 7100 7098
f 7101 7103 7102
f 7103 7104 7102
f 7105 7107 7106
f 7107 7108 7106
f 7109 7111 7110
f 7111 7112 7110
f 7113 7115 7114
f 7115 7116 7114
f 7117 7119 7118
f 7119 7120 7118
f 7121 7123 7122
f 7123 7124 7122
f 7125 7127 7126
f 7127 7128 7126
f 7129 7131 7130
f 7131 7132 7130
f 7133 7135 7134
f 7135 7136 7134
f 7137 7139 7138
f 7139 7140 7138
f 7141 7143 7142
f 7143 7144 7142
f 7145 7147 7146
f 7147 7148 7146
f 7149 7151 7150
f 7151 7152 7150
f 7153 7155 7154
f 7155 7156 7154
f 7157 7159 7158
f 7159 7160 7158
f 7161 7163 7162
f 7163 7164 7162
f 7165 7167 7166
f 7167 7168 7166
f 7169 7171 7170
f 7171 7172 7170
f 7173 7175 7174
f 7175 7176 7174
f 7177 7179 7178
f 7179 7180 7178
f 7181 7183 7182
f 7183 7184 7182
f 7185 7187 7186
f 7187 7188 7186
f 7189 7191 7190
f 7191 7192 7190
f 7193 7195 7194
f 7195 7196 7194
f 7197 7199 7198
f 7199 7200 7198
f 7201 7203 7202
f 7203 7204 7202
f 7205 7207 7206
f 7207 7208 7206
f 7209 7211 7210
f 7211 7212 7210
f 7213 7215 7214
f 7215 7216 7214
f 7217 7219 7218
f 7219 7220 7218
f 7221 7223 7222
f 7223 7224 7222
f 7225 7227 7226
f 7227 7228 7226
f 7229 7231 7230
f 7231 7232 7230
f 7233 7235 7234
f 7235 7236 7234
f 7237 7239 7238
f 7239 7240 7238
f 7241 7243 7242
f 7243 7244 7242
f 7245 7247 7246
f 7247 7248 7246
f 7249 7251 7250
f 7251 7252 7250
f 7253 7255 7254
f 7255 7256 7254
f 7257 7259 7258
f 7259 7260 7258
f 7261 7263 7262
f 7263 7264 7262
f 7265 7267 7266
f 7267 7268 7266
f 7269 7271 7270
f 7271 7272 7270
f 7273 7275 7274
f 7275 7276 7274
f 7277 7279 7278
f 7279 7280 7278
f 7281 7283 7282
f 7283 7284 7282
f 7285 7287 7286
f 7287 7288 7286
f 7289 7291 7290
f 7291 7292 7290
f 7293 7295 7294
f 7295 7296 7294
f 7297 7299 7298
f 7299 7300 7298
f 7301 7303 7302
f 7303 7304 7302
f 7305 7307 7306
f 7307 7308 7306
f 7309 7311 7310
f 7311 7312 7310
f 7313 7315 7314
f 7315 7316 7314
f 7317 7319 7318
f 7319 7320 7318
f 7321 7323 7322
f 7323 7324 7322
f 7325 7327 7326
f 7327 7328 7326
f 7329 7331 7330
f 7331 7332 7330
f 7333 7335 7334
f 7335 7336 7334
f 7337 7339 7338
f 7339 7340 7338
f 7341 7343 7342
f 7343 7344 7342
f 7345 7347 7346
f 7347 7348 7346
f 7349 7351 7350
f 7351 7352 7350
f 7353 7355 7354
f 7355 7356 7354
f 7357 7359 7358
f 7359 7360 7358
f 7361 7363 7362
f 7363 7364 7362
f 7365 7367 7366
f 7367 7368 7366
f 7369 7371 7370
f 7371 7372 7370
f 7373 7375 7374
f 7375 7376 7374
f 7377 7379 7378
f 7379 7380 7378
f 7381 7383 7382
f 7383 7384 7382
f 7385 7387 7386
f 7387 7388 7386
f 7389 7391 7390
f 7391 7392 7390
f 7393 7395 7394
f 7395 7396 7394
f 7397 7399 7398
f 7399 7400 7398
f 7401 7403 7402
f 7403 7404 7402
f 7405 7407 7406
f 7407 7408 7406
f 7409 7411 7410
f 7411 7412 7410
f 7413 7415 7414
f 7415 7416 7414
f 7417 7419 7418
f 7419 7420 7418
f 7421 7423 7422
f 7423 7424 7422
f 7425 7427 7426
f 7427 7428 7426
f 7429 7431 7430
f 7431 7432 7430
f 7433 7435 7434
f 7435 7436 7434
f 7437 7439 7438
f 7439 7440 7438
f 7441 7443 7442
f 7443 7444 7442
f 7445 7447 7446
f 7447 7448 7446
f 7449 7451 7450
f 7451 7452 7450
f 7453 7455 7454
f 7455 7456 7454
f 7457 7459 7458
f 7459 7460 7458
f 7461 7463 7462
f 7463 7464 7462
f 7465 7467 7466
f 7467 7468 7466
f 7469 7471 7470
f 7471 7472 7470
f 7473 7475 7474
f 7475 7476 7474
f 7477 7479 7478
f 7479 7480 7478
f 7481 7483 7482
f 7483 7484 7482
f 7485 7487 7486
f 7487 7488 7486
f 7489 7491 7490
f 7491 7492 7490
f 7493 7495 7494
f 7495 7496 7494
f 7497 7499 7498
f 7499 7500 7498
f 7501 7503 7502
f 7503 7504 7502
f 7505 7507 7506
f 7507 7508 7506
f 7509 7511 7510
f 7511 7512 7510
f 7513 7515 7514
f 7515 7516 7514
f 7517 7519 7518
f 7519 7520 7518
f 7521 7523 7522
f 7523 7524 7522
f 7525 7527 7526
f 7527 7528 7526
f 7529 7531 7530
f 7531 7532 7530
f 7533 7535 7534
f 7535 7536 7534
f 7537 7539 7538
f 7539 7540 7538
f 7541 7543 7542
f 7543 7544 7542
f 7545 7547 7546
f 7547 7548 7546
f 7549 7551 7550
f 7551 7552 7550
f 7553 7555 7554
f 7555 7556 7554
f 7557 7559 7558
f 7559 7560 7558
f 7561 7563 7562
f 7563 7564 7562
f 7565 7567 7566
f 7567 7568 7566
f 7569 7571 7570
f 7571 7572 7570
f 7573 7575 7574
f 7575 7576 7574
f 7577 7579 7578
f 7579 7580 7578
f 7581 7583 7582
f 7583 7584 7582
f 7585 7587 7586
f 7587 7588 7586
f 7589 7591 7590
f 7591 7592 7590
f 7593 7595 7594
f 7595 7596 7594
f 7597 7599 7598
f 7599 7600 7598
f 7601 7603 7602
f 7603 7604 7602
f 7605 7607 7606
f 7607 7608 7606
f 7609 7611 7610
f 7611 7612 7610
f 7613 7615 7614
f 7615 7616 7614
f 7617 7619 7618
f 7619 7620 7618
f 7621 7623 7622
f 7623 7624 7622
f 7625 7627 7626
f 7627 7628 7626
f 7629 7631 7630
f 7631 7632 7630
f 7633 7635 7634
f 7635 7636 7634
f 7637 7639 7638
f 7639 7640 7638
f 7641 7643 7642
f 7643 7644 7642
f 7645 7647 7646
f 7647 7648 7646
f 7649 7651 7650
f 7651 7652 7650
f 7653 7655 7654
f 7655 7656 7654
f 7657 7659 7658
f 7659 7660 7658
f 7661 7663 7662
f 7663 7664 7662
f 7665 7667 7666
f 7667 7668 7666
f 7669 7671 7670
f 7671 7672 7670
f 7673 7675 7674
f 7675 7676 7674
f 7677 7679 7678
f 7679 7680 7678
f 7681 7683 7682
f 7683 7684 7682
f 7685 7687 7686
f 7687 7688 7686
f 7689 7691 7690
f 7691 7692 7690
f 7693 7695 7694
f 7695 7696 7694
f 7697 7699 7698
f 7699 7700 7698
f 7701 7703 7702
f 7703 7704 7702
f 7705 7707 7706
f 7707 7708 7706
f 7709 7711 7710
f 7711 7712 7710
f 7713 7715 7714
f 7715 7716 7714
f 7717 7719 7718
f 7719 7720 7718
f 7721 7723 7722
f 7723 7724 7722
f 7725 7727 7726
f 7727 7728 7726
f 7729 7731 7730
f 7731 7732 7730
f 7733 7735 7734
f 7735 7736 7734
f 7737 7739 7738
f 7739 7740 7738
f 7741 7743 7742
f 7743 7744 7742
f 7745 7747 7746
f 7747 7748 7746
f 7749 7751 7750
f 7751 7752 7750
f 7753 7755 7754
f 7755 7756 7754
f 7757 7759 7758
f 7759 7760 7758
f 7761 7763 7762
f 7763 7764 7762
f 7765 7767 7766
f 7767 7768 7766
f 7769 7771 7770
f 7771 7772 7770
f 7773 7775 7774
f 7775 7776 7774
f 7777 7779 7778
f 7779 7780 7778
f 7781 7783 7782
f 7783 7784 7782
f 7785 7787 7786
f 7787 7788 7786
f 7789 7791 7790
f 7791 7792 7790
f 7793 7795 7794
f 7795 7796 7794
f 7797 7799 7798
f 7799 7800 7798

